time,R_roi,G_roi,B_roi,S_mean,B_R_ratio,contrast,PM25,T2M,D2M,RH,U10,V10,SP,TP,BLH,TCC,CBH,WS10,GP_500,GP_850,T_500,T_850,U_500,U_850,V_500,V_850,temperature_mean,wind_direction_mean,relative_humidity_mean,wind_speed_mean,wind_gust_max,hour,day,weekday,month,hour_sin,hour_cos,is_daytime,wind_dir_sin,wind_dir_cos
2026-03-01 03:00:00,86.92731732243229,103.46719468574348,122.42210526315787,0.2900216703749843,1.408327182130107,19.237125471357352,30.829412,282.7173,281.67267,93.2005128266994,-0.7163391,0.23466492,100841.195,1.9073486e-06,39.850513,0.81347656,396.53946,0.7537966110745102,55338.402,15095.711,249.70064,275.30075,9.322769,-0.27830505,9.539322,0.77937317,11.6,73.0,76.2,0.7,2.2,3,1,6,3,0.7071067811865475,0.7071067811865476,0,0.9563047559630354,0.29237170472273677
2026-03-01 04:00:00,86.5765457332652,103.94581502299438,123.10278487480838,0.2957339085648866,1.4218952998215248,14.599862337535772,33.40903,282.7107,281.8022,94.06250078370996,-1.0957794,0.17622375,100856.266,5.2452087e-06,47.587524,0.9651489,252.46167,1.1098591367954866,55323.098,15091.621,249.47983,275.04828,9.351929,-0.9198761,9.568161,0.44003296,11.3,84.0,81.4,1.3,3.1,4,1,6,3,0.8660254037844386,0.5000000000000001,0,0.9945218953682733,0.10452846326765346
2026-03-01 05:00:00,88.3017271333674,103.31848748083802,121.7608175779254,0.273551853851018,1.378917719413404,13.72578278411384,45.526115,282.703,281.8379,94.3385637444849,-1.4004059,-0.13841248,100861.08,6.67572e-06,65.21486,0.98999023,72.347595,1.407229440913798,55307.85,15081.527,249.28171,274.86044,9.384903,-1.3813629,9.57193,0.11164856,10.9,74.0,86.8,1.1,2.6,5,1,6,3,0.9659258262890683,0.25881904510252074,0,0.9612616959383189,0.27563735581699916
2026-03-01 06:00:00,97.63492079713848,127.31136944302504,157.80347470618293,0.3817188850861511,1.6162605735892328,17.681083686880374,45.983295,282.62634,281.76056,94.33088037487468,-1.6480255,-0.39463806,100899.97,2.861023e-06,96.78597,0.97717285,41.13127,1.6946171387811506,55315.043,15100.91,249.12534,274.77585,8.750961,-1.6464081,9.686996,-0.082336426,10.7,72.0,89.3,1.6,3.3,6,1,6,3,1.0,6.123233995736766e-17,1,0.9510565162951535,0.30901699437494745
2026-03-01 07:00:00,112.16365355135412,144.06316811446092,172.77582524271844,0.3528730325596741,1.5403904761645677,21.162996067664544,47.228165,282.59164,281.74936,94.47945394214888,-2.114334,-0.58273315,100929.11,1.1444092e-05,135.63661,0.9284668,146.68822,2.1931680710025216,55303.965,15117.297,248.99924,274.8416,8.000458,-1.7640991,10.09436,0.22846985,10.3,87.0,93.2,2.2,4.2,7,1,6,3,0.9659258262890683,-0.25881904510252063,1,0.9986295347545738,0.052335956242943966
2026-03-01 08:00:00,109.87636177823198,141.50792539601431,170.27402146142057,0.3562433957239517,1.5496874592135133,16.778180515728177,52.1715,282.77997,281.8189,93.73199335894196,-2.209015,-0.41531372,100997.36,4.2915344e-06,199.91359,0.9992981,139.22426,2.2477172322703844,55325.67,15166.453,248.94133,274.8871,7.39859,-1.83255,10.542572,0.7056122,10.0,104.0,97.4,2.0,4.3,8,1,6,3,0.8660254037844387,-0.49999999999999983,1,0.9702957262759965,-0.24192189559966779
2026-03-01 09:00:00,109.48807358201329,141.2661216147164,169.47977005620848,0.3558732672491643,1.5479290388768114,21.982301331122663,54.74085,282.811,281.69257,92.7411604075966,-2.5764923,-0.17929077,101014.69,5.722046e-06,268.47574,0.9945679,197.48627,2.582722933681908,55316.99,15178.664,249.00662,274.91394,7.230362,-2.0365295,11.188309,1.1477661,10.0,85.0,99.3,2.0,3.8,9,1,6,3,0.7071067811865476,-0.7071067811865475,1,0.9961946980917455,0.08715574274765814
2026-03-01 10:00:00,113.12785896780788,143.6703628002044,170.07870720490547,0.3413742545940663,1.5034201765445203,34.43680268590597,46.948944,283.44806,281.8797,90.00281952272996,-2.516327,0.35028076,101048.92,2.7656555e-05,256.6872,1.0,310.7506,2.5405901247063007,55341.11,15195.609,249.18973,275.08585,8.886368,-0.4459381,11.102661,2.2855682,10.1,80.0,99.3,2.6,5.6,10,1,6,3,0.49999999999999994,-0.8660254037844387,1,0.984807753012208,0.17364817766693041
2026-03-01 11:00:00,122.17587123147676,152.1560143076137,178.4802401635156,0.3259685969090706,1.460846866927731,41.22807201828255,49.51665,283.7862,281.97794,88.58289492197683,-2.4837189,0.348114,101058.1,3.1471252e-05,280.9931,1.0,360.76483,2.507995799680137,55348.996,15208.922,249.31438,275.1754,8.796646,0.041275024,11.122299,2.7915955,10.7,85.0,93.8,2.4,5.2,11,1,6,3,0.258819045102521,-0.9659258262890682,1,0.9961946980917455,0.08715574274765814
2026-03-01 12:00:00,117.91768012263668,146.92833418497702,171.65709759836486,0.3258147964004491,1.4557367136471937,41.548927358233904,36.697163,284.13446,282.06512,87.06659621861576,-2.8464203,0.43870544,101014.17,2.7179718e-05,329.6452,0.98739624,444.98618,2.8800296851486937,55317.055,15181.117,249.2634,275.3391,8.054901,0.17492676,11.063492,2.684967,11.0,75.0,90.3,2.7,5.5,12,1,6,3,1.2246467991473532e-16,-1.0,1,0.9659258262890683,0.25881904510252074
2026-03-01 13:00:00,120.21029126213593,150.3202401635156,173.4946090955544,0.3417447592751523,1.4432591904628629,56.5551407978651,30.705128,284.68933,282.08633,84.04486964173707,-2.9384155,0.30940247,100958.516,4.1007996e-05,404.7103,0.9992981,512.7562,2.9546599701289407,55267.742,15140.699,249.17758,275.3308,7.346695,-0.2745819,10.862854,2.4675293,11.6,87.0,86.0,2.3,4.9,13,1,6,3,-0.2588190451025208,-0.9659258262890683,1,0.9986295347545738,0.052335956242943966
2026-03-01 14:00:00,108.66019417475728,138.78523249872254,162.59161471640266,0.3743614664303004,1.4963309651239622,55.25416130689902,41.791103,285.00455,282.3261,83.65519559332624,-2.918396,0.28897095,100932.664,1.7166138e-05,459.2518,0.98999023,616.79126,2.932667629098105,55242.477,15123.242,249.18501,275.37698,7.0071716,-0.55851746,10.62439,2.626831,11.8,93.0,83.5,2.2,4.9,14,1,6,3,-0.4999999999999998,-0.8660254037844388,1,0.9986295347545738,-0.05233595624294384
2026-03-01 15:00:00,71.67479305058764,98.26325498211548,121.91752171691364,0.421169148124045,1.7009818211806091,27.956450575074523,34.493423,285.09003,282.5307,84.33828514381067,-2.664215,0.46720886,100929.31,7.6293945e-06,499.39517,1.0,544.8778,2.704870733526373,55222.152,15123.129,249.05223,275.4248,6.7233734,-0.4008484,10.0421295,2.6554108,12.2,91.0,80.6,1.8,4.1,15,1,6,3,-0.7071067811865471,-0.7071067811865479,1,0.9998476951563913,-0.017452406437283477
2026-03-01 16:00:00,76.76610117526826,104.73450178845172,131.2964844149208,0.4211015303027364,1.7103445491494629,23.83393883047367,36.43752,284.94525,282.32605,83.98269391872181,-2.4237213,0.67626953,100905.81,5.722046e-06,458.6569,0.9880676,532.2622,2.5162999458093447,55178.668,15102.441,248.9427,275.37598,6.35585,-0.29656982,8.948166,2.5110016,12.3,97.0,79.9,1.6,3.4,16,1,6,3,-0.8660254037844384,-0.5000000000000004,1,0.9925461516413221,-0.12186934340514737
2026-03-01 17:00:00,100.23505365355136,133.56745017884518,166.4838170669392,0.403076033082577,1.6609340678504896,37.88039553456856,30.504715,284.65192,282.17212,84.74186224689495,-1.7467041,0.4237671,100920.55,6.67572e-06,345.77844,0.99664307,462.1175,1.7973741313369402,55161.94,15109.113,248.9251,275.20758,5.894516,-0.47914124,7.3248596,2.3727417,12.3,99.0,80.9,1.9,3.6,17,1,6,3,-0.9659258262890683,-0.25881904510252063,1,0.9876883405951378,-0.1564344650402308
2026-03-01 18:00:00,82.7786050076648,103.163331630046,124.81724578436382,0.3457587640986989,1.5078442583679956,32.8944736691838,35.936275,284.34473,282.26373,87.01823742729124,-1.7753601,0.22834778,100935.24,7.1525574e-06,260.6409,0.9840393,391.3224,1.789984970133252,55137.703,15114.359,248.92421,274.9123,5.037903,-0.56126404,5.744034,2.3925476,12.0,75.0,83.5,1.6,3.5,18,1,6,3,-1.0,-1.8369701987210297e-16,1,0.9659258262890683,0.25881904510252074
2026-03-01 19:00:00,83.97060296371998,102.94287174246296,125.610756259581,0.3414092459537539,1.495889636733492,33.363879668416324,35.706882,284.08865,282.1397,87.77228991858662,-1.8518066,-0.19438171,100971.06,1.001358e-05,213.53156,0.98999023,557.9088,1.8619806478548817,55131.773,15137.828,248.71083,274.60083,4.05571,-0.6079407,4.756912,2.6046295,11.8,54.0,84.9,1.3,2.7,19,1,6,3,-0.9659258262890684,0.2588190451025203,0,0.8090169943749475,0.5877852522924731
2026-03-01 20:00:00,88.33043433827287,108.84453755748596,141.98027593254983,0.3804544101962778,1.6073766124758464,35.01025799065034,53.832523,283.8349,282.11432,89.11268359267449,-1.8465271,-0.34017944,101000.66,0.00018548965,190.64543,0.9611206,1178.1947,1.8776006983469953,55120.4,15156.098,248.34738,274.28467,3.4080505,-0.20310974,4.3727264,2.8565521,11.7,74.0,84.5,1.9,3.7,20,1,6,3,-0.8660254037844386,0.5000000000000001,0,0.9612616959383189,0.27563735581699916
2026-03-01 21:00:00,87.66614205416454,103.14202350536536,128.6595298926929,0.3221125346034006,1.4676079659761077,24.90875007346542,43.49499,283.69547,281.66534,87.25597392418935,-1.9797974,-0.40957642,101030.9,0.00020265579,186.73602,0.8161621,1265.1887,2.021719710757843,55124.42,15175.523,247.99815,274.18427,3.3385925,0.14971924,4.21257,2.8430786,11.5,77.0,85.8,1.6,3.6,21,1,6,3,-0.7071067811865477,0.7071067811865474,0,0.9743700647852352,0.22495105434386492
2026-03-01 22:00:00,90.4367296882984,107.66044455799694,131.5825907000511,0.3155179533963063,1.4549684591492706,23.81845651267563,47.779373,283.34534,281.6353,89.136394353742,-1.7091675,-0.4368286,101012.055,0.00017929077,76.62172,0.95700073,1258.6592,1.7641067906547525,55085.49,15196.801,247.63956,274.16885,4.417282,0.077819824,5.5335083,2.5420837,11.2,79.0,87.3,1.8,3.9,22,1,6,3,-0.5000000000000004,0.8660254037844384,0,0.981627183447664,0.19080899537654492
2026-03-03 03:00:00,84.34196729688298,98.3256974961676,119.3176954522228,0.2997897667786374,1.4146894821356977,24.782217543977737,36.88786,282.31757,280.01376,85.50673196973648,-1.0285034,-0.99842834,101104.09,4.4345856e-05,26.307983,0.40344238,283.4019,1.4334149412946398,55171.746,15233.457,248.8448,274.4214,12.305313,1.7836761,-3.886383,1.1810303,10.5,346.0,89.8,1.3666666666666667,1.3,3,3,1,3,0.7071067811865475,0.7071067811865476,0,-0.24192189559966787,0.9702957262759965
2026-03-03 04:00:00,84.49674501788452,100.43779764946346,121.10865610628512,0.3081778460453107,1.4332937280289038,24.74391377357548,41.105724,281.79294,279.64304,86.3607486137966,-0.44056702,-0.08894348,101146.65,0.00011539459,16.255644,0.48660278,356.12262,0.4494554947335618,55200.664,15261.543,248.77457,274.36066,11.759171,1.8430939,-4.52861,0.52841187,10.1,329.0,92.8,0.9333333333333333,1.7,4,3,1,3,0.8660254037844386,0.5000000000000001,0,-0.5150380749100545,0.8571673007021121
2026-03-03 05:00:00,86.156668369954,102.55843127235563,123.83253449156872,0.3102541107049792,1.4372948188124095,25.39031379051134,39.34491,281.1037,278.976,86.42343687753308,0.685318,-0.20852661,101144.3,9.393692e-05,19.217321,0.576416,336.7448,0.7163407765875764,55207.523,15253.816,248.74742,274.4066,11.549179,1.7662048,-4.994919,-0.2028656,9.5,317.0,95.9,0.5,1.1,5,3,1,3,0.9659258262890683,0.25881904510252074,0,-0.6819983600624984,0.7313537016191707
2026-03-03 06:00:00,107.79126213592232,140.79875319366377,171.63532447623913,0.3764639316134052,1.5922934705738712,29.47546148205942,39.375263,280.96854,278.5115,84.45912710839593,0.26887512,-0.6721344,101167.484,0.00010061264,18.710062,0.7351074,226.13002,0.7239188364853995,55234.844,15270.75,248.7447,274.49945,11.212631,1.2411346,-5.3977966,-0.7690735,9.5,354.0,95.1,0.5,1.2,6,3,1,3,1.0,6.123233995736766e-17,1,-0.10452846326765342,0.9945218953682733
2026-03-03 07:00:00,117.44938170669391,145.0461522738886,168.68350536535513,0.3129367013485898,1.4362230049910785,31.377433828632988,38.800594,280.9949,278.94757,86.89439220136273,0.09043884,-0.6675873,101189.95,3.9100647e-05,19.885962,0.5627136,255.21832,0.6736853767908545,55258.227,15286.781,248.7414,274.53918,10.836639,0.7200928,-5.4254913,-0.9139404,9.3,328.0,94.7,0.45,1.2,7,3,1,3,0.9659258262890683,-0.25881904510252063,1,-0.529919264233205,0.8480480961564258
2026-03-03 08:00:00,127.92661216147164,157.35336228921818,180.96433827286663,0.3092380708150911,1.4145949290821112,38.161163416495015,42.21855,283.01178,280.4687,84.19378578252429,-0.20283508,-0.21141052,101218.2,1.9073486e-06,89.56562,0.63150024,309.69012,0.2929786300146766,55299.37,15309.125,248.7631,274.6879,10.824799,0.33499146,-4.92894,-0.6606293,10.4,352.0,88.7,0.4,1.0,8,3,1,3,0.8660254037844387,-0.49999999999999983,1,-0.13917310096006588,0.9902680687415703
2026-03-03 09:00:00,131.23301992846194,161.9392590700051,185.60518650996423,0.3101195325854993,1.414317716660213,40.5041747707796,42.040386,284.85138,281.94394,82.35467010702564,-0.41653442,0.40829468,101246.125,0.0,306.0078,0.4890747,433.73688,0.5832713508831364,55345.477,15334.543,248.88942,274.8231,10.916672,0.2157135,-4.053238,-0.32911682,11.4,67.0,82.2,0.4666666666666667,1.2,9,3,1,3,0.7071067811865476,-0.7071067811865475,1,0.9205048534524404,0.3907311284892737
2026-03-03 10:00:00,133.1161369443025,160.8522841083291,182.41981093510475,0.2938224290818248,1.370380885084208,45.76394344289924,55.801586,285.3745,281.47894,77.10047760910764,-0.75315857,0.86746216,101236.74,6.866455e-05,388.85858,0.522522,506.1194,1.1487986901961154,55365.9,15354.867,248.49225,275.16638,11.267395,0.94970703,-3.729538,1.127945,12.5,143.0,76.9,0.5333333333333333,2.6,10,3,1,3,0.49999999999999994,-0.8660254037844387,1,0.6018150231520482,-0.7986355100472929
2026-03-03 11:00:00,115.4776392437404,146.38006131834442,171.72472662238118,0.3464059443868672,1.487082055538364,40.375823802987334,36.520554,288.77527,283.20038,69.43503203821652,-0.8482666,0.74324036,101221.63,0.00010204315,426.6448,0.54122925,714.5189,1.1278131305355907,55405.95,15360.008,248.66579,274.9934,11.385162,1.4678802,-3.5106354,0.84606934,12.9,208.0,74.2,0.6,2.7,11,3,1,3,0.258819045102521,-0.9659258262890682,1,-0.46947156278589086,-0.8829475928589269
2026-03-03 12:00:00,129.6919264179867,159.1993817066939,183.4011803781298,0.3102755793827746,1.4141294992636084,44.15587108806793,36.21797,288.98547,282.34897,64.70353443063152,-0.6326599,0.5993042,101199.09,7.343292e-05,579.7104,0.5133667,823.4252,0.8714494094355966,55410.824,15364.254,248.92354,275.1056,10.908386,2.7580109,-3.3441925,0.37086487,14.4,158.0,66.0,0.8,3.2,12,3,1,3,1.2246467991473532e-16,-1.0,1,0.37460659341591224,-0.9271838545667873
2026-03-03 13:00:00,99.58106285130302,130.13317833418498,156.26531425651507,0.3761245768654538,1.569227202571911,35.373772643926046,37.439793,289.1101,281.88623,62.2178449865579,-0.6515808,0.470932,101123.83,4.5776367e-05,712.4572,0.6208496,871.4576,0.803949306581354,55391.12,15318.195,248.90968,275.30212,10.275848,2.5344696,-3.722412,0.28530884,14.8,193.0,64.7,0.9,3.6,13,3,1,3,-0.2588190451025208,-0.9659258262890683,1,-0.22495105434386498,-0.9743700647852352
2026-03-03 14:00:00,117.77853346959633,147.14554931016863,169.94542667347983,0.3388649395972328,1.4429235975707442,51.34985358349128,44.439285,289.16003,281.85596,61.89308124852479,-0.7689972,0.22254944,101072.77,2.7656555e-05,758.4968,0.44158936,942.4362,0.8005529007205917,55387.2,15291.191,249.01195,275.48642,10.136536,1.7657013,-4.1723022,-0.22486877,15.6,173.0,60.2,0.9,3.8,14,3,1,3,-0.4999999999999998,-0.8660254037844388,1,0.12186934340514755,-0.992546151641322
2026-03-03 15:00:00,90.18494634644864,116.32602452733776,137.85978027593254,0.374083899571445,1.5286340385201906,42.374540046057184,37.522778,289.1456,281.87164,62.01580634795146,-0.63705444,0.621933,101030.445,3.0040741e-05,655.12646,0.19128418,1019.97455,0.8903027664860497,55371.14,15265.891,249.13947,275.4448,10.096893,1.2184143,-4.4513245,-0.45140076,16.5,189.0,55.9,1.0,5.1,15,3,1,3,-0.7071067811865471,-0.7071067811865479,1,-0.15643446504023073,-0.9876883405951378
2026-03-03 16:00:00,80.47283086356668,109.26185487991825,137.07834951456312,0.4359416604144034,1.7034115283399645,37.902489003426794,28.243483,288.6041,281.72327,63.560849108374974,-0.57247925,1.2481995,101028.05,3.8146973e-06,274.93097,0.23529053,1098.612,1.3732204788309894,55377.12,15270.773,249.1815,276.13223,10.134689,0.5276489,-4.2961884,-0.5764923,15.6,196.0,58.0,1.2,4.1,16,3,1,3,-0.8660254037844384,-0.5000000000000004,1,-0.275637355816999,-0.9612616959383189
2026-03-03 17:00:00,86.38644353602453,124.54397547266224,163.20315789473685,0.4854505384492154,1.889221842284278,37.92777685070037,24.450586,286.8083,282.84064,76.95299866319054,-0.6804199,1.4080505,101053.42,0.0,123.57883,0.25457764,1161.2357,1.563834214636021,55395.53,15286.027,249.1902,275.86548,10.288467,-0.06163025,-3.6773682,-0.64637756,14.8,201.0,62.1,1.3,3.3,17,3,1,3,-0.9659258262890683,-0.25881904510252063,1,-0.35836794954530043,-0.9335804264972016
2026-03-03 18:00:00,83.42400613183445,102.9672866632601,122.04121614716402,0.331950040007788,1.462902830288445,34.635004322646544,26.642273,284.79968,281.49078,80.1408521825264,-0.97190857,1.1644897,101075.67,0.0,68.066345,0.2347107,1922.2693,1.51678690983458,55414.656,15294.84,249.21912,275.78995,10.6262665,-0.6998596,-3.1711884,-0.34414673,13.8,199.0,66.4,1.4,3.1,18,3,1,3,-1.0,-1.8369701987210297e-16,1,-0.32556815445715676,-0.9455185755993167
2026-03-03 19:00:00,81.5755442003066,101.5526520183955,123.64038834951457,0.3519838226814163,1.5156550660607768,33.37450798530497,34.27865,283.16885,280.91486,85.8880673855208,-1.5738373,0.36260986,101137.53,0.0,49.59504,0.21478271,768.3188,1.6150695828479062,55447.207,15333.359,249.23293,275.7237,10.689194,-0.63679504,-3.0805817,0.35151672,13.2,165.0,71.1,0.7,2.9,19,3,1,3,-0.9659258262890684,0.2588190451025203,0,0.258819045102521,-0.9659258262890682
2026-03-03 20:00:00,81.5916351558508,100.71829330608074,122.65362289218191,0.3449516270785644,1.5032622051835964,31.461690824872644,29.505129,282.5435,280.5407,87.30963233556572,-1.8140564,-0.04034424,101178.42,0.0,54.617073,0.2854309,662.87415,1.814504968326661,55452.254,15353.398,249.192,275.59634,10.429077,-0.18080139,-3.0351715,0.86442566,12.6,145.0,74.0,0.55,2.3,20,3,1,3,-0.8660254037844386,0.5000000000000001,0,0.5735764363510459,-0.8191520442889919
2026-03-03 21:00:00,85.09628002043945,104.02745017884516,127.0443331630046,0.3379048428358552,1.4929481246364875,29.839760556224476,38.20701,282.06845,280.28253,88.57089147357247,-1.7936707,-0.3558197,101221.01,0.0,63.486675,0.4390869,621.16943,1.828623044519176,55468.19,15377.551,249.12439,275.46222,10.17337,0.31951904,-2.7789764,1.068039,12.2,79.0,76.6,0.4,1.0,21,3,1,3,-0.7071067811865477,0.7071067811865474,0,0.981627183447664,0.19080899537654492
2026-03-03 22:00:00,86.76598875830352,105.3073939703628,129.77352580480326,0.3377835000989675,1.4956727418923257,29.119225152459407,37.72245,282.58405,280.6264,87.58299215851922,-2.1104279,-0.19078064,101198.34,4.7683716e-07,84.30472,0.59243774,600.96924,2.1190335470910364,55467.07,15370.715,248.92705,275.4997,11.090515,2.0290985,-3.5813751,1.646286,12.0,58.0,78.2,0.3666666666666667,1.2,22,3,1,3,-0.5000000000000004,0.8660254037844384,0,0.848048096156426,0.5299192642332049
2026-03-04 03:00:00,83.8252120592744,99.7199693408278,120.57579458354624,0.3033948571190995,1.4384191841932428,16.917525431333093,40.82727,280.7835,279.16617,89.49669218908039,-1.0162354,-0.95225525,101157.13,4.7683716e-07,37.950806,0.7382202,434.82153,1.3926681045266034,55427.105,15298.328,249.05899,274.82825,10.19725,0.7706604,-2.1240845,0.82406616,10.2,37.0,87.0,0.3333333333333333,1.2,3,4,2,3,0.7071067811865475,0.7071067811865476,0,0.6018150231520483,0.7986355100472928
2026-03-04 04:00:00,88.61391926417987,103.33206949412366,125.64497700562085,0.2958399872645385,1.4178920945043656,20.816029313479696,43.951904,280.57693,278.97797,89.59401836020604,-0.99458313,-0.24273682,101140.66,4.7683716e-07,28.107906,0.19210815,178.84036,1.023775740220635,55413.33,15276.988,249.08246,274.9478,9.613922,0.5904846,-2.5009613,0.97813416,9.7,344.0,89.3,0.3,1.6,4,4,2,3,0.8660254037844386,0.5000000000000001,0,-0.27563735581699894,0.9612616959383189
2026-03-04 05:00:00,89.65380173735309,102.7308635666837,124.04949412365866,0.2793017374073352,1.383650111162268,21.435269028604132,37.53336,280.12042,278.66956,90.48282902801442,-1.0180511,-0.047958374,101126.41,0.0,27.466356,0.22735596,198.4037,1.0191800860730815,55408.25,15261.68,249.11113,275.16776,8.908218,0.5454407,-2.4075928,0.7924652,9.3,86.0,90.9,0.4,0.9,5,4,2,3,0.9659258262890683,0.25881904510252074,0,0.9975640502598242,0.06975647374412523
2026-03-04 06:00:00,110.89237097598364,142.7898007153807,173.39324476239142,0.3651896232255269,1.563617421764085,30.65639527105085,44.1042,280.05728,278.60623,90.47705081344228,-1.0028839,-0.047943115,101157.53,0.0,27.798416,0.23782349,111.86107,1.0040292123016707,55431.19,15281.609,249.14757,275.14423,8.435242,0.35185242,-2.2783356,0.286438,9.2,6.0,91.7,0.5,1.6,6,4,2,3,1.0,6.123233995736766e-17,1,0.10452846326765347,0.9945218953682733
2026-03-04 07:00:00,109.90902401635157,141.65453244762392,172.6816044966786,0.3681743624715702,1.571132165634152,29.952983840343705,42.36564,280.55756,278.77582,88.46604231608802,-0.71810913,-0.37669373,101176.125,0.0,29.494919,0.2616577,555.04297,0.8109123804768736,55432.086,15288.574,249.2033,275.00403,7.9765167,-0.13954163,-2.4356995,0.41560364,9.5,57.0,89.9,0.6,1.2,7,4,2,3,0.9659258262890683,-0.25881904510252063,1,0.838670567945424,0.5446390350150271
2026-03-04 08:00:00,106.74202350536537,137.40671946857435,164.51614205416453,0.3550927094184814,1.541249969883185,27.33988981367849,48.26243,281.73727,279.18915,84.01681002076356,-0.8699188,-0.04437256,101236.37,9.536743e-07,237.4377,0.3692932,562.41974,0.8710497360509293,55477.996,15335.461,249.25217,274.99133,7.4960175,-0.117630005,-2.4893188,1.0082092,11.2,72.0,83.4,0.7,1.8,8,4,2,3,0.8660254037844387,-0.49999999999999983,1,0.9510565162951535,0.30901699437494745
2026-03-04 09:00:00,114.89914154317832,145.86450689831375,171.99058763413387,0.3376239654097862,1.4968831257335184,31.18396286497003,57.0146,283.32043,279.70654,78.2750642585447,-0.9214325,0.06915283,101246.5,0.0,355.4194,0.46850586,611.4551,0.9240237907939702,55498.883,15353.8125,249.30132,275.06287,7.0594482,0.19667053,-2.538269,1.5762634,11.9,81.0,78.7,1.1,2.4,9,4,2,3,0.7071067811865476,-0.7071067811865475,1,0.9876883405951378,0.15643446504023092
2026-03-04 10:00:00,110.30227899846705,140.64836995401123,167.03872253449157,0.3453205036417849,1.5143723460368457,31.4188870301171,52.847588,285.02094,280.0418,71.55000429703054,-0.26522827,-0.35984802,101231.6,2.9563904e-05,545.39557,0.7555237,734.90106,0.4470309079975491,55531.883,15348.516,249.26482,274.9291,5.910614,1.6451111,-2.0259247,2.690567,12.7,60.0,72.8,0.6,2.1,10,4,2,3,0.49999999999999994,-0.8660254037844387,1,0.8660254037844386,0.5000000000000001
2026-03-04 11:00:00,108.2426366888094,138.73069494123658,164.98521716913643,0.348235374386791,1.5242165258708706,29.245682439931397,48.84201,286.86548,280.60226,65.89231701506537,0.2928772,0.05055237,101210.805,6.198883e-06,591.3324,0.8048401,818.14056,0.2972080018984295,55559.7,15363.168,249.32344,275.14563,6.046463,2.3740997,-1.9833069,2.297638,13.6,26.0,68.0,0.6,2.2,11,4,2,3,0.258819045102521,-0.9659258262890682,1,0.43837114678907746,0.898794046299167
2026-03-04 12:00:00,117.8305314256515,148.66561573837507,174.53958099131324,0.3330050620038507,1.4812763500109272,33.932328012389526,48.78715,287.81598,280.44464,61.29637442272647,0.70936584,-0.0789032,101140.234,1.4305115e-06,603.71124,0.9992981,971.90686,0.7137405760702874,55556.418,15328.4375,249.4381,275.28076,6.514847,2.95018,-1.45047,1.8903961,14.3,200.0,64.3,0.675,1.9,12,4,2,3,1.2246467991473532e-16,-1.0,1,-0.34202014332566866,-0.9396926207859084
2026-03-04 13:00:00,112.8873019928462,143.89006642820644,169.90473684210525,0.343341636595708,1.5050827890969485,34.47262636509889,48.882122,288.7201,280.37036,57.542869257639055,0.40486145,-0.23512268,101074.69,6.198883e-06,917.4945,0.7923584,981.6798,0.4681831568376685,55544.473,15282.93,249.64589,275.37158,7.2953796,1.7883606,-0.7534485,0.74180603,15.3,280.0,58.7,0.75,2.2,13,4,2,3,-0.2588190451025208,-0.9659258262890683,1,-0.9848077530122081,0.17364817766692997
2026-03-04 14:00:00,96.23737353091468,123.512422074604,145.02415431783342,0.3591012719192168,1.5069421316273213,39.1863943547333,45.26104,289.1242,280.76035,57.588330734700946,-0.14300537,0.36383057,101015.484,3.33786e-06,967.52527,0.5316162,1054.1516,0.3909261049295146,55536.582,15244.824,249.97162,275.48248,8.436111,1.1187439,-1.0160217,0.47434998,15.3,269.0,58.3,0.825,2.0,14,4,2,3,-0.4999999999999998,-0.8660254037844388,1,-0.9998476951563913,-0.017452406437283498
2026-03-04 15:00:00,82.46260091977517,107.76935104752172,129.3408635666837,0.3897216714572032,1.5684790505702777,37.480742263723435,50.16086,289.21777,280.69263,56.981642040806314,-0.35801697,1.0715027,100987.62,0.0,599.68506,0.19854736,1187.407,1.1297319093109084,55546.355,15228.125,250.12886,275.64972,9.018234,0.32655334,-2.1022644,0.06150818,15.7,233.0,54.8,0.9,2.9,15,4,2,3,-0.7071067811865471,-0.7071067811865479,1,-0.7986355100472928,-0.6018150231520483
2026-03-04 16:00:00,77.09644864588657,105.86671946857436,135.35313234542667,0.4566528243773774,1.7556337933474264,36.174634238197605,42.455307,289.04565,281.4204,60.53503357548911,-0.36724854,1.2775269,100941.45,0.0,489.35367,0.110443115,1370.4216,1.329265387481274,55521.88,15194.121,250.14163,275.69592,8.4357605,-0.46366882,-2.57901,-0.03819275,15.8,169.0,54.7,0.8,2.7,16,4,2,3,-0.8660254037844384,-0.5000000000000004,1,0.19080899537654497,-0.9816271834476639
2026-03-04 17:00:00,84.86907000510986,124.9033776188043,164.00312212570262,0.5075477682529246,1.932425089416004,38.446835554302005,45.197674,288.98688,281.773,62.2313707400591,-0.5871124,1.3699951,100981.48,0.0,114.00523,0.066711426,1328.439,1.4904990923371169,55553.22,15225.555,250.11537,275.90012,7.635544,-1.0370789,-2.5734863,0.004425049,14.9,155.0,59.0,0.9,2.9,17,4,2,3,-0.9659258262890683,-0.25881904510252063,1,0.4226182617406995,-0.9063077870366499
2026-03-04 18:00:00,86.01769034236075,102.18154317833418,123.89019417475728,0.3189169298915216,1.440287366951752,33.907689201736986,38.451912,285.61078,280.05804,68.90415758671466,-0.84487915,1.1926575,101015.125,0.0,61.027763,0.058532715,1371.4358,1.461592518594349,55578.938,15245.43,250.12752,276.16144,7.191864,-1.5891266,-2.1395874,0.50231934,13.9,157.0,66.0,0.9,2.7,18,4,2,3,-1.0,-1.8369701987210297e-16,1,0.39073112848927377,-0.9205048534524404
2026-03-04 19:00:00,84.15207971384773,102.32251916198264,126.06270822687787,0.3414622520952171,1.4980343582417626,31.854285109351913,45.722885,284.11475,279.28168,72.10068024842009,-1.2730103,0.4635315,101060.125,0.0,51.79765,0.04953003,1261.1654,1.3547755073805918,55614.37,15273.824,250.24208,276.15424,7.127655,-1.6882172,-1.7781067,1.3399048,13.2,133.0,69.9,0.8,1.9,19,4,2,3,-0.9659258262890684,0.2588190451025203,0,0.7313537016191706,-0.6819983600624984
2026-03-04 20:00:00,84.27032192130812,101.5670771589167,126.113331630046,0.3386081847126741,1.4965331478296455,29.878804940898355,41.01576,283.3117,279.07538,74.98622212914998,-1.3561096,0.24914551,101111.42,0.0,48.3826,0.044006348,736.4754,1.3788062707883657,55635.895,15303.48,250.3545,275.9202,7.0051575,-0.9715576,-1.6260376,2.3797302,12.8,145.0,72.2,0.9,2.8,20,4,2,3,-0.8660254037844386,0.5000000000000001,0,0.5735764363510459,-0.8191520442889919
2026-03-04 21:00:00,85.64159427695452,103.78532447623914,128.0482268778743,0.3359993695447128,1.495163961668181,28.04389663715715,47.761253,282.15472,279.1037,81.20036350320606,-1.7982178,0.24484253,101155.66,0.0,44.202618,0.19787598,704.97394,1.814809940664212,55644.906,15327.934,250.41457,275.76172,6.635071,0.25131226,-1.4787598,3.0845032,12.4,126.0,74.1,0.8,2.5,21,4,2,3,-0.7071067811865477,0.7071067811865474,0,0.8090169943749475,-0.587785252292473
2026-03-04 22:00:00,82.91804803270311,100.7111497189576,126.27654062340316,0.3490861865806611,1.5229077637077464,26.984053974231447,44.24296,282.01266,280.2469,88.68844573074614,-1.885498,0.18789673,101159.375,0.0,64.08423,0.2730713,686.20764,1.894837166921921,55674.582,15343.547,250.42818,275.70618,5.4136353,0.7338562,-1.7277069,2.625946,12.1,111.0,75.2,0.6,1.9,22,4,2,3,-0.5000000000000004,0.8660254037844384,0,0.9335804264972017,-0.35836794954530027
2026-03-05 03:00:00,85.51566172713336,100.62228921819111,123.8124833929484,0.3126113260249312,1.447833992563608,23.29658679362585,43.158913,281.1018,279.6831,90.75421382141344,-0.7619171,0.28372192,101069.95,0.0,56.759644,0.5050659,92.22316,0.8130287788023843,55588.8,15214.055,251.14973,275.1502,7.5631866,1.1987305,0.6117401,0.24092102,8.8,74.0,97.2,1.8,4.4,3,5,3,3,0.7071067811865475,0.7071067811865476,0,0.9612616959383189,0.27563735581699916
2026-03-05 04:00:00,89.6921512519162,104.25414920797138,126.05014307613696,0.2921883229896564,1.405364236573373,22.768077689578973,43.702885,281.11002,279.79785,91.42179846361948,-0.77323914,0.7111206,101077.016,0.0,66.293015,0.49526978,30.187042,1.0505195264117178,55579.496,15212.047,251.10138,275.0713,6.783676,0.79115295,0.41497803,-0.1105957,9.2,99.0,94.9,1.5,3.4,4,5,3,3,0.8660254037844386,0.5000000000000001,0,0.9876883405951378,-0.1564344650402308
2026-03-05 05:00:00,89.66935615738375,103.62438426162494,125.55106285130302,0.2912622904262708,1.40015571463216,24.25077101049317,47.8211,281.30453,280.27258,93.20722329861832,-0.91752625,0.44256592,101099.03,0.0,68.141014,0.4570923,30.166397,1.0186849429458102,55592.266,15222.008,251.16905,275.0359,6.6728363,0.31628418,0.8883209,-0.093688965,9.3,105.0,92.1,1.2,3.3,5,5,3,3,0.9659258262890683,0.25881904510252074,0,0.9659258262890683,-0.25881904510252085
2026-03-05 06:00:00,112.3445171180378,143.2641185487992,172.70645375574858,0.3537861200530862,1.537293110949035,31.224148597721705,39.58402,281.50616,280.34378,92.39014103833412,-1.0785522,0.03265381,101107.35,4.7683716e-07,66.31296,0.51831055,30.149307,1.0790463935495804,55593.5,15219.176,251.37299,274.968,7.2414093,-0.26420593,1.3470459,0.117126465,9.2,81.0,92.1,1.3,3.2,6,5,3,3,1.0,6.123233995736766e-17,1,0.9876883405951378,0.15643446504023092
2026-03-05 07:00:00,115.0894992335207,146.233183444047,173.31096576392437,0.3425957909218444,1.50587990574527,32.00131068315389,38.31296,281.7149,280.47867,91.93729424483618,-1.616745,-0.18823242,101120.89,0.0,103.239746,0.87323,457.18723,1.6276657638975076,55597.125,15221.352,251.48059,275.02884,7.259262,-0.8229065,1.6131439,0.57221985,9.4,73.0,91.8,1.7,3.2,7,5,3,3,0.9659258262890683,-0.25881904510252063,1,0.9563047559630354,0.29237170472273677
2026-03-05 08:00:00,120.30225855901892,150.80602452733777,176.48607051609608,0.3246488466568226,1.4670220755871508,33.774037865954455,39.072235,281.97354,280.28705,89.16772766999308,-1.8990173,0.2668152,101162.87,0.0,307.9595,0.96728516,282.71136,1.917669694355712,55632.74,15253.375,251.4774,275.0639,6.643875,-0.8383484,2.0970917,1.1387787,9.8,71.0,89.5,1.8,3.8,8,5,3,3,0.8660254037844387,-0.49999999999999983,1,0.9455185755993167,0.32556815445715676
2026-03-05 09:00:00,136.65759836484415,166.18440470107308,189.1362544711293,0.2884323381525895,1.384015637258337,37.28667440779027,37.93389,282.6278,280.12402,84.37645984550352,-2.0638428,0.6299591,101170.39,2.3841858e-06,393.15494,1.0,379.6874,2.1578451220568753,55641.95,15263.949,251.4512,275.2208,5.683792,-0.6111145,2.7668762,1.5211487,10.4,86.0,86.8,1.4,3.9,9,5,3,3,0.7071067811865476,-0.7071067811865475,1,0.9975640502598242,0.06975647374412523
2026-03-05 10:00:00,144.2629075114972,174.27440470107308,196.81134389371488,0.2821166123959951,1.3642546509314957,41.03012064641311,47.944126,283.59973,279.63303,76.44209712370608,-1.2772827,0.40682983,101171.56,3.6239624e-05,364.91705,1.0,497.91483,1.340507965771602,55652.016,15249.891,251.35197,274.78748,3.7479706,1.3190918,3.2731476,-0.28337097,10.8,102.0,84.9,1.6,3.5,10,5,3,3,0.49999999999999994,-0.8660254037844387,1,0.9781476007338057,-0.20791169081775934
2026-03-05 11:00:00,140.84005620848237,171.11536024527337,194.5119826264691,0.2967461529179308,1.3810842347112753,45.877294202268345,43.054398,283.85223,278.7224,70.5863956149875,-1.5705566,0.5950165,101155.72,6.914139e-05,499.2288,1.0,667.43823,1.6794917889277727,55675.465,15244.395,251.3569,274.8285,3.949234,0.44448853,4.9756927,-0.649353,11.0,113.0,83.0,1.3,3.4,11,5,3,3,0.258819045102521,-0.9659258262890682,1,0.9205048534524403,-0.39073112848927377
2026-03-05 12:00:00,141.44776188042923,171.2106234031681,196.13291773122128,0.3064178914195606,1.3866102491632852,53.37360721977684,43.666378,284.24988,278.21057,66.34561332463868,-2.0005493,0.51174927,101097.83,3.6239624e-05,449.0259,1.0,740.41394,2.064966057124432,55688.88,15207.852,251.32462,275.3633,4.85524,-0.32229614,6.6862183,0.31739807,11.3,133.0,80.1,1.0,3.6,12,5,3,3,1.2246467991473532e-16,-1.0,1,0.7313537016191706,-0.6819983600624984
2026-03-05 13:00:00,109.20230965763923,137.5293306080736,160.4709810935105,0.3456221787836417,1.4694833848031286,46.79744729501275,42.888718,284.82092,278.3783,64.63488543308145,-1.7923126,0.9147644,101015.37,6.198883e-06,606.20935,1.0,874.19415,2.012257032196961,55648.42,15152.969,251.59453,275.5583,5.1874695,-0.9943085,6.7957916,0.31141663,12.0,71.0,74.8,1.1,2.9,13,5,3,3,-0.2588190451025208,-0.9659258262890683,1,0.9455185755993167,0.32556815445715676
2026-03-05 14:00:00,100.65029126213592,128.3370771589167,152.5179969340828,0.3566214401119437,1.5153259221231214,37.23034497620566,49.205322,285.50842,279.01688,64.56996105552018,-1.6703491,1.7946167,100966.95,2.861023e-06,531.81525,1.0,1006.75946,2.4516760013896004,55622.61,15121.352,251.91776,275.80505,5.7947693,-1.2124329,6.197754,0.9890747,11.9,95.0,74.8,1.0,2.7,14,5,3,3,-0.4999999999999998,-0.8660254037844388,1,0.9961946980917455,-0.08715574274765824
2026-03-05 15:00:00,111.79421563617782,143.84358201328564,172.09099131323455,0.3552441845964422,1.539355044396313,30.698464230769773,41.48721,285.51212,278.98682,64.42022965942348,-1.6271057,1.8612671,100941.414,0.0,615.2106,0.9701843,991.53784,2.472203101792994,55593.082,15104.4375,252.06967,276.0569,6.216675,-1.1468048,4.5914,1.6360474,12.3,137.0,71.5,1.2,2.0,15,5,3,3,-0.7071067811865471,-0.7071067811865479,1,0.6819983600624986,-0.7313537016191705
2026-03-05 16:00:00,115.0843484925907,146.36749616760346,174.6898824731732,0.3487946019982332,1.5179290949932336,34.287921036659505,44.091007,285.2288,279.02863,65.82137178945297,-1.5163422,1.0661469,100897.95,0.0,526.7498,0.6482239,1219.9889,1.853635044953685,55556.71,15074.727,252.52322,276.2177,5.662506,-1.2184753,2.76799,1.9216919,12.4,107.0,72.1,1.4,3.5,16,5,3,3,-0.8660254037844384,-0.5000000000000004,1,0.9563047559630355,-0.29237170472273666
2026-03-05 17:00:00,110.68325498211549,142.44638732754217,173.3798364844149,0.3682132692143581,1.566450453105844,32.99089774848985,49.43545,284.48776,280.48923,76.42012189836112,-0.9270172,0.27793884,100901.64,0.0,193.61641,0.61169434,1082.3622,0.9677865921143904,55561.32,15076.738,253.104,276.25577,4.38649,-1.3410797,1.510086,1.794281,12.2,85.0,72.0,1.1,3.1,17,5,3,3,-0.9659258262890683,-0.25881904510252063,1,0.9961946980917455,0.08715574274765814
2026-03-05 18:00:00,88.01171691364333,107.09328053142563,133.1111803781298,0.3433616407510759,1.5124256580099693,30.97987653122363,52.71398,283.9604,280.2165,77.67808147921933,-0.60198975,0.66334534,100923.14,0.0,115.593346,0.7381897,1078.0747,0.895778264530223,55580.547,15093.27,253.32326,276.38068,3.15831,-1.2732697,0.92160034,1.6060028,11.7,118.0,74.5,1.3,3.1,18,5,3,3,-1.0,-1.8369701987210297e-16,1,0.8829475928589269,-0.4694715627858909
2026-03-05 19:00:00,88.00708226877875,101.72593765968318,124.876515074093,0.3029476149294669,1.4189370950144191,30.9456452010811,42.516945,283.36792,279.05875,74.61932669141639,-0.28286743,0.92263794,100939.984,0.0,69.593254,0.83477783,749.9878,0.9650257775221596,55607.06,15114.461,253.09952,276.62115,2.091919,-1.0146332,1.1634827,1.3325653,11.3,120.0,75.2,1.3,2.8,19,5,3,3,-0.9659258262890684,0.2588190451025203,0,0.8660254037844387,-0.49999999999999983
2026-03-05 20:00:00,87.24358201328565,101.51294839039346,126.25308124680632,0.3153251319414567,1.4471331516448636,29.2075773906123,47.95215,282.36542,278.3277,75.86389139240606,0.12823486,1.0769348,100969.266,0.0,32.927452,0.8545532,715.3937,1.0845426422092677,55637.13,15143.902,252.672,276.8504,1.2488708,-0.6436615,2.1874847,1.1059418,10.6,104.0,78.7,1.0,2.4,20,5,3,3,-0.8660254037844386,0.5000000000000001,0,0.9702957262759965,-0.24192189559966779
2026-03-05 21:00:00,87.52772100153295,105.23912621359224,131.53,0.3372881725858799,1.502723902693325,28.313339085835143,46.0091,282.70145,279.1256,78.38610124981106,0.44026184,0.28573608,100970.65,0.0,18.382305,0.7183838,461.90942,0.5248576904018384,55645.848,15147.875,252.48328,276.97372,0.7363739,-0.3156433,2.894333,0.65341187,10.3,134.0,78.6,0.8,2.1,21,5,3,3,-0.7071067811865477,0.7071067811865474,0,0.7193398003386511,-0.6946583704589974
2026-03-05 22:00:00,85.68679100664282,102.61613183444048,125.92768012263669,0.3240813377099442,1.4696276657535996,26.713645576755013,46.659863,281.75555,279.80447,87.54564750997937,-0.8493805,0.20864868,100996.32,0.0,32.92688,0.6984253,74.93422,0.8746322115300764,55655.066,15175.949,252.1143,277.01077,1.8688812,0.38137817,3.9060516,-1.3213806,10.5,170.0,77.2,0.7333333333333334,1.6,22,5,3,3,-0.5000000000000004,0.8660254037844384,0,0.17364817766693028,-0.984807753012208
2026-03-06 03:00:00,128.0,128.0,128.0,0.0,0.9999999921875,0.0,51.892048,280.63245,279.3775,91.75174187930836,0.5444336,-0.92378235,100880.414,0.0,39.525032,1.0,30.152344,1.0722787767089688,55559.68,15070.594,252.43558,276.9181,-2.5764008,-1.965271,-0.98327637,-0.39620972,9.5,293.0,81.8,0.6666666666666666,1.8,3,6,4,3,0.7071067811865475,0.7071067811865476,0,-0.9205048534524405,0.3907311284892735
2026-03-06 04:00:00,83.79999489013797,100.27989780275932,122.89555442003066,0.3242387950856416,1.4665341342157951,25.27687362200831,48.60586,280.32587,279.21704,92.66282563046668,0.28311157,-0.7691345,100859.766,0.0,33.360573,0.99401855,30.179428,0.8195852854694958,55562.62,15060.199,252.44347,276.99133,-4.0109253,-2.3205414,-0.57901,-0.48350525,9.1,289.0,86.0,0.6,1.3,4,6,4,3,0.8660254037844386,0.5000000000000001,0,-0.945518575599317,0.3255681544571563
2026-03-06 05:00:00,89.66935615738375,103.62438426162494,125.55106285130302,0.2912622904262708,1.40015571463216,24.25077101049317,49.08098,279.85522,278.7374,92.578441443486,0.007293701,-0.093185425,100861.125,0.0,30.770355,0.9952698,30.06401,0.0934704311892698,55552.664,15055.844,252.45828,276.81714,-5.015045,-2.6624603,0.024429321,-0.18771362,9.3,289.0,85.8,0.6,1.6,5,6,4,3,0.9659258262890683,0.25881904510252074,0,-0.945518575599317,0.3255681544571563
2026-03-06 06:00:00,112.3445171180378,143.2641185487992,172.70645375574858,0.3537861200530862,1.537293110949035,31.224148597721705,55.92408,279.9154,278.58203,91.20876801779116,0.056518555,-0.65267944,100881.28,0.0,20.113598,0.96099854,69.317856,0.655121972199072,55539.957,15059.836,252.49178,276.64648,-5.790802,-2.804596,0.68899536,0.3059845,9.4,297.0,84.2,0.6,1.0,6,6,4,3,1.0,6.123233995736766e-17,1,-0.8910065241883679,0.45399049973954664
2026-03-06 07:00:00,115.0894992335207,146.233183444047,173.31096576392437,0.3425957909218444,1.50587990574527,32.00131068315389,57.823444,279.88702,278.3563,89.96523804345628,-0.2921753,-1.2003174,100928.59,0.0,33.426414,0.9812012,346.6482,1.2353656408824272,55574.312,15093.391,252.58711,276.72644,-6.5651855,-2.8923035,1.3161011,0.43347168,9.5,280.0,82.8,0.6,1.2,7,6,4,3,0.9659258262890683,-0.25881904510252063,1,-0.9848077530122081,0.17364817766692997
2026-03-06 08:00:00,120.30225855901892,150.80602452733777,176.48607051609608,0.3246488466568226,1.4670220755871508,33.774037865954455,59.53041,280.8197,278.90674,87.68930652802507,-0.41532898,-0.9087372,100938.1,0.0,86.25383,0.9373474,187.93915,0.9991503692096002,55596.16,15105.156,252.71512,276.7347,-7.3360596,-3.018921,1.7575684,0.23043823,10.1,237.0,79.4,0.6,1.7,8,6,4,3,0.8660254037844387,-0.49999999999999983,1,-0.8386705679454242,-0.544639035015027
2026-03-06 09:00:00,136.65759836484415,166.18440470107308,189.1362544711293,0.2884323381525895,1.384015637258337,37.28667440779027,51.48406,282.38974,279.8724,84.27076388390003,-0.76608276,-0.30682373,100940.29,0.0,264.72513,0.94229126,370.93875,0.8252415382543044,55607.984,15115.609,252.78943,276.6385,-8.076706,-3.1822815,2.2518463,-0.03477478,10.7,262.0,76.6,0.7,2.0,9,6,4,3,0.7071067811865476,-0.7071067811865475,1,-0.9902680687415703,-0.13917310096006583
2026-03-06 10:00:00,144.2629075114972,174.27440470107308,196.81134389371488,0.2821166123959951,1.3642546509314957,41.03012064641311,54.520412,285.0425,279.81238,70.3321169180942,-1.4558868,0.26805115,100962.65,0.0,529.8055,0.8845215,624.41345,1.48035731951126,55657.945,15121.789,252.77162,276.4732,-6.7514954,-3.6786346,4.175705,-1.995285,11.7,13.0,72.6,0.39999999999999997,2.1,10,6,4,3,0.49999999999999994,-0.8660254037844387,1,0.224951054343865,0.9743700647852352
2026-03-06 11:00:00,140.84005620848237,171.11536024527337,194.5119826264691,0.2967461529179308,1.3810842347112753,45.877294202268345,54.6071,286.58118,280.45694,66.45926010705219,-1.95018,1.1456299,100920.91,0.0,683.4441,0.8641968,747.87836,2.2617846714871,55681.508,15107.398,252.9474,276.6532,-6.6950073,-3.576889,3.9768524,-1.5282898,12.8,104.0,65.8,0.1,2.8,11,6,4,3,0.258819045102521,-0.9659258262890682,1,0.9702957262759965,-0.24192189559966779
2026-03-06 12:00:00,141.44776188042923,171.2106234031681,196.13291773122128,0.3064178914195606,1.3866102491632852,53.37360721977684,51.80987,287.59485,279.9782,60.22292754349422,-1.8838348,1.489624,100919.16,4.7683716e-07,747.06116,0.8015137,787.3517,2.401627201517138,55685.6,15125.758,252.7457,276.87973,-6.5102997,-3.3814697,4.5377655,-0.6982422,14.5,96.0,54.4,1.3,4.5,12,6,4,3,1.2246467991473532e-16,-1.0,1,0.9945218953682733,-0.10452846326765355
2026-03-06 13:00:00,109.20230965763923,137.5293306080736,160.4709810935105,0.3456221787836417,1.4694833848031286,46.79744729501275,45.190884,288.1649,280.06802,58.40862377361113,-2.1673126,0.9593048,100867.016,2.3841858e-06,854.359,0.7319031,869.6421,2.3701286052494703,55642.4,15090.426,252.62825,276.86307,-6.331772,-3.2355347,5.2233276,0.32365417,16.4,100.0,47.2,1.3,3.8,13,6,4,3,-0.2588190451025208,-0.9659258262890683,1,0.984807753012208,-0.1736481776669303
2026-03-06 14:00:00,93.59205416453756,120.7742718446602,143.79753704649974,0.3850956506623698,1.5364288859102355,45.560431375040025,43.72735,288.25592,279.49652,55.83152680097788,-2.1204987,0.59529114,100810.3,7.6293945e-06,869.5285,0.43566895,963.68994,2.202472764431876,55618.684,15057.672,252.74237,276.9154,-6.3489532,-2.9807281,6.058304,0.71658325,15.9,98.0,48.5,1.2,3.9,14,6,4,3,-0.4999999999999998,-0.8660254037844388,1,0.9902680687415704,-0.13917310096006535
2026-03-06 15:00:00,90.19410832907512,118.91501277465508,144.88738886050078,0.4031871325343676,1.6063952506241408,39.049758990031286,39.83994,288.16364,279.3263,55.50875192478245,-1.9305725,0.8287811,100793.67,0.0,817.4772,0.38427734,980.7315,2.100949378132053,55617.355,15058.789,252.83138,277.20828,-6.1605835,-2.5529022,6.5270386,0.5723572,15.9,100.0,50.5,1.2,3.6,15,6,4,3,-0.7071067811865471,-0.7071067811865479,1,0.984807753012208,-0.1736481776669303
2026-03-06 16:00:00,86.55168625447114,116.12091466530404,143.69758303525805,0.424191636883923,1.6602516668770642,39.843447694766965,39.337845,287.5692,279.3191,57.64885439845923,-1.3007965,0.83680725,100762.5,0.0,533.94684,0.18676758,1133.9819,1.5467119667426164,55595.1,15048.957,252.83324,277.53815,-5.7619476,-2.3480988,6.6428833,-0.16963196,14.9,68.0,54.6,1.6,3.5,16,6,4,3,-0.8660254037844384,-0.5000000000000004,1,0.9271838545667874,0.37460659341591196
2026-03-06 17:00:00,92.7671486969852,127.38028104241184,162.98810424118548,0.4517150077845396,1.756959276786774,39.75841294816858,35.820553,285.64044,280.8388,72.5399346703905,-1.3255463,0.82336426,100796.625,0.0,138.24834,0.071014404,1487.249,1.5604491975354526,55623.31,15086.238,252.79794,277.66046,-5.415146,-2.4846497,5.880417,-0.7837219,14.1,83.0,55.9,1.2,2.9,17,6,4,3,-0.9659258262890683,-0.25881904510252063,1,0.992546151641322,0.12186934340514749
2026-03-06 18:00:00,80.90678589678079,100.3377107818089,122.4894225855902,0.3521605200989011,1.5139573240235047,34.01947384038958,29.017233,283.53027,279.4328,75.74545565464061,-1.6435852,1.1988983,100836.766,0.0,63.597153,0.04244995,1427.4841,2.034386748728454,55647.156,15117.117,252.75558,277.65808,-5.5522156,-2.8124542,4.661438,-0.7438965,13.2,110.0,59.0,1.3,3.2,18,6,4,3,-1.0,-1.8369701987210297e-16,1,0.9396926207859084,-0.3420201433256687
2026-03-06 19:00:00,81.56289218191108,99.1117884517118,123.80634644864588,0.3488157155688269,1.517924899654044,31.804518341011544,32.631435,282.52585,278.4729,75.8105252979895,-1.6159515,1.079834,100905.67,0.0,42.030975,0.028747559,1336.6809,1.9435381956391415,55678.312,15164.031,252.7156,277.51025,-5.959259,-3.2627258,3.8808746,-0.54493713,12.6,140.0,64.2,0.9,2.2,19,6,4,3,-0.9659258262890684,0.2588190451025203,0,0.6427876096865395,-0.7660444431189779
2026-03-06 20:00:00,79.85438426162493,97.7882881962187,123.99766990291262,0.3625351250811328,1.5527972508543162,30.16633586477896,33.406902,282.2926,277.95026,74.25928205819503,-0.95266724,-0.11834717,100959.19,0.0,24.885723,0.027893066,1416.6893,0.959990063915365,55699.457,15195.48,252.72687,277.34387,-6.471649,-3.5517883,3.7952728,-0.36520386,12.0,153.0,69.0,0.6,2.1,20,6,4,3,-0.8660254037844386,0.5000000000000001,0,0.45399049973954686,-0.8910065241883678
2026-03-06 21:00:00,84.15057230454778,97.62324987225344,121.9789064895248,0.318921315145128,1.449531496928407,27.52247815266114,45.691784,282.46545,277.8418,72.84699452533742,-0.7414551,-1.1135864,100989.3,0.0,24.634724,0.036499023,1463.166,1.337845407953015,55723.26,15215.676,252.75754,277.2564,-7.144333,-3.6443634,4.0689545,-0.28082275,11.5,97.0,73.0,0.8,1.9,21,6,4,3,-0.7071067811865477,0.7071067811865474,0,0.9925461516413221,-0.12186934340514737
2026-03-06 22:00:00,86.58672968829842,104.59549310168626,141.77085334695963,0.3887849817549756,1.6373277085298124,29.74762725805772,47.720264,280.67792,278.25784,84.64323769622297,-0.9337921,-0.9451599,100991.89,0.0,19.889862,0.15838623,1470.5333,1.32864401650345,55731.816,15214.387,252.57253,277.52936,-6.9979706,-2.6139832,3.615036,-2.2778625,11.0,69.0,76.8,1.0,2.7,22,6,4,3,-0.5000000000000004,0.8660254037844384,0,0.9335804264972017,0.3583679495453004
2026-03-07 03:00:00,83.82490546755237,100.85187020950434,126.85594787940724,0.3497286642135884,1.5133443414996437,30.231312010524324,56.562866,279.2525,277.10443,86.11149758016387,0.32922363,-0.6936493,100981.41,0.0,13.500942,0.23034668,1127.9972,0.7678134864280953,55684.05,15173.617,252.33382,276.80875,-8.18103,-4.1598816,1.8842468,-0.47296143,8.3,347.0,86.9,0.8,1.3,3,7,5,3,0.7071067811865475,0.7071067811865476,0,-0.22495105434386534,0.9743700647852351
2026-03-07 04:00:00,83.49716402657128,101.6885743484926,127.10419519672968,0.3527595684902979,1.522257613851696,30.194565057706892,48.49157,278.56494,276.70154,87.78471194255542,0.40141296,-0.8256073,101001.88,0.0,14.259558,0.18356323,1054.3119,0.9180194868679268,55678.117,15186.4375,252.28546,276.62445,-8.783051,-4.3233643,1.8790436,-0.7368164,7.9,311.0,86.6,0.6000000000000001,0.8,4,7,5,3,0.8660254037844386,0.5000000000000001,0,-0.7547095802227722,0.656059028990507
2026-03-07 05:00:00,84.44167092488503,101.075304036791,125.85405212059274,0.335128858596158,1.4904258673673116,25.29982646969707,50.41593,277.85083,276.09674,88.4001838206517,0.45051575,-0.8029785,100996.08,0.0,15.311406,0.060180664,659.2083,0.9207273822692104,55653.02,15179.879,252.16582,276.67737,-9.120941,-4.320877,1.8322601,-0.65771484,7.6,329.0,87.3,0.4,1.0,5,7,5,3,0.9659258262890683,0.25881904510252074,0,-0.5150380749100545,0.8571673007021121
2026-03-07 06:00:00,119.2505467552376,148.72193663771077,176.36850792028616,0.3356315081635823,1.478974405067585,35.88792822610802,55.072105,277.4891,276.1004,90.68720451057855,0.5088043,-0.7707062,101024.79,0.0,17.61981,0.033447266,658.9123,0.923509535639416,55662.84,15202.109,252.01723,276.8964,-9.226807,-4.1620026,1.6469116,-0.5171356,7.2,335.0,87.3,0.5,1.0,6,7,5,3,1.0,6.123233995736766e-17,1,-0.4226182617406992,0.90630778703665
2026-03-07 07:00:00,128.86315789473684,157.06367399080224,178.88694941236588,0.2902358954728867,1.3881931107904275,38.96765127985014,48.488155,278.62946,276.98276,89.13921153851375,0.39297485,-1.0020142,101047.25,0.0,20.497486,0.030090332,685.7469705882353,1.0763185818957892,55676.887,15217.867,251.89246,277.1053,-9.293182,-4.074829,1.5393829,-0.3358307,7.4,338.0,86.0,0.6000000000000001,1.3,7,7,5,3,0.9659258262890683,-0.25881904510252063,1,-0.37460659341591235,0.9271838545667873
2026-03-07 08:00:00,136.71327542156362,166.62617271333673,190.13955033214103,0.2942559790353987,1.390790677460134,40.97750682745856,51.25393,281.47528,278.2602,80.18853247999101,0.19903564,-0.49560547,101071.56,0.0,57.480644,0.009307861,712.5816411764705,0.5340786158274178,55704.81,15240.543,251.81828,277.2057,-9.301727,-4.0404205,1.7438507,-0.14726257,8.7,357.0,78.1,0.7000000000000001,1.4,8,7,5,3,0.8660254037844387,-0.49999999999999983,1,-0.05233595624294437,0.9986295347545738
2026-03-07 09:00:00,141.3230454777721,171.33332141032193,194.61597853857947,0.2899090954753414,1.3771000794919144,42.828652308284745,51.481606,284.5188,279.6703,72.09974592542515,0.09448242,0.013504028,101066.78,0.0,247.5402,0.0,739.4163117647058,0.0954425820128583,55714.703,15245.367,251.842,277.1591,-9.310303,-4.025818,1.9880524,-0.06689453,10.7,351.0,71.1,0.8,1.2,9,7,5,3,0.7071067811865476,-0.7071067811865475,1,-0.15643446504023112,0.9876883405951377
2026-03-07 10:00:00,143.28657128257538,173.09209504343383,196.1066479305059,0.2884721747443645,1.3686324182824616,46.9548930080687,50.800034,286.74255,280.00415,63.75730954301052,0.4901886,0.14451599,101070.97,0.0,512.6004,0.0,766.2509823529412,0.5110476836222234,55745.91,15268.59,252.06712,276.47974,-9.892624,-3.84375,1.7030945,-0.8352356,12.3,231.0,63.7,0.9,2.9,10,7,5,3,0.49999999999999994,-0.8660254037844387,1,-0.7771459614569706,-0.6293203910498378
2026-03-07 11:00:00,143.4479253960143,172.28934082779764,195.39362800204395,0.2877526153737076,1.3621223597378749,49.126200022506175,53.710693,288.14124,279.56006,56.491422759217016,0.17350769,0.7369232,101036.234,0.0,715.111,0.0033569336,793.0856529411765,0.7570737884693778,55759.926,15263.566,252.46655,276.83563,-9.748184,-3.785736,1.3689575,-0.66171265,13.6,211.0,59.3,0.6,2.9,11,7,5,3,0.258819045102521,-0.9659258262890682,1,-0.5150380749100542,-0.8571673007021123
2026-03-07 12:00:00,136.31078180889116,165.4381962187021,189.70291773122125,0.3077337263589673,1.3916941405669008,52.134147050440255,46.700752,289.3318,279.41806,51.83483800871558,-0.089767456,0.7742157,100986.305,0.0,889.20483,0.07809448,819.9203235294117,0.7794024289692725,55749.36,15247.656,252.57043,277.37082,-9.554184,-3.5278015,1.2955933,-0.5797119,15.1,190.0,53.1,0.4,2.5,12,7,5,3,1.2246467991473532e-16,-1.0,1,-0.17364817766693047,-0.984807753012208
2026-03-07 13:00:00,130.11085334695963,160.00448134900358,183.8953755748595,0.3210699172286385,1.4133745912118567,53.659470702652655,54.469242,290.24957,279.1942,48.15000966637541,-0.39367676,0.6237793,100909.42,0.0,1004.58575,0.119628906,846.754994117647,0.7376191473061064,55705.34,15200.395,252.53978,277.67996,-9.490906,-3.2144623,1.3039703,-0.553421,16.7,231.0,44.5,0.4,3.3,13,7,5,3,-0.2588190451025208,-0.9659258262890683,1,-0.7771459614569706,-0.6293203910498378
2026-03-07 14:00:00,108.34947879407255,137.29284108329074,162.01811446090954,0.3558583767965523,1.4953289556058675,48.02862147872202,41.994473,290.7246,279.12042,46.488825627189605,-0.4846344,0.59721375,100849.03,0.0,979.71295,0.01739502,873.5896647058823,0.7691129727500522,55672.934,15166.375,252.52739,277.92978,-9.517975,-3.4437408,1.297409,-0.56092834,18.0,185.0,41.0,0.2,2.7,14,7,5,3,-0.4999999999999998,-0.8660254037844388,1,-0.08715574274765794,-0.9961946980917455
2026-03-07 15:00:00,80.99227388860501,107.01283086356668,130.8290597853858,0.3996026884951218,1.615327634213574,40.423197158924864,33.88573,290.6969,278.94574,46.01112603339297,-0.5296173,0.89941406,100829.91,0.0,835.9419,0.0069274902,900.4243352941176,1.0437624901216624,55662.65,15160.734,252.45593,277.9339,-9.67012,-3.9911804,1.4864807,-0.5618744,18.4,125.0,36.0,0.9,4.1,15,7,5,3,-0.7071067811865471,-0.7071067811865479,1,0.8191520442889917,-0.5735764363510462
2026-03-07 16:00:00,78.7479100664282,106.7272406745018,131.95761369443025,0.4186103787390327,1.6756966871555072,41.58944350842816,36.545414,289.85217,279.50055,50.43270013585827,-0.5168915,1.1388855,100805.336,0.0,497.32605,0.0007019043,927.2590058823529,1.250694608960357,55627.695,15145.168,252.2676,277.90906,-9.728836,-4.588257,1.5999756,-0.5521393,17.6,142.0,36.5,1.5,4.3,16,7,5,3,-0.8660254037844384,-0.5000000000000004,1,0.6156614753256584,-0.7880107536067219
2026-03-07 17:00:00,86.77480838017374,118.80387327542157,146.21222278998468,0.4436206333814347,1.6849616131037122,47.541774891704115,25.581789,287.84796,280.80246,62.682470308127215,-1.1924286,1.107544,100855.03,0.0,111.29443,0.0,954.0936764705882,1.627433463473687,55632.125,15180.117,252.0376,277.8484,-9.669067,-5.0203247,1.6947632,-0.07424927,15.8,161.0,42.5,1.2,3.7,17,7,5,3,-0.9659258262890683,-0.25881904510252063,1,0.3255681544571566,-0.9455185755993168
2026-03-07 18:00:00,73.6282728666326,93.90608584568216,112.77835973428718,0.3695189636202425,1.5317262487854806,30.792880753614696,18.108929,285.3834,280.70435,73.10161543586953,-1.7648315,1.0212555,100903.15,0.0,68.128654,0.0,980.9283470588235,2.0390176604611594,55635.965,15206.074,251.89868,277.6129,-9.552078,-4.999817,1.9129791,0.56970215,14.8,128.0,45.8,1.3,4.0,18,7,5,3,-1.0,-1.8369701987210297e-16,1,0.788010753606722,-0.6156614753256583
2026-03-07 19:00:00,74.43812979049565,94.56147164026572,121.1831221257026,0.3986829332029085,1.6279710524538775,32.848047303534244,18.759647,283.4979,279.52673,76.40193981373741,-2.2253265,0.30163574,100941.44,0.0,54.361717,0.0082092285,1007.7630176470587,2.2456763237937025,55639.074,15224.398,251.81339,277.26913,-9.422668,-4.3625336,2.2744293,1.0394592,13.9,104.0,51.7,1.0,2.4,19,7,5,3,-0.9659258262890684,0.2588190451025203,0,0.9702957262759965,-0.24192189559966779
2026-03-07 20:00:00,74.1778334184977,93.93758814512007,121.36438937148696,0.4005250593764339,1.636127427052823,32.031445307147365,29.763952,282.6643,278.75644,76.60035129131421,-2.198166,-0.56617737,100986.91,0.0,46.047203,0.039916992,1034.597688235294,2.2699098171196397,55641.145,15249.18,251.66257,276.96994,-9.145767,-3.4943085,2.5327606,1.0391693,13.3,66.0,55.5,0.6,2.1,20,7,5,3,-0.8660254037844386,0.5000000000000001,0,0.9135454576426009,0.4067366430758002
2026-03-07 21:00:00,77.4447726111395,95.45506898313744,120.41018906489523,0.3689702124649599,1.554787798457399,30.847616347845193,30.344273,282.13803,278.23578,76.54423304945324,-2.0471497,-1.1051178,101015.91,0.0,41.195118,0.07180786,1061.4323588235293,2.326393613747882,55637.816,15264.531,251.48373,276.79218,-8.859467,-2.903717,2.559555,0.7705841,12.3,3.0,60.9,0.5,0.9,21,7,5,3,-0.7071067811865477,0.7071067811865474,0,0.052335956242943835,0.9986295347545738
2026-03-07 22:00:00,79.42020439448135,95.886060296372,119.18758303525804,0.3471511437434182,1.5007211633771476,30.35859177352443,26.722551,281.54636,277.99545,78.34534716442488,-1.9824219,-1.481308,101027.55,0.0,42.23018,0.1628418,1088.2670294117647,2.4747262435395982,55613.43,15281.566,251.59435,276.81357,-9.887222,-1.1575623,2.032364,0.6842804,11.6,21.0,64.9,0.45,0.5,22,7,5,3,-0.5000000000000004,0.8660254037844384,0,0.35836794954530027,0.9335804264972017
2026-03-08 03:00:00,86.26250383239652,102.6402095043434,125.58554931016864,0.3240165635843446,1.455853265032991,29.752472276483783,42.575615,279.97223,276.37967,77.87293283996442,0.25390625,-0.45437622,100991.08,0.0,13.823066,0.07650757,1115.1017,0.5205056513531346,55465.773,15202.848,250.70847,275.79022,-10.089462,-1.9115906,1.9506683,-0.52679443,8.6,6.0,74.9,0.4,1.3,3,8,6,3,0.7071067811865475,0.7071067811865476,0,0.10452846326765347,0.9945218953682733
2026-03-08 04:00:00,86.77694941236587,101.95671946857436,125.1607869187532,0.3176328114600779,1.4423275573062495,29.53901399029119,37.168243,279.65347,276.31335,79.22500854845498,0.29499817,-0.15222168,101006.984,0.0,12.397478,0.10940552,1013.306,0.3319568649167709,55453.926,15210.879,250.57278,275.58557,-10.351181,-2.5009003,1.8827057,-0.7841034,8.3,311.0,75.7,0.45,0.8,4,8,6,3,0.8660254037844386,0.5000000000000001,0,-0.7547095802227722,0.656059028990507
2026-03-08 05:00:00,83.56014818599898,101.46579458354624,127.2165304036791,0.3522824563532112,1.5224545628862405,30.109668640933727,48.013477,279.32617,276.10175,79.82764773522665,0.23300171,-0.10623169,101001.78,0.0,12.183839,0.16378784,1008.36096,0.2560760996719143,55426.793,15199.707,250.45222,275.51306,-10.43898,-2.635559,1.9195099,-0.85124207,8.2,16.0,76.7,0.5,1.0,5,8,6,3,0.9659258262890683,0.25881904510252074,0,0.27563735581699916,0.9612616959383189
2026-03-08 06:00:00,121.4994685743485,147.97193663771077,174.49085334695965,0.3224099555489894,1.4361449803711646,41.59895161371359,36.743492,279.02216,275.88974,80.30580293216195,-0.06689453,-0.6667633,101035.3,0.0,13.529231,0.033355713,1003.6338,0.6701105702574843,55436.797,15219.516,250.37837,275.47064,-10.460617,-2.7978668,2.0538025,-0.9317169,7.9,12.0,78.8,0.6,1.0,6,8,6,3,1.0,6.123233995736766e-17,1,0.20791169081775934,0.9781476007338057
2026-03-08 07:00:00,132.02952478283086,159.1010730710271,179.1789882473173,0.2799447406415166,1.3571130183565183,44.059859262317495,43.39671,279.02054,276.04437,81.19973548046514,-0.21788025,-0.65444946,101067.664,0.0,16.417118,0.062805176,793.4967,0.6897651042451729,55446.88,15235.512,250.32143,275.44586,-10.24472,-3.0484772,2.3083649,-0.5395355,7.9,16.0,78.9,0.6333333333333333,0.7,7,8,6,3,0.9659258262890683,-0.25881904510252063,1,0.27563735581699916,0.9612616959383189
2026-03-08 08:00:00,136.77917220235054,167.02450689831377,189.93065406234032,0.2962289669105628,1.388593377307214,44.68511100306202,40.470737,282.20807,278.60864,78.18283242480501,-0.42799377,-0.08355713,101112.93,0.0,80.6585,0.103149414,793.45953,0.4360739170515129,55479.71,15267.309,250.31181,275.42465,-9.914825,-3.048355,2.5657501,0.16772461,9.4,2.0,72.3,0.6666666666666666,1.1,8,8,6,3,0.8660254037844387,-0.49999999999999983,1,0.03489949670250097,0.9993908270190958
2026-03-08 09:00:00,141.5589064895248,171.62379151762903,194.63680633622891,0.2923773651482709,1.374952730195603,47.0466076274121,43.17304,285.1219,279.3642,67.83994592241235,-0.6384125,0.4326172,101130.25,0.0,278.03946,0.09786987,1032.1675,0.7711862044228295,55489.164,15282.914,250.3045,275.30542,-9.667831,-2.6738434,2.7309723,0.95184326,11.0,54.0,65.3,0.7,2.4,9,8,6,3,0.7071067811865476,-0.7071067811865475,1,0.8090169943749475,0.5877852522924731
2026-03-08 10:00:00,146.2478180889116,175.82944813490036,199.5234082779765,0.2909990995469457,1.3642829651816957,49.74899663244276,46.9571,287.29498,280.3042,62.78951385373003,-0.061965942,0.8110962,101148.64,0.0,452.83035,0.39608765,1056.3785,0.8134597861126187,55516.95,15321.258,250.13081,274.81955,-9.460571,-1.662735,3.8203735,0.3322296,12.4,101.0,60.2,0.6,2.3,10,8,6,3,0.49999999999999994,-0.8660254037844387,1,0.981627183447664,-0.1908089953765448
2026-03-08 11:00:00,140.59800715380686,170.15867143587124,193.95126213592232,0.3013110354077914,1.379473754164069,50.406003206875035,43.710274,288.6933,280.31943,57.44126077810018,0.008285522,0.66493225,101127.33,0.0,690.08527,0.024139404,1235.8672,0.6649838697027732,55529.754,15316.316,250.10364,275.04636,-8.930832,-1.1365509,3.3490448,0.8855591,14.0,113.0,54.7,0.6,3.0,11,8,6,3,0.258819045102521,-0.9659258262890682,1,0.9205048534524403,-0.39073112848927377
2026-03-08 12:00:00,138.20274910577413,167.78179356157383,193.52137455288707,0.3148307818532072,1.4002715170629714,53.10152963878642,39.92891,289.648,280.28882,53.932454537345386,-0.037841797,0.074783325,101067.09,0.0,903.1748,0.006652832,1221.5007999999998,0.0838125724354337,55512.855,15285.184,249.95319,275.48376,-8.310822,-0.47795105,3.1428375,1.0315704,15.2,99.0,49.7,0.7,3.1,12,8,6,3,1.2246467991473532e-16,-1.0,1,0.9876883405951378,-0.1564344650402308
2026-03-08 13:00:00,127.5804241185488,157.0745579969341,179.9151047521717,0.324534356032497,1.4102093215710252,56.70394474380109,38.0235,290.3075,280.1537,51.24648529652005,-0.09869385,-0.22607422,101026.92,0.0,1038.3475,0.0140686035,1207.1344,0.2466779864042004,55500.445,15271.172,249.85156,275.43262,-7.768387,0.11740112,3.0142365,0.3580475,17.2,70.0,40.4,0.8,4.8,13,8,6,3,-0.2588190451025208,-0.9659258262890683,1,0.9396926207859083,0.3420201433256688
2026-03-08 14:00:00,108.36886561062852,135.83263157894737,158.79593765968318,0.3498960164232797,1.4653280284847874,53.30032980032083,39.95319,290.4776,279.70972,49.176659804003265,-0.38136292,0.027709961,100974.05,0.0,1113.0508,0.14144897,1833.3862,0.3823683024121481,55475.03,15245.129,249.85205,275.4477,-7.2890015,-0.09208679,2.7019043,-0.028427124,17.8,115.0,36.3,1.2,5.1,14,8,6,3,-0.4999999999999998,-0.8660254037844388,1,0.90630778703665,-0.42261826174069933
2026-03-08 15:00:00,86.66458354624424,110.4669851814001,131.65828308635668,0.3681830374423911,1.51917053287325,44.05601864538459,34.741734,290.35562,279.80798,49.89315429636504,-0.79623413,0.3517456,100936.34,0.0,887.42914,0.065582275,2459.638,0.8704675507428274,55454.867,15224.754,249.94328,275.81088,-7.2345123,-0.79112244,2.2156372,-0.3908081,18.1,107.0,34.4,1.3,4.8,15,8,6,3,-0.7071067811865471,-0.7071067811865479,1,0.9563047559630355,-0.29237170472273666
2026-03-08 16:00:00,80.31633111905978,104.93451711803782,127.41146653040369,0.3948806149720091,1.5863705820321918,41.40179807471616,31.64157,289.6038,280.6728,55.52218928879928,-1.0639038,0.53912354,100908.89,0.0,613.7823,0.012786865,2541.62,1.192705113192935,55435.64,15205.039,250.11403,276.2879,-7.470413,-1.4925995,2.1252441,-0.831131,17.4,114.0,36.1,1.6,3.9,16,8,6,3,-0.8660254037844384,-0.5000000000000004,1,0.9135454576426009,-0.40673664307580026
2026-03-08 17:00:00,82.6770771589167,114.95355646397547,146.24423096576393,0.4660985545010281,1.7688606591135505,43.51246770949477,22.149097,287.8828,281.46805,65.43658182874987,-1.1343536,0.8172455,100932.56,0.0,102.27371,0.014038086,2361.2087,1.398087371054903,55443.48,15222.246,250.17308,276.51178,-7.6192627,-2.481491,2.4496918,-0.61524963,15.8,110.0,42.8,1.7,4.0,17,8,6,3,-0.9659258262890683,-0.25881904510252063,1,0.9396926207859084,-0.3420201433256687
2026-03-08 18:00:00,74.23967807869188,93.04317322432294,109.12970362800203,0.3456504791979579,1.469964646699614,31.411457367951183,19.159103,285.49527,280.6324,72.2108726071332,-1.3430328,1.0883636,100972.69,0.0,71.6964,0.010131836,2360.7253,1.7286620339675425,55450.59,15242.746,250.04662,276.43726,-7.104141,-3.1546326,2.806137,-0.015594482,14.8,113.0,48.4,1.9,4.0,18,8,6,3,-1.0,-1.8369701987210297e-16,1,0.9205048534524403,-0.39073112848927377
2026-03-08 19:00:00,75.94126724578436,95.46681144609096,119.62466019417477,0.3814672510507456,1.5752259997424436,33.190237456188896,26.80952,283.86346,279.92157,76.6154868678588,-1.5669098,0.7926636,100998.375,0.0,59.28366,0.005554199,2195.78842,1.7559959863567456,55449.242,15250.445,249.90993,276.33655,-6.1595154,-3.5266266,3.187683,0.6018524,13.9,116.0,53.9,1.7,3.4,19,8,6,3,-0.9659258262890684,0.2588190451025203,0,0.8987940462991669,-0.4383711467890775
2026-03-08 20:00:00,77.79776188042923,97.00510986203372,122.36391926417988,0.3753149502739052,1.572846245620794,31.919920993896607,29.677956,282.8133,279.20392,78.22186499617355,-2.0573578,0.44659424,101030.33,0.0,46.773167,0.018920898,2030.85154,2.1052713678815893,55449.594,15266.777,249.8063,276.11484,-5.2250977,-3.4886932,3.2001953,1.0418854,13.2,109.0,60.9,1.2,2.6,20,8,6,3,-0.8660254037844386,0.5000000000000001,0,0.9455185755993168,-0.32556815445715664
2026-03-08 21:00:00,78.32256515074093,97.52547266223812,123.17871742462954,0.3752753960350418,1.5727104393841962,31.290291741981974,23.047232,282.30893,278.7801,78.58181781232692,-1.9871826,-0.010986328,101039.94,0.0,33.87034,0.054382324,1865.91466,1.9872129692475549,55423.082,15266.504,249.74768,275.83612,-4.661682,-2.8851013,2.8642426,1.4507141,12.8,83.0,65.9,1.0,1.9,21,8,6,3,-0.7071067811865477,0.7071067811865474,0,0.992546151641322,0.12186934340514749
2026-03-08 22:00:00,81.10917220235054,99.41342871742462,122.38360245273378,0.3488114891217508,1.5088749844288527,30.61251762465796,32.40183,282.16077,279.2164,81.80145020177036,-1.2858582,-1.4325714,101054.125,0.0,33.23339,0.054870605,1700.97778,1.925017435402911,55412.13,15293.055,249.5934,276.1604,-3.844452,-3.0531921,2.8088226,0.38298035,12.3,56.0,69.6,1.0,2.0,22,8,6,3,-0.5000000000000004,0.8660254037844384,0,0.8290375725550417,0.5591929034707468
2026-03-09 03:00:00,81.5782268778743,97.28966274910576,119.28379151762904,0.326441072860259,1.4622013081260037,26.194392892071733,43.589645,281.6761,279.29462,84.9816518515671,0.1628418,-0.7323456,100960.43,0.0,14.16395,0.31347656,1536.0409,0.7502316506697115,55241.117,15179.395,249.32758,275.95987,-2.414627,-3.9557648,1.27034,1.1230469,9.9,20.0,78.1,0.75,1.1,3,9,0,3,0.7071067811865475,0.7071067811865476,0,0.3420201433256687,0.9396926207859084
2026-03-09 04:00:00,86.83781297904956,103.00969340827798,125.87200817577926,0.3195909601632622,1.4495068727334277,26.65622839983808,40.969437,280.53027,278.4928,86.90835865052776,0.31573486,-1.0171661,100951.66,0.0,17.05598,0.40945435,1344.5763,1.065042429581296,55214.695,15167.055,249.1724,275.70444,-2.4980469,-4.0488586,1.117096,1.2931824,10.1,304.0,75.1,0.5,1.1,4,9,0,3,0.8660254037844386,0.5000000000000001,0,-0.8290375725550416,0.559192903470747
2026-03-09 05:00:00,85.09321410321921,102.9957281553398,126.64329075114972,0.3365550998112793,1.4882889381665707,29.32513543171528,38.24189,280.3181,278.34918,87.30271848568484,0.38250732,-1.2882385,100931.234,0.0,20.788614,0.44418335,1118.5543,1.3438267309202598,55178.902,15145.773,249.04964,275.54443,-2.6466827,-4.2031555,1.2930298,1.2473907,10.2,332.0,73.9,0.5,1.2,5,9,0,3,0.9659258262890683,0.25881904510252074,0,-0.4694715627858908,0.882947592858927
2026-03-09 06:00:00,112.00504854368933,141.7974399591211,170.8707715891671,0.3582697744899853,1.5255631088535546,39.27830000287294,42.942627,280.86993,278.64282,85.80646403024987,0.205719,-1.184021,100950.34,0.0,20.714893,0.60321045,877.8947,1.201759558065589,55186.09,15160.516,248.97629,275.50647,-2.733902,-4.5479126,1.9266052,1.2897949,10.3,7.0,72.2,0.475,1.1,6,9,0,3,1.0,6.123233995736766e-17,1,0.12186934340514748,0.992546151641322
2026-03-09 07:00:00,114.14418497700562,145.8348799182422,173.75209504343383,0.3584733977446907,1.5222159022487245,40.72721953500457,40.389145,281.76318,279.0573,83.10923018458436,0.02468872,-0.9455414,100958.88,0.0,22.33586,0.5956116,2121.46,0.94586366459929,55178.76,15166.77,248.87529,275.51752,-2.410843,-4.7255096,2.6652527,1.5377655,10.6,353.0,71.6,0.45,0.8,7,9,0,3,0.9659258262890683,-0.25881904510252063,1,-0.12186934340514723,0.9925461516413221
2026-03-09 08:00:00,115.2432089933572,145.63774655084313,172.5122585590189,0.3455533074175767,1.4969407617937995,38.324029970031695,40.982002,282.75665,278.7539,76.11351979280437,0.1977539,-0.4512329,100989.05,0.0,69.923935,0.57250977,1531.2958,0.4926639168922563,55191.047,15190.984,248.78304,275.5775,-1.5952454,-4.6642303,3.3041992,1.7122498,11.6,4.0,68.7,0.42500000000000004,1.4,8,9,0,3,0.8660254037844387,-0.49999999999999983,1,0.0697564737441253,0.9975640502598242
2026-03-09 09:00:00,115.68237608584568,146.9474092999489,172.88671946857434,0.3446999502981428,1.494494873149766,38.21052128260518,36.890038,284.86365,279.67157,70.48118236520833,0.07539368,-0.07608032,100996.19,0.0,209.28804,0.5571594,2110.6218,0.1071093930299523,55202.207,15205.93,248.73232,275.71747,-0.6212311,-4.557678,3.5540314,1.6896973,12.3,321.0,67.1,0.4,1.6,9,9,0,3,0.7071067811865476,-0.7071067811865475,1,-0.6293203910498378,0.7771459614569706
2026-03-09 10:00:00,128.4192692897292,159.98567194685742,185.34780786918753,0.3261862512454934,1.4433021418905494,42.69681024109511,45.518406,286.3957,279.39847,62.553729747340455,0.26408386,0.3905487,101008.234,0.0,522.6433,0.6676941,1723.6158,0.4714536797864554,55225.79,15230.414,248.41074,275.6067,-0.18385315,-2.5251617,3.0239105,1.552536,13.0,291.0,65.0,0.4,1.7,10,9,0,3,0.49999999999999994,-0.8660254037844387,1,-0.9335804264972017,0.3583679495453004
2026-03-09 11:00:00,118.1794532447624,147.07806847215124,170.51203883495145,0.3336229139894638,1.4428230348889803,43.398357832953344,52.101025,287.82184,279.17218,56.144034016222086,0.3608551,0.8362732,100978.06,5.2452087e-06,722.4408,0.90460205,1725.7423,0.9108069324693626,55203.742,15212.754,248.58772,275.66843,-0.110839844,-2.1246948,2.7341156,1.7204285,14.1,166.0,59.6,0.4,2.0,11,9,0,3,0.258819045102521,-0.9659258262890682,1,0.24192189559966773,-0.9702957262759965
2026-03-09 12:00:00,131.5993050587634,163.41843127235563,189.81249361267243,0.3416252289383054,1.4423517820672622,56.28739014980707,45.671482,289.0424,278.97485,51.20985478307022,0.11151123,0.69522095,100889.766,0.0,853.38226,0.8076477,997.474,0.7041071819936332,55163.96,15153.973,248.7115,275.78665,0.5472412,-2.2075806,3.1026459,1.7502747,15.5,63.0,51.9,0.4,2.7,12,9,0,3,1.2246467991473532e-16,-1.0,1,0.8910065241883679,0.45399049973954686
2026-03-09 13:00:00,125.00415942769546,154.710756259581,177.7844404701073,0.3317209412010725,1.4222281871405462,53.87948237371025,43.65998,289.92462,278.7281,47.59249348035089,-0.16667175,0.23976135,100808.08,0.0,972.88214,0.60284424,2140.912,0.2920016732861046,55132.215,15101.859,248.72604,276.02136,1.4724579,-2.168869,3.4823914,1.6332092,17.1,83.0,44.7,0.7,3.5,13,9,0,3,-0.2588190451025208,-0.9659258262890683,1,0.992546151641322,0.12186934340514749
2026-03-09 14:00:00,106.10804292284108,133.5221052631579,157.11136944302504,0.3500565157559133,1.480673506310909,47.04073114289836,42.031506,290.22083,278.6129,46.33569607395376,-0.3206482,0.2193451,100756.22,0.0,1026.343,0.4657898,2432.5157,0.3884939395373498,55121.81,15072.742,248.68419,276.22864,2.518631,-2.0231934,3.5045624,1.5393219,17.7,93.0,42.7,1.1,3.6,14,9,0,3,-0.4999999999999998,-0.8660254037844388,1,0.9986295347545738,-0.05233595624294384
2026-03-09 15:00:00,115.09938170669392,141.2190751149719,163.25179867143586,0.3337650829451747,1.4183551191360255,52.88794456836183,34.66739,290.1927,278.57855,46.30781680565734,-0.44154358,0.3494568,100702.06,0.0,1038.7615,0.45880127,2724.1194,0.5630992702050469,55100.027,15035.039,248.61021,276.35596,3.815506,-1.8399048,3.1011353,1.6177063,17.4,126.0,42.5,0.5,3.4,15,9,0,3,-0.7071067811865471,-0.7071067811865479,1,0.8090169943749475,-0.587785252292473
2026-03-09 16:00:00,115.74835462442516,144.4255442003066,170.11356668369953,0.3396159112647403,1.4696845217885952,39.49748214521471,24.267172,289.3507,278.8001,49.60854915224455,-0.36790466,0.63920593,100687.57,0.0,861.20404,0.30767822,2738.1375,0.7375215656486802,55091.293,15030.578,248.55998,276.3919,4.786682,-1.5194244,2.397644,2.140396,16.6,200.0,45.0,0.8,3.4,16,9,0,3,-0.8660254037844384,-0.5000000000000004,1,-0.34202014332566866,-0.9396926207859084
2026-03-09 17:00:00,113.05342871742462,144.69363311190597,175.89653551354112,0.3776435226264121,1.5558708475558145,41.729930644333905,20.146217,288.23456,280.5998,60.30201042543928,-0.5167694,1.0023499,100703.96,0.0,56.35331,0.15393066,2710.2188,1.1277215679441313,55099.09,15042.828,248.64497,276.36035,5.255417,-0.9741974,1.327713,2.539566,15.4,227.0,61.5,1.1,3.1,17,9,0,3,-0.9659258262890683,-0.25881904510252063,1,-0.7313537016191703,-0.6819983600624986
2026-03-09 18:00:00,86.36251916198263,102.96486458865613,127.14931527848748,0.3297900213111098,1.4722742578609866,31.48002547740588,28.491089,286.86615,280.5229,65.53332782649336,-0.9426727,0.5033417,100723.42,0.0,27.27401,0.08682251,2356.52,1.068636835545257,55108.746,15054.168,248.72762,276.28522,5.1482086,-0.7728424,0.5682678,2.6031036,14.8,244.0,65.3,0.8,2.2,18,9,0,3,-1.0,-1.8369701987210297e-16,1,-0.8987940462991668,-0.43837114678907774
2026-03-09 19:00:00,84.22776188042923,103.39010730710272,126.23542156361778,0.3408617589467462,1.4987388628951614,31.507403345605457,40.444912,286.10895,280.2406,67.53186002210116,-1.673706,0.013626099,100759.11,0.0,25.498219,0.08862305,1436.2482,1.6737614659831184,55110.44,15077.914,248.73976,276.1477,5.127762,-0.74328613,-0.019454956,2.6284637,14.2,234.0,71.2,0.7,2.6,19,9,0,3,-0.9659258262890684,0.2588190451025203,0,-0.8090169943749473,-0.5877852522924732
2026-03-09 20:00:00,82.09199795605518,100.14560040878897,124.62541134389372,0.3491833375572887,1.5181188535877557,30.65595786256013,37.252968,285.30655,279.92923,69.67675374418056,-1.8111572,-0.38508606,100789.95,0.0,32.835503,0.13006592,1375.1481,1.8516429668589365,55102.78,15093.965,248.68047,276.00818,4.800949,-0.58654785,-0.5369568,2.6038818,13.7,257.0,74.0,0.9,2.5,20,9,0,3,-0.8660254037844386,0.5000000000000001,0,-0.9743700647852351,-0.22495105434386525
2026-03-09 21:00:00,81.379090444558,100.16535002554932,126.00688298415945,0.3616138315200841,1.5483938287760988,29.53424832192225,47.27651,284.70776,280.44733,75.1008170150908,-1.7549133,-0.95047,100819.83,0.0,36.50273,0.25302124,1363.7261,1.99577401311293,55118.004,15114.391,248.63708,275.87726,4.589813,-0.20744324,-0.64611816,2.6147614,13.3,287.0,73.4,0.5,1.8,21,9,0,3,-0.7071067811865477,0.7071067811865474,0,-0.9563047559630354,0.2923717047227367
2026-03-09 22:00:00,80.78237608584568,98.14277976494634,121.5600459887583,0.3455419458302257,1.5047842162354184,28.401919853260033,38.40778,284.6236,280.28177,74.66944428596018,-0.14355469,-0.3242035,100811.914,0.0,15.537851,0.786499,1343.391,0.3545643219970759,55088.824,15122.465,248.73941,276.525,3.952057,0.013000488,-1.9746552,3.184555,13.1,296.0,71.1,0.45,1.6,22,9,0,3,-0.5000000000000004,0.8660254037844384,0,-0.898794046299167,0.4383711467890774
2026-03-10 03:00:00,87.92302503832397,103.63094532447624,126.23947879407255,0.3061693478154597,1.435795427912674,21.32755418552198,39.15309,283.65314,279.13684,73.60906271860527,0.19944763,-0.36073303,100728.7,4.7683716e-06,16.053196,0.51153564,1445.1453,0.4121985881169389,55028.973,15018.82,248.78616,275.8817,7.075653,0.027114868,-0.424469,2.1539154,11.9,296.0,79.4,0.4,0.6,3,10,1,3,0.7071067811865475,0.7071067811865476,0,-0.898794046299167,0.4383711467890774
2026-03-10 04:00:00,86.63128257537046,101.22415431783342,125.1649105774144,0.3149523332643872,1.4448003701632697,26.43769003891938,47.10273,283.1297,278.9702,75.35434573829157,-0.031234741,0.11128235,100720.86,6.198883e-06,19.60361,0.5248108,1082.1825,0.1155827429457338,55019.992,15001.773,248.62997,275.6571,5.984833,-0.47045898,-0.003250122,2.1893616,11.5,212.0,81.4,0.35,1.8,4,10,1,3,0.8660254037844386,0.5000000000000001,0,-0.5299192642332048,-0.8480480961564261
2026-03-10 05:00:00,84.76755748594788,100.24526315789474,125.40638221768012,0.3335968566375446,1.4794148192727414,26.327421868552417,54.269123,282.79727,278.95026,76.94530371444388,-0.6249237,0.5059204,100735.59,2.9087067e-05,23.921635,0.5884094,999.949,0.8040429602688217,55028.176,15000.879,248.48067,275.39563,5.8917084,-1.1021271,1.4544678,2.1538086,11.6,241.0,78.8,0.3,1.5,5,10,1,3,0.9659258262890683,0.25881904510252074,0,-0.874619707139396,-0.48480962024633684
2026-03-10 06:00:00,116.73528359734289,146.39873275421564,174.8268063362289,0.3500718189117566,1.4976346435378316,37.47472574825862,52.302002,282.34375,279.2646,81.06836507175848,-1.0448608,0.49699402,100769.805,0.00012397766,28.784477,0.8964844,900.70526,1.157038092412,55026.207,15010.262,248.62831,274.9842,6.276123,-1.7561188,3.1251068,2.4263306,11.3,68.0,77.0,1.3,4.8,6,10,1,3,1.0,6.123233995736766e-17,1,0.9271838545667874,0.37460659341591196
2026-03-10 07:00:00,122.45983648441492,151.51492079713847,175.44280020439447,0.3095373249838093,1.4326558307471422,32.58306174388363,48.65053,282.64163,279.79297,82.40471343579175,-1.5915222,-0.48077393,100802.766,0.0003399849,50.01461,0.96881104,995.2405,1.6625542050894115,55043.055,15016.012,248.81967,274.7055,6.101761,-2.2557068,4.3727264,2.6634064,10.3,73.0,77.9,2.7,5.4,7,10,1,3,0.9659258262890683,-0.25881904510252063,1,0.9563047559630354,0.29237170472273677
2026-03-10 08:00:00,114.36273888605008,146.2964537557486,173.6422125702606,0.3492272511043072,1.5183460342352413,32.028141090770376,57.52002,283.33133,280.41257,82.09769110016484,-1.6364136,-0.40264893,100833.56,0.0004940033,118.99014,0.9323425,961.4862,1.685222724477422,55056.21,15033.484,249.12158,274.62982,5.0741425,-2.2937775,4.4392853,3.083908,10.6,81.0,78.9,3.4,8.0,8,10,1,3,0.8660254037844387,-0.49999999999999983,1,0.9876883405951378,0.15643446504023092
2026-03-10 09:00:00,110.77496167603476,141.88826264690854,169.32436893203882,0.3553100782014036,1.5285436784775444,32.438014487576545,52.26339,283.85638,280.6253,80.43416935451391,-2.2092743,-0.3575287,100854.234,0.0005364418,317.07065,0.9489746,426.21826,2.2380169132435483,55060.234,15047.238,249.03494,274.6824,3.6311188,-2.2134552,4.9939575,3.5927887,10.9,92.0,79.6,3.2,5.9,9,10,1,3,0.7071067811865476,-0.7071067811865475,1,0.9993908270190958,-0.034899496702500955
2026-03-10 10:00:00,110.68286152273888,141.74446090955544,169.21241185487992,0.3507982616839873,1.528804080397872,29.689723947376383,50.676296,283.6721,280.65564,81.59585536668077,-1.3840332,1.0692444,100911.25,0.00075912476,350.61548,0.996521,421.19556,1.7489515389608712,55068.305,15074.543,248.5555,275.23907,0.6072693,-3.0084076,3.0119934,2.8383484,9.8,96.0,83.1,3.1,6.9,10,10,1,3,0.49999999999999994,-0.8660254037844387,1,0.9945218953682733,-0.10452846326765355
2026-03-10 11:00:00,105.66320899335716,135.98908022483394,163.9207051609607,0.3611623439123747,1.5513507981753158,30.35103165477426,54.006,284.46136,280.46857,76.4458043697285,-1.7502747,1.0950775,100914.05,0.00032043457,471.26352,0.9958496,427.6597,2.064620124009824,55088.574,15067.566,248.76045,274.91174,-0.51701355,-3.114151,4.398178,3.7373657,10.3,115.0,82.5,2.3,5.4,11,10,1,3,0.258819045102521,-0.9659258262890682,1,0.90630778703665,-0.42261826174069933
2026-03-10 12:00:00,109.99221768012264,140.65611650485437,167.4223607562596,0.3516526666517417,1.5221291357269031,33.616986039426564,54.597866,284.6028,281.06927,78.89962064284461,-2.0948792,0.9966583,100856.64,0.0003528595,414.54062,1.0,461.91205,2.3198807360619917,55064.08,15023.008,248.68819,274.66736,-0.89042664,-3.1838074,6.952667,4.4574127,10.5,128.0,82.7,1.0,2.9,12,10,1,3,1.2246467991473532e-16,-1.0,1,0.788010753606722,-0.6156614753256583
2026-03-10 13:00:00,114.4160756259581,144.9953960143076,171.70935615738375,0.3417359149837767,1.5007450108495266,33.81023758261023,48.863277,285.08844,280.97537,75.92371187039022,-1.5841827,1.2206879,100795.55,0.0004272461,395.8293,1.0,617.1212,1.9999284427663155,55033.32,14982.836,248.68646,274.51672,-0.5705719,-2.5558777,9.156204,5.330948,11.4,73.0,81.2,1.7,3.8,13,10,1,3,-0.2588190451025208,-0.9659258262890683,1,0.9563047559630354,0.29237170472273677
2026-03-10 14:00:00,113.70876341338784,145.3534236075626,172.52607051609607,0.3521274026411921,1.5172627317352434,36.86310097646717,42.51924,285.41006,281.6842,77.99743219034696,-0.7213135,1.2342987,100746.016,0.00038814545,390.53482,0.9847412,648.33356,1.4296105924705302,55003.133,14952.809,248.53694,274.6122,0.6061096,-1.33107,10.865616,5.9579163,11.8,93.0,78.8,1.0,3.2,14,10,1,3,-0.4999999999999998,-0.8660254037844388,1,0.9986295347545738,-0.05233595624294384
2026-03-10 15:00:00,104.7795912110373,135.5761216147164,161.6884057230455,0.3702428780082526,1.5431287936050349,37.99182701047341,40.993526,285.3039,282.3673,82.2500747572309,-0.48770142,0.70224,100740.45,0.00027179718,345.86664,0.98999023,801.5156,0.8549816914238669,54988.812,14956.66,248.31482,274.5025,2.0906067,-0.18840027,11.64975,6.2610626,11.8,147.0,77.4,0.6,2.0,15,10,1,3,-0.7071067811865471,-0.7071067811865479,1,0.5446390350150273,-0.8386705679454239
2026-03-10 16:00:00,116.74727644353602,145.6436995401124,170.41543178334186,0.3296307575279739,1.4596951253596646,39.1972961377092,45.21486,285.33167,282.2839,81.64020731718065,0.3416443,0.24523926,100702.33,0.000118255615,110.99512,0.99401855,1429.7236,0.4205509747555432,54931.195,14926.18,248.04485,274.38992,3.296936,1.3679657,11.458786,6.3629913,12.5,314.0,74.0,0.3,1.8,16,10,1,3,-0.8660254037844384,-0.5000000000000004,1,-0.7193398003386512,0.6946583704589973
2026-03-10 17:00:00,99.81984670413898,132.66276443536026,165.74599386816556,0.4050970818398697,1.6604512797838398,30.52555036988172,45.431202,284.7334,282.2888,84.9520958906638,0.7826996,-0.5368042,100721.5,5.6743622e-05,64.58076,0.97927856,994.1545,0.9490929422231524,54927.06,14940.094,247.8695,274.4051,4.469345,2.1215363,10.931274,5.9999695,12.2,247.0,77.2,0.9,2.7,17,10,1,3,-0.9659258262890683,-0.25881904510252063,1,-0.9205048534524403,-0.3907311284892738
2026-03-10 18:00:00,90.22453755748596,105.72313745528872,131.9853960143076,0.3186310761954629,1.4628547635099738,23.644195004219416,38.40776,284.61304,282.0692,84.37227455747635,0.831131,-0.745697,100755.32,2.6226044e-05,59.33288,0.92108154,918.4547,1.1166211331378249,54938.84,14967.285,247.67479,274.41705,5.8854065,2.530075,10.177063,5.7910004,11.6,205.0,82.7,1.2,3.2,18,10,1,3,-1.0,-1.8369701987210297e-16,1,-0.4226182617406993,-0.90630778703665
2026-03-10 19:00:00,89.51238119570772,104.94865610628511,127.75893203883496,0.3032541862090361,1.427276639331371,23.481832162256204,44.973526,284.0954,281.98828,86.84110252077271,0.8141327,-0.76174927,100816.65,1.001358e-05,42.974537,0.89837646,587.4178,1.114932286533502,54964.56,15012.41,247.49315,274.42734,7.1746216,2.9555664,8.787125,5.7961426,11.0,198.0,90.4,0.8,2.2,19,10,1,3,-0.9659258262890684,0.2588190451025203,0,-0.3090169943749473,-0.9510565162951536
2026-03-10 20:00:00,87.63542156361778,101.45149718957587,123.5329994890138,0.293767208168868,1.4096240524125576,23.03497091760655,51.022903,283.05548,281.7638,91.6748288976736,0.5565338,-0.7668457,100823.16,2.861023e-06,29.379503,0.78982544,528.3605,0.9475136928566942,54953.402,15015.418,247.39223,274.4951,8.1671295,3.284027,6.8348846,5.4748535,10.9,214.0,91.5,0.6,1.7,20,10,1,3,-0.8660254037844386,0.5000000000000001,0,-0.5591929034707467,-0.8290375725550418
2026-03-10 21:00:00,87.81354113438937,103.87156361778231,126.08196218702096,0.3053080703549057,1.4357917824800397,22.366239695242676,47.498627,282.87408,281.45407,90.86960682856667,0.3876648,-0.698822,100857.91,2.861023e-06,22.335514,0.70602417,448.436,0.7991471609428642,54970.344,15045.078,247.38214,274.52496,8.445145,3.8244781,4.233963,4.8621216,10.8,253.0,90.9,0.9,2.3,21,10,1,3,-0.7071067811865477,0.7071067811865474,0,-0.9563047559630353,-0.2923717047227371
2026-03-10 22:00:00,86.70848748083802,102.01028615227388,125.36383750638733,0.3097121441485399,1.4458081290863682,20.506594157021823,54.393623,282.58313,281.19263,91.0318576733592,0.6680908,-0.002532959,100867.016,1.9073486e-06,25.623213,0.5340576,714.1332,0.6680956016364242,54978.613,15060.242,247.12146,274.2619,10.400467,0.3090515,3.484192,4.6322784,10.7,256.0,89.4,0.9,2.3,22,10,1,3,-0.5000000000000004,0.8660254037844384,0,-0.9702957262759965,-0.24192189559966779
2026-03-11 03:00:00,88.93873786407767,105.5034542667348,129.2956208482371,0.3177809570137873,1.4537604479172523,26.80421080547856,54.43443,281.8942,280.9009,93.48375648300208,0.5908966,-0.33447266,100798.78,7.1525574e-07,28.424797,0.69433594,397.33398,0.6789924536981509,54935.527,14979.465,247.52518,274.11398,9.746689,3.3498535,-0.9887848,3.6563416,10.0,300.0,95.1,0.6,1.4,3,11,2,3,0.7071067811865475,0.7071067811865476,0,-0.8660254037844386,0.5000000000000001
2026-03-11 04:00:00,85.66776188042923,101.18941747572816,123.518788962698,0.3114686128307141,1.4418351175470678,22.66788476466646,57.549683,281.63745,280.73123,94.02780411196184,0.52867126,-0.27131653,100804.984,1.4305115e-06,29.39434,0.92196655,349.05396,0.5942271961137663,54932.26,14983.766,247.66417,273.92044,9.765137,3.3512726,-0.66070557,2.6378021,10.2,319.0,87.4,0.4,1.4,4,11,2,3,0.8660254037844386,0.5000000000000001,0,-0.6560590289905074,0.7547095802227719
2026-03-11 05:00:00,86.86058763413388,102.96575370464996,127.02424629535004,0.3228938442882411,1.46239218836508,26.420615611745212,54.1334,281.4502,280.63702,94.61829393729876,0.51802063,0.008987427,100782.97,1.4305115e-06,29.00764,0.9180603,332.17484,0.5180985880599147,54914.11,14965.309,247.83116,273.93793,9.982925,2.7104034,-0.56259155,2.054947,9.6,29.0,87.4,0.6000000000000001,1.2,5,11,2,3,0.9659258262890683,0.25881904510252074,0,0.48480962024633706,0.8746197071393957
2026-03-11 06:00:00,102.85061318344404,138.14320388349515,172.94355135411345,0.4115581706764445,1.681502368528902,32.691666028528616,48.644238,281.40356,280.41263,93.47423466165728,0.54818726,0.06651306,100790.19,9.536743e-07,28.315147,0.9038086,149.95723,0.5522076232513194,54923.18,14966.707,248.03111,273.99707,10.347275,2.2899628,-0.5342407,1.8591919,9.8,264.0,90.4,0.8,2.3,6,11,2,3,1.0,6.123233995736766e-17,1,-0.9945218953682734,-0.10452846326765336
2026-03-11 07:00:00,117.31073582013286,147.488942258559,174.23556463975473,0.3390149002599985,1.4852482335602586,38.03452859331825,49.977325,282.1234,280.9468,92.3365777944281,0.68940735,-0.09529114,100815.25,4.7683716e-07,43.807945,0.8720398,518.51,0.695961849239254,54941.582,14983.523,248.15558,274.0266,10.727661,2.1096802,-0.13200378,1.8282776,9.8,258.0,91.3,1.2,2.8,7,11,2,3,0.9659258262890683,-0.25881904510252063,1,-0.9781476007338056,-0.2079116908177598
2026-03-11 08:00:00,114.23028104241186,147.5917271333674,175.58915687276445,0.3562798908777489,1.5371506901083465,32.58821687464779,46.822506,282.8617,281.48297,91.12343701907498,0.47991943,-0.004119873,100828.31,4.7683716e-07,102.564285,0.81832886,201.26024,0.4799371132190768,54955.11,14994.289,248.19806,274.02655,11.209961,2.0994568,-0.06791687,2.0983734,10.3,239.0,87.1,0.7,2.2,8,11,2,3,0.8660254037844387,-0.49999999999999983,1,-0.8571673007021121,-0.5150380749100544
2026-03-11 09:00:00,138.75584568216658,170.37595298926928,195.25553909044456,0.3052404482598186,1.4071878321473248,41.47675368640042,57.20826,283.93207,281.6042,85.53797208950333,0.42749023,0.23841858,100837.27,1.4305115e-06,206.279,0.8608093,378.77725,0.4894806595103317,54972.84,15005.645,248.28807,274.11374,11.331512,2.153656,-0.51885986,2.5615997,10.8,249.0,85.3,0.9,2.5,9,11,2,3,0.7071067811865476,-0.7071067811865475,1,-0.9335804264972015,-0.3583679495453007
2026-03-11 10:00:00,145.6244711292795,178.2840163515585,204.29858456821665,0.3055292936278778,1.402913820603234,45.245951737665806,58.851875,285.0617,281.8773,80.85530649659067,1.1221008,1.2299957,100828.93,1.7166138e-05,609.28894,0.76660156,471.46725,1.664932319158689,54966.867,14991.891,248.53224,273.25708,11.044601,0.21165466,-3.4678955,0.8074188,11.1,244.0,82.3,0.8,2.5,10,11,2,3,0.49999999999999994,-0.8660254037844387,1,-0.8987940462991668,-0.43837114678907774
2026-03-11 11:00:00,118.18997956055186,148.81676034747062,175.5167858967808,0.3374551823880227,1.4850394683571242,34.56661549973895,64.35078,286.03253,281.70966,75.00756603245455,0.802063,1.2217865,100798.03,4.005432e-05,784.3489,0.8406372,640.165,1.4615290991120398,54966.87,14989.242,248.6192,273.61902,10.509628,-0.20600891,-2.8392181,2.2231293,11.8,277.0,77.2,0.6,1.9,11,11,2,3,0.258819045102521,-0.9659258262890682,1,-0.992546151641322,0.12186934340514768
2026-03-11 12:00:00,126.45434338272868,157.27413387838527,182.21192641798672,0.321888492799216,1.440930537479213,40.11246700978568,55.052757,287.14407,281.3719,68.1915172015525,0.6388092,1.116272,100742.266,7.724762e-05,916.17914,0.99401855,815.6489,1.286133885716662,54945.18,14968.566,248.65346,273.8529,10.743637,0.79039,-1.3210297,2.7164154,12.4,263.0,74.1,0.7,2.8,12,11,2,3,1.2246467991473532e-16,-1.0,1,-0.9925461516413221,-0.12186934340514717
2026-03-11 13:00:00,108.07099642309656,137.74546244251405,163.42352069494123,0.3523695286516104,1.512186660544459,34.93504866735253,59.53307,287.50583,281.22394,65.94707201897143,0.82151794,1.0536346,100662.0,1.04904175e-05,815.753,0.9986267,1114.0759,1.3360529914861177,54909.883,14921.289,248.99707,274.05222,10.711914,1.4369507,-1.0953064,2.649475,13.5,224.0,69.0,0.8,2.7,13,11,2,3,-0.2588190451025208,-0.9659258262890683,1,-0.6946583704589974,-0.7193398003386511
2026-03-11 14:00:00,106.22661216147164,135.01124680633623,160.19705160960655,0.3543880370646993,1.5080688995148157,38.53894319317087,45.222504,287.4684,280.63666,63.515571541299906,0.9452667,0.87654114,100592.56,1.335144e-05,894.46686,0.9992981,1216.8138,1.2891289711434577,54887.99,14870.547,249.19333,274.15015,10.532166,1.6014404,-1.61026,3.208313,14.0,236.0,64.0,0.6,2.6,14,11,2,3,-0.4999999999999998,-0.8660254037844388,1,-0.8290375725550418,-0.5591929034707466
2026-03-11 15:00:00,102.25212570260602,131.5267245784364,157.05532958610118,0.3687743169372893,1.5359614968487345,42.61963175377895,55.443054,287.5415,280.56653,62.914149625666994,0.7896576,0.5071106,100538.53,3.8146973e-06,1106.8885,1.0,932.47424,0.9384669870965732,54874.207,14833.594,249.24664,274.15125,10.476471,1.8736572,-2.039215,3.76474,14.3,206.0,59.1,0.5,2.1,15,11,2,3,-0.7071067811865471,-0.7071067811865479,1,-0.43837114678907746,-0.8987940462991669
2026-03-11 16:00:00,102.6125447112928,133.98176801226367,160.74488502810425,0.3861705226172173,1.5665227279359255,42.62076116384962,49.658417,287.24982,279.96213,61.5145051585483,0.22721863,-0.061904907,100491.08,0.0,194.75307,1.0,929.72424,0.2355005803172373,54866.04,14795.695,249.5497,274.1753,10.158752,2.9398956,-2.5708923,4.4710236,14.3,186.0,56.1,0.4,2.0,16,11,2,3,-0.8660254037844384,-0.5000000000000004,1,-0.1045284632676535,-0.9945218953682733
2026-03-11 17:00:00,99.66844149207972,130.13268778742977,160.25512008175778,0.4018701999539341,1.6078822551530558,42.04374497694363,42.20011,286.151,281.00702,70.96342794875406,-0.15550232,-0.80133057,100471.78,0.0,98.503204,0.9992981,1017.225,0.8162791519706399,54869.883,14778.496,249.86119,274.41226,9.29657,4.0928345,-2.9550323,4.233032,13.9,250.0,60.5,0.8,2.9,17,11,2,3,-0.9659258262890683,-0.25881904510252063,1,-0.9396926207859084,-0.34202014332566855
2026-03-11 18:00:00,82.07019928461932,102.93240163515586,120.87879918242209,0.3358496602232038,1.4728707711595024,34.10196856619743,38.234596,284.82162,280.88147,76.77919607162929,-0.5851898,-1.1674957,100512.22,0.0,42.952534,0.980011,886.98114,1.3059453708109423,54905.234,14811.059,249.98575,274.583,8.205734,4.366089,-3.1020966,3.9146423,13.4,246.0,63.9,0.9,2.4,18,11,2,3,-1.0,-1.8369701987210297e-16,1,-0.913545457642601,-0.4067366430758001
2026-03-11 19:00:00,81.68536535513542,101.26408788962698,122.68585590189063,0.3479229655818124,1.5019318805341637,34.25500022774556,42.23345,284.03107,280.53253,79.00339337867871,-0.9153137,-0.97143555,100537.5,0.0,38.13636,0.98669434,791.88464,1.3347232661535096,54917.58,14829.578,249.97134,274.65143,7.259674,3.8631592,-3.0842743,4.0169525,13.0,239.0,66.9,0.8,2.1,19,11,2,3,-0.9659258262890684,0.2588190451025203,0,-0.8571673007021121,-0.5150380749100544
2026-03-11 20:00:00,83.5243178334185,102.1847112927951,124.77115482881962,0.3398400358361876,1.4938302589173351,32.129298180902275,37.41442,283.74176,280.70575,81.49628301264151,-1.22258,-0.8170624,100534.53,0.0,38.461338,0.9701843,630.3917,1.470473672628572,54912.645,14824.285,249.93048,274.86047,6.879425,3.5667114,-2.8763428,4.212036,12.6,201.0,69.5,0.7,1.4,20,11,2,3,-0.8660254037844386,0.5000000000000001,0,-0.35836794954530043,-0.9335804264972016
2026-03-11 21:00:00,85.53545222278998,98.87163004598877,121.32470618293306,0.3083847798565973,1.4184142552787389,30.64309094710061,26.190094,283.40253,280.90717,84.51294238653864,-1.2400208,-0.7634125,100534.45,1.4305115e-06,42.072823,0.9442444,626.82556,1.456176579123868,54908.047,14823.637,249.87558,275.17206,6.081192,3.686386,-2.3245087,4.1908875,12.7,216.0,68.2,0.6,1.5,21,11,2,3,-0.7071067811865477,0.7071067811865474,0,-0.587785252292473,-0.8090169943749475
2026-03-11 22:00:00,80.70967296882984,98.02453244762393,120.63473173224322,0.3417736589165095,1.4946749974337958,29.64157334300321,32.1913,283.31528,280.39066,82.0627353507894,-0.8991852,-1.6588593,100513.19,1.1444092e-05,95.45199,0.8211365,761.3219,1.8868884972609088,54864.39,14831.078,249.0789,275.22723,5.6345215,3.3846893,-0.32958984,2.7742157,12.4,357.0,70.8,0.5,1.3,22,11,2,3,-0.5000000000000004,0.8660254037844384,0,-0.05233595624294437,0.9986295347545738
2026-03-12 03:00:00,87.20201839550332,100.90982115482882,125.9964690853347,0.3182696131000289,1.4448801754679532,29.041448209860672,41.397324,282.81284,281.44,91.15655592570792,-0.23135376,-1.1020508,100398.414,0.00042915344,23.911678,1.0,1080.5378,1.1260730562653465,54685.918,14715.016,248.6895,275.29657,1.8940582,1.2405396,6.136032,-0.74523926,11.0,147.0,83.8,0.4666666666666667,1.0,3,12,3,3,0.7071067811865475,0.7071067811865476,0,0.5446390350150273,-0.8386705679454239
2026-03-12 04:00:00,86.79066428206438,102.66714358712316,127.54714869698518,0.3285338238524836,1.469595241406028,29.198978896305835,44.726974,282.52673,281.14154,91.06088741141711,-0.09954834,-0.93304443,100400.55,0.00052690506,26.494864,1.0,1879.38,0.9383399066174158,54649.277,14712.086,248.46684,275.04663,-0.057785034,0.34803772,5.6451263,-1.9040527,10.6,295.0,90.4,0.43333333333333335,1.3,4,12,3,3,0.8660254037844386,0.5000000000000001,0,-0.9063077870366498,0.4226182617406996
2026-03-12 05:00:00,86.86058763413388,102.96575370464996,127.02424629535004,0.3228938442882411,1.46239218836508,26.420615611745212,41.67982,282.43433,280.80408,89.54784203966877,-0.10934448,-1.113617,100407.02,0.00060749054,28.077953,1.0,1996.2699,1.118972313328382,54638.25,14708.719,248.0827,274.87646,-2.3585663,-0.48698425,4.5098114,-2.7636414,10.3,18.0,96.0,0.4,1.3,5,12,3,3,0.9659258262890683,0.25881904510252074,0,0.3090169943749474,0.9510565162951535
2026-03-12 06:00:00,102.85061318344404,138.14320388349515,172.94355135411345,0.4115581706764445,1.681502368528902,32.691666028528616,46.96611,282.37964,280.97968,90.95943272404412,-0.174057,-1.1548309,100451.86,0.000415802,29.393284,1.0,1232.5084,1.167874242734983,54666.453,14739.883,247.89839,274.73535,-3.6770172,-1.5645294,3.8001099,-3.2971344,10.1,18.0,93.9,0.45,0.6,6,12,3,3,1.0,6.123233995736766e-17,1,0.3090169943749474,0.9510565162951535
2026-03-12 07:00:00,117.31073582013286,147.488942258559,174.23556463975473,0.3390149002599985,1.4852482335602586,38.03452859331825,46.570496,282.76086,281.5188,91.96499004190936,-0.26200867,-1.1122742,100499.53,0.00012731552,25.837431,1.0,3325.8936,1.1427171299760974,54704.01,14776.391,247.8849,274.73184,-3.6923218,-2.6491852,3.3712158,-3.427185,10.6,54.0,86.6,0.5,1.3,7,12,3,3,0.9659258262890683,-0.25881904510252063,1,0.8090169943749475,0.5877852522924731
2026-03-12 08:00:00,114.23028104241186,147.5917271333674,175.58915687276445,0.3562798908777489,1.5371506901083465,32.58821687464779,40.52075,284.1416,282.2699,88.23522049355329,-0.20179749,-0.45072937,100574.93,6.580353e-05,31.597454,1.0,3785.6174,0.4938412618958616,54784.363,14839.914,247.91179,274.87183,-2.7768707,-3.393921,2.5247955,-3.2976837,11.3,92.0,78.2,1.0,2.0,8,12,3,3,0.8660254037844387,-0.49999999999999983,1,0.9993908270190958,-0.034899496702500955
2026-03-12 09:00:00,138.75584568216658,170.37595298926928,195.25553909044456,0.3052404482598186,1.4071878321473248,41.47675368640042,41.960182,285.94516,283.0936,82.80115297429094,-0.19985962,0.22406006,100598.09,5.2452087e-06,190.75143,1.0,4195.508,0.3002445306641704,54837.754,14864.152,248.17342,275.05045,-1.3495026,-3.935318,1.2510681,-2.902954,12.6,81.0,71.2,0.8333333333333334,2.1,9,12,3,3,0.7071067811865476,-0.7071067811865475,1,0.9876883405951378,0.15643446504023092
2026-03-12 10:00:00,145.6244711292795,178.2840163515585,204.29858456821665,0.3055292936278778,1.402913820603234,45.245951737665806,40.16154,287.7154,283.5481,76.07710391950039,-0.1491394,1.7470398,100606.14,1.2397766e-05,488.75912,0.99401855,2460.301,1.7533940297082111,54907.785,14927.129,247.846,275.94122,-0.0017242432,-3.5112762,-1.9778442,-2.6774292,13.2,198.0,66.7,0.6666666666666667,1.6,10,12,3,3,0.49999999999999994,-0.8660254037844387,1,-0.3090169943749473,-0.9510565162951536
2026-03-12 11:00:00,122.36287174246296,148.26548799182422,168.50577925396016,0.304362684441831,1.3770989147060493,45.279597873673254,41.950733,288.5916,283.33197,70.8775812544139,-0.23754883,1.274765,100600.48,0.00014781952,681.7505,1.0,2566.8281,1.296709393757664,54949.17,14929.609,247.9923,276.01706,0.2033844,-3.3366394,-2.9670563,-2.0660553,14.1,256.0,62.6,0.5,2.1,11,12,3,3,0.258819045102521,-0.9659258262890682,1,-0.9702957262759965,-0.24192189559966779
2026-03-12 12:00:00,113.37167603474708,144.4673786407767,170.96890137966275,0.3508215585470254,1.5080389198729311,36.48514022172653,46.650352,289.3556,282.9206,65.6665752054998,-0.3766632,0.7477722,100581.16,2.9563904e-05,814.73285,0.9992981,916.7947,0.8372803767717717,54949.35,14929.441,248.01466,276.02502,0.5721741,-2.8819733,-4.316696,-1.620224,15.0,185.0,60.8,0.6,2.9,12,12,3,3,1.2246467991473532e-16,-1.0,1,-0.08715574274765794,-0.9961946980917455
2026-03-12 13:00:00,112.3211343893715,142.85404190086868,166.9013796627491,0.3527799991754163,1.4859303111936164,45.91566199304966,41.888435,290.13275,281.69736,57.559738181480505,-0.364563,0.46055603,100506.42,1.1444092e-05,920.88617,0.9824829,1120.5503,0.5873823607654225,54935.73,14883.199,248.06314,276.28824,0.38919067,-2.3395844,-5.5496216,-1.9342346,16.2,202.0,57.7,0.8,3.3,13,12,3,3,-0.2588190451025208,-0.9659258262890683,1,-0.374606593415912,-0.9271838545667874
2026-03-12 14:00:00,106.2575319366377,134.83313745528872,160.47038834951456,0.3560966335478898,1.5102024667296243,47.75826557394415,47.08664,290.44208,281.39288,55.29144364148305,-0.45230103,0.4837036,100460.59,0.0,933.9201,0.89779663,1372.2931,0.6622276001436522,54947.715,14863.086,248.07706,276.8096,0.17874146,-2.3292694,-5.857361,-2.698761,17.2,222.0,53.0,0.8,3.6,14,12,3,3,-0.4999999999999998,-0.8660254037844388,1,-0.6691306063588582,-0.7431448254773942
2026-03-12 15:00:00,78.27389882473173,103.71973428717423,127.72032703117016,0.4033521230118985,1.6317102804019885,39.852599375420134,36.528423,290.48798,281.50565,55.55449178707084,-1.0432434,0.9919586,100442.625,0.0,796.56995,0.80825806,1318.062,1.4395619666264874,54963.77,14863.648,248.08939,277.3678,-0.44448853,-2.8021545,-5.845825,-2.8636932,18.0,187.0,48.9,0.7,3.0,15,12,3,3,-0.7071067811865471,-0.7071067811865479,1,-0.12186934340514731,-0.9925461516413221
2026-03-12 16:00:00,77.48082779764947,103.8009402146142,129.09246295350025,0.4133642802464736,1.6661213484259545,42.06403357092523,27.141212,289.87466,281.9303,59.438410757628226,-0.97161865,2.0244293,100402.92,0.0,615.9577,0.47094727,2340.4663333333333,2.2455192699521223,54959.633,14837.668,248.30347,277.67035,-1.2293549,-3.276413,-5.6280518,-1.9586029,17.7,144.0,49.4,1.1,3.8,16,12,3,3,-0.8660254037844384,-0.5000000000000004,1,0.5877852522924732,-0.8090169943749473
2026-03-12 17:00:00,85.02719979560551,114.60590189064897,142.34506387327542,0.4315679832414673,1.6741120787388346,47.88543915283713,18.998848,288.48352,283.68402,73.06666346975284,-0.8603668,1.3089294,100435.484,0.0,180.55817,0.39483643,3362.8706666666667,1.5663739032321111,54970.016,14850.176,248.47124,277.5967,-1.7108002,-3.6255188,-4.809189,-1.6877136,16.2,142.0,56.7,1.4,3.9,17,12,3,3,-0.9659258262890683,-0.25881904510252063,1,0.6156614753256584,-0.7880107536067219
2026-03-12 18:00:00,71.37809402146142,95.47872253449157,112.60029126213593,0.3851072156447213,1.5775188624504497,36.01727058938739,17.180943,286.88507,283.54132,80.24355011945887,-1.3802032,1.5152893,100508.72,0.0,93.17005,0.35513306,4385.275,2.0496493690347943,55000.934,14899.246,248.50343,277.3152,-1.0879669,-4.020355,-5.13179,-1.1949463,15.2,159.0,62.2,1.1,2.9,18,12,3,3,-1.0,-1.8369701987210297e-16,1,0.3583679495453002,-0.9335804264972017
2026-03-12 19:00:00,75.32129790495657,96.41838017373531,117.88629535002556,0.3869129842593787,1.5651123528655448,37.43486319974703,16.639767,285.00702,282.1805,82.82505317492644,-1.8358002,1.3492126,100572.92,0.0,51.60917,0.31323242,1073.0287,2.278275008491907,55020.254,14936.684,248.48546,277.0047,-0.8706665,-4.008728,-5.8494263,-0.732254,14.6,165.0,66.4,0.7,1.9,19,12,3,3,-0.9659258262890684,0.2588190451025203,0,0.258819045102521,-0.9659258262890682
2026-03-12 20:00:00,76.05374552887072,95.75884006131834,118.81483392948392,0.3792790002570122,1.5622482698387603,35.21880386401916,19.730074,284.13324,281.34375,82.92512624264965,-2.0092163,0.2508545,100621.016,0.0,35.70284,0.18746948,996.23,2.024815576875074,55036.57,14961.508,248.36003,276.7473,-1.170517,-4.0766144,-6.620163,-0.46066284,14.0,201.0,70.5,0.7,1.8,20,12,3,3,-0.8660254037844386,0.5000000000000001,0,-0.35836794954530043,-0.9335804264972016
2026-03-12 21:00:00,75.16671946857434,94.6556974961676,119.66042922841083,0.3874828398193256,1.591933617463574,32.76325333335792,24.368057,284.4647,281.9902,84.75142484642582,-1.856842,-0.21354675,100649.3,0.0,36.827156,0.19891357,654.4629,1.8690811719664728,55047.79,14971.773,248.17126,276.48187,-2.157959,-4.1485596,-7.557022,0.016525269,13.3,206.0,72.5,0.6,1.5,21,12,3,3,-0.7071067811865477,0.7071067811865474,0,-0.43837114678907746,-0.8987940462991669
2026-03-12 22:00:00,79.13937659683188,93.68645886561065,118.18750127746551,0.349685819926435,1.493409537279414,31.94390955809296,17.05764,283.17368,281.59827,89.93923591755711,-0.27774048,-0.70059204,100648.8,0.0,14.498273,0.28903198,609.4478,0.7536371678347559,55077.832,14987.203,247.85883,276.18433,-3.7000885,-3.601715,-7.4280396,-0.52215576,12.7,297.0,75.2,0.6,0.8,22,12,3,3,-0.5000000000000004,0.8660254037844384,0,-0.8910065241883679,0.45399049973954664
