Data-Ora,precipitation_cumulative,temperature_mean,wind_direction_mean,relative_humidity_mean,global_radiation_mean,wind_speed_mean,wind_gust_max
2026-01-01 00:00:00,0.0,3.8,212,77.6,0.4,,1.6
2026-01-01 01:00:00,0.0,4.0,215,72.6,0.4,,1.6
2026-01-01 02:00:00,0.0,3.5,,77.0,0.6,,1.0
2026-01-01 03:00:00,0.0,2.6,63,86.6,0.4,,1.9
2026-01-01 04:00:00,0.0,2.0,39,90.4,0.5,,1.2
2026-01-01 05:00:00,0.0,2.0,189,90.1,0.4,,1.9
2026-01-01 06:00:00,0.0,1.4,,92.6,0.4,,1.1
2026-01-01 07:00:00,0.0,1.2,188,93.7,0.4,,2.3
2026-01-01 08:00:00,0.0,1.3,147,94.2,0.6,,1.6
2026-01-01 09:00:00,0.0,1.5,,92.2,17.4,,0.4
2026-01-01 10:00:00,0.0,1.9,,89.4,63.1,,0.4
2026-01-01 11:00:00,0.0,3.0,,83.3,153.1,,1.2
2026-01-01 12:00:00,0.0,3.1,179,81.0,124.8,,2.8
2026-01-01 13:00:00,0.0,3.5,,82.0,96.5,,1.6
2026-01-01 14:00:00,0.0,3.9,186,84.0,85.0,,2.7
2026-01-01 15:00:00,0.0,3.8,185,87.5,54.4,1.3,3.1
2026-01-01 16:00:00,0.0,3.9,196,90.0,47.8,1.0,3.6
2026-01-01 17:00:00,0.0,3.9,195,92.2,11.2,0.9,3.4
2026-01-01 18:00:00,0.0,3.8,282,92.4,2.0,,3.0
2026-01-01 19:00:00,0.0,3.9,275,87.4,1.8,0.6,2.9
2026-01-01 20:00:00,0.0,3.9,262,87.2,1.8,0.8,3.4
2026-01-01 21:00:00,0.0,4.1,277,83.7,1.8,0.8,3.6
2026-01-01 22:00:00,0.0,4.2,287,80.7,1.8,0.9,3.3
2026-01-01 23:00:00,0.0,4.2,271,79.5,1.8,0.9,3.4
2026-01-02 00:00:00,0.0,4.0,237,83.3,1.8,1.0,3.9
2026-01-02 01:00:00,0.0,3.5,243,92.2,1.9,0.8,4.1
2026-01-02 02:00:00,0.0,3.8,253,85.5,1.8,,2.7
2026-01-02 03:00:00,0.0,3.2,219,92.8,1.9,1.3,3.9
2026-01-02 04:00:00,0.0,3.0,240,98.9,1.5,0.8,3.2
2026-01-02 05:00:00,0.0,3.1,258,96.2,1.5,1.1,3.8
2026-01-02 06:00:00,0.0,3.0,264,97.5,1.4,0.8,3.8
2026-01-02 07:00:00,0.0,2.7,268,99.1,0.8,0.7,2.6
2026-01-02 08:00:00,0.0,2.4,281,99.2,0.7,0.7,2.9
2026-01-02 09:00:00,0.0,2.2,314,99.2,13.3,0.6,2.5
2026-01-02 10:00:00,0.0,2.4,218,99.2,50.6,,2.5
2026-01-02 11:00:00,0.0,3.3,215,92.8,100.2,,2.8
2026-01-02 12:00:00,0.0,3.1,191,94.4,117.4,,3.2
2026-01-02 13:00:00,0.0,3.3,200,95.2,119.0,0.8,2.4
2026-01-02 14:00:00,0.0,3.8,201,89.2,102.5,,3.4
2026-01-02 15:00:00,0.0,4.4,216,83.5,128.1,1.5,3.6
2026-01-02 16:00:00,0.0,5.6,211,76.3,120.8,1.0,3.1
2026-01-02 17:00:00,0.0,5.0,202,78.8,35.3,1.1,3.4
2026-01-02 18:00:00,0.0,4.7,,79.1,0.9,,0.2
2026-01-02 19:00:00,0.0,4.5,,78.3,0.9,,0.8
2026-01-02 20:00:00,0.0,4.5,28,82.4,1.6,,3.3
2026-01-02 21:00:00,0.0,4.1,61,87.2,1.5,,3.5
2026-01-02 22:00:00,0.0,3.7,72,90.9,1.8,,4.8
2026-01-02 23:00:00,0.0,3.0,122,98.4,1.8,,2.1
2026-01-03 00:00:00,0.0,2.8,87,99.3,1.7,,1.7
2026-01-03 01:00:00,0.0,2.8,68,99.3,1.3,,2.3
2026-01-03 02:00:00,0.0,2.4,109,99.3,0.9,,2.4
2026-01-03 03:00:00,0.0,1.9,185,99.3,1.8,1.1,3.5
2026-01-03 04:00:00,0.0,1.9,193,99.3,1.6,0.9,2.9
2026-01-03 05:00:00,0.0,1.7,204,99.3,1.7,1.0,2.6
2026-01-03 06:00:00,0.0,1.8,244,99.3,1.5,,1.9
2026-01-03 07:00:00,0.0,2.0,,99.3,1.2,,0.5
2026-01-03 08:00:00,0.0,1.9,178,99.3,1.8,,2.9
2026-01-03 09:00:00,0.0,1.4,183,99.3,11.0,1.1,2.9
2026-01-03 10:00:00,0.0,1.3,192,99.3,34.2,1.6,3.6
2026-01-03 11:00:00,0.0,1.8,181,99.3,74.3,,2.1
2026-01-03 12:00:00,0.0,2.9,29,97.7,131.2,,2.6
2026-01-03 13:00:00,0.0,3.6,96,89.7,238.3,,2.5
2026-01-03 14:00:00,0.0,5.2,196,79.0,313.5,,2.5
2026-01-03 15:00:00,0.0,5.0,185,81.0,245.7,,3.1
2026-01-03 16:00:00,0.0,4.7,174,82.4,138.3,,2.0
2026-01-03 17:00:00,0.0,2.8,149,93.9,29.3,0.4,2.7
2026-01-03 18:00:00,0.0,1.6,118,99.3,2.0,0.6,3.4
2026-01-03 19:00:00,0.0,1.4,71,99.3,2.1,1.5,5.1
2026-01-03 20:00:00,0.0,1.4,63,99.3,1.9,1.6,4.9
2026-01-03 21:00:00,0.0,1.7,71,99.3,1.9,1.4,4.0
2026-01-03 22:00:00,0.0,1.9,59,99.3,1.9,0.9,3.6
2026-01-03 23:00:00,0.0,1.7,48,99.3,1.9,,3.1
2026-01-04 00:00:00,0.0,1.8,,99.3,1.9,,1.1
2026-01-04 01:00:00,0.0,1.5,128,99.3,1.8,,2.8
2026-01-04 02:00:00,0.0,1.9,31,99.3,1.6,,1.6
2026-01-04 03:00:00,0.0,2.0,76,99.3,1.5,,2.0
2026-01-04 04:00:00,0.0,1.7,5,99.3,1.3,,2.6
2026-01-04 05:00:00,0.0,1.3,14,99.3,1.1,,2.0
2026-01-04 06:00:00,0.0,0.9,,99.3,0.9,,1.6
2026-01-04 07:00:00,0.0,1.0,305,99.3,0.8,,1.4
2026-01-04 08:00:00,0.0,0.9,262,99.3,0.9,1.0,4.2
2026-01-04 09:00:00,0.0,0.1,286,99.3,12.3,0.7,3.3
2026-01-04 10:00:00,0.0,-0.1,277,99.3,49.8,0.7,2.8
2026-01-04 11:00:00,0.0,0.3,214,99.3,112.0,0.6,2.7
2026-01-04 12:00:00,0.0,1.5,208,96.2,247.6,0.8,2.4
2026-01-04 13:00:00,0.0,3.0,317,84.7,282.2,0.7,3.3
2026-01-04 14:00:00,0.0,4.6,319,72.4,303.2,,2.1
2026-01-04 15:00:00,0.0,6.3,,57.6,218.7,,1.2
2026-01-04 16:00:00,0.0,6.4,197,54.0,148.4,,2.2
2026-01-04 17:00:00,0.0,5.1,204,69.5,38.8,,2.0
2026-01-04 18:00:00,0.0,4.4,,71.6,0.6,,1.1
2026-01-04 19:00:00,0.0,3.7,299,77.2,0.3,,2.0
2026-01-04 20:00:00,0.0,3.3,329,79.3,0.3,,2.1
2026-01-04 21:00:00,0.0,3.3,,79.6,0.4,,0.1
2026-01-04 22:00:00,0.0,2.8,,83.6,0.4,,0.9
2026-01-04 23:00:00,0.0,2.5,4,84.8,0.4,,2.1
2026-01-05 00:00:00,0.0,2.2,19,78.1,0.4,0.7,1.7
2026-01-05 01:00:00,0.0,1.6,,81.4,0.4,,0.7
2026-01-05 02:00:00,0.0,1.7,,74.8,0.5,,0.0
2026-01-05 03:00:00,0.0,1.8,,73.1,0.5,,0.7
2026-01-05 04:00:00,0.0,1.3,,77.8,0.5,,1.1
2026-01-05 05:00:00,0.0,1.0,28,78.9,0.4,,1.0
2026-01-05 06:00:00,0.0,0.7,29,78.1,0.4,,1.6
2026-01-05 07:00:00,0.0,0.6,28,77.4,0.5,,1.8
2026-01-05 08:00:00,0.0,0.4,37,74.1,0.5,1.1,2.2
2026-01-05 09:00:00,0.0,0.4,35,73.2,24.7,0.9,2.9
2026-01-05 10:00:00,0.0,1.9,31,66.0,137.6,,2.0
2026-01-05 11:00:00,0.0,3.0,33,55.4,176.8,,2.5
2026-01-05 12:00:00,0.0,3.9,,48.7,221.8,,1.8
2026-01-05 13:00:00,0.0,4.6,200,44.1,277.8,,2.2
2026-01-05 14:00:00,0.0,4.4,184,42.8,299.9,1.4,4.0
2026-01-05 15:00:00,0.0,4.0,183,44.7,138.0,0.8,2.9
2026-01-05 16:00:00,0.0,3.6,183,50.8,89.9,0.9,2.2
2026-01-05 17:00:00,0.0,3.7,198,52.0,55.4,,2.5
2026-01-05 18:00:00,0.0,3.0,201,52.1,1.1,,2.3
2026-01-05 19:00:00,0.0,2.9,,55.4,0.4,,1.8
2026-01-05 20:00:00,0.0,3.0,,52.4,0.4,,1.2
2026-01-05 21:00:00,0.0,2.9,,56.9,0.6,,0.3
2026-01-05 22:00:00,0.0,2.6,,60.0,0.7,,1.7
2026-01-05 23:00:00,0.0,2.3,,59.9,0.8,,1.7
2026-01-06 00:00:00,0.0,1.9,352,59.5,0.4,,2.1
2026-01-06 01:00:00,0.0,1.6,169,62.5,0.4,,1.7
2026-01-06 02:00:00,0.0,1.5,198,68.0,0.4,,1.5
2026-01-06 03:00:00,0.0,1.3,20,69.5,0.6,,1.6
2026-01-06 04:00:00,0.0,1.0,,71.5,0.8,,0.0
2026-01-06 05:00:00,0.0,1.2,,68.4,0.5,,0.0
2026-01-06 06:00:00,0.0,1.2,,63.1,0.7,,0.0
2026-01-06 07:00:00,0.0,1.0,,68.2,0.6,,2.1
2026-01-06 08:00:00,0.0,1.1,,68.3,0.7,,0.0
2026-01-06 09:00:00,0.0,0.8,,69.0,16.7,,0.0
2026-01-06 10:00:00,0.0,1.0,,64.1,56.1,,0.0
2026-01-06 11:00:00,0.0,2.1,,58.5,151.4,,1.1
2026-01-06 12:00:00,0.0,3.4,,47.8,227.7,,0.0
2026-01-06 13:00:00,0.0,4.9,173,46.5,361.7,,2.6
2026-01-06 14:00:00,0.0,5.8,164,44.5,326.8,,2.6
2026-01-06 15:00:00,0.0,5.9,176,42.1,238.2,,2.8
2026-01-06 16:00:00,0.0,5.7,163,40.0,166.8,0.6,2.8
2026-01-06 17:00:00,0.0,4.6,117,46.0,37.6,,3.0
2026-01-06 18:00:00,0.0,3.0,140,57.8,1.0,,2.9
2026-01-06 19:00:00,0.0,2.0,134,67.3,0.4,,2.5
2026-01-06 20:00:00,0.0,1.5,73,72.7,0.4,,2.5
2026-01-06 21:00:00,0.0,1.1,69,76.3,0.4,1.0,3.0
2026-01-06 22:00:00,0.0,0.6,35,81.0,0.3,1.4,3.3
2026-01-06 23:00:00,0.0,0.7,58,80.2,0.3,1.3,3.4
2026-01-07 00:00:00,0.0,0.5,60,81.1,0.3,1.2,3.4
2026-01-07 01:00:00,0.0,0.3,41,84.1,0.3,1.0,3.1
2026-01-07 02:00:00,0.0,0.3,34,84.4,0.4,1.0,2.9
2026-01-07 03:00:00,0.0,0.2,33,81.0,0.4,0.9,2.2
2026-01-07 04:00:00,0.0,0.1,15,80.2,0.3,,2.4
2026-01-07 05:00:00,0.0,0.0,8,79.8,0.3,,2.4
2026-01-07 06:00:00,0.0,-0.4,358,79.4,0.3,0.6,2.6
2026-01-07 07:00:00,0.0,-0.3,,79.6,0.3,,0.0
2026-01-07 08:00:00,0.0,-0.3,,80.2,0.5,,0.0
2026-01-07 09:00:00,0.0,-0.1,,85.4,27.5,,0.0
2026-01-07 10:00:00,0.0,1.7,260,76.8,130.4,,2.4
2026-01-07 11:00:00,0.0,2.5,253,72.5,245.6,1.1,4.3
2026-01-07 12:00:00,0.0,2.8,237,70.4,321.6,1.1,4.6
2026-01-07 13:00:00,0.0,3.2,246,68.7,345.0,1.4,4.3
2026-01-07 14:00:00,0.0,3.9,251,63.9,334.1,1.2,4.0
2026-01-07 15:00:00,0.0,3.8,220,65.2,264.8,1.4,4.5
2026-01-07 16:00:00,0.0,3.2,217,68.9,163.2,1.7,4.4
2026-01-07 17:00:00,0.0,2.6,235,68.3,46.8,0.6,3.0
2026-01-07 18:00:00,0.0,1.6,259,73.9,0.7,,2.8
2026-01-07 19:00:00,0.0,0.9,280,80.1,0.3,,3.4
2026-01-07 20:00:00,0.0,0.8,,82.9,0.3,,1.0
2026-01-07 21:00:00,0.0,0.6,299,85.3,0.3,,2.1
2026-01-07 22:00:00,0.0,0.3,,90.0,0.3,,0.0
2026-01-07 23:00:00,0.0,0.0,,90.7,0.3,,2.0
2026-01-08 00:00:00,0.0,-0.3,,93.4,0.3,,1.4
2026-01-08 01:00:00,0.0,-0.3,,92.7,0.3,,1.7
2026-01-08 02:00:00,0.0,-0.3,337,91.1,0.3,0.3,1.7
2026-01-08 03:00:00,0.0,-1.0,206,94.2,0.3,,1.4
2026-01-08 04:00:00,0.0,-1.0,191,94.9,0.3,,1.4
2026-01-08 05:00:00,0.0,-1.2,130,96.7,0.3,,1.6
2026-01-08 06:00:00,0.0,-1.8,174,91.8,0.3,,1.7
2026-01-08 07:00:00,0.0,-1.9,229,94.8,0.3,,1.3
2026-01-08 08:00:00,0.0,-2.1,57,89.1,0.9,,3.2
2026-01-08 09:00:00,0.0,-2.3,146,94.9,52.1,,2.0
2026-01-08 10:00:00,0.0,-1.1,194,88.6,149.6,,1.8
2026-01-08 11:00:00,0.0,1.7,,61.8,217.3,,1.7
2026-01-08 12:00:00,0.0,2.0,322,51.5,187.3,,2.5
2026-01-08 13:00:00,0.0,3.4,320,44.8,281.3,,2.8
2026-01-08 14:00:00,0.0,5.6,240,37.0,326.0,,3.1
2026-01-08 15:00:00,0.0,7.5,240,32.2,259.5,,2.0
2026-01-08 16:00:00,0.0,7.6,266,36.1,153.1,,1.8
2026-01-08 17:00:00,0.0,6.1,181,45.0,42.3,,2.4
2026-01-08 18:00:00,0.0,4.0,191,60.5,1.0,,2.3
2026-01-08 19:00:00,0.0,3.0,210,66.4,0.7,1.4,3.8
2026-01-08 20:00:00,0.0,2.6,217,74.3,0.8,0.7,3.2
2026-01-08 21:00:00,0.0,2.7,47,72.7,1.8,0.8,3.5
2026-01-08 22:00:00,0.0,1.9,159,81.4,1.9,0.5,3.0
2026-01-08 23:00:00,0.0,1.8,49,75.5,1.8,,3.1
2026-01-09 00:00:00,0.0,1.6,134,76.1,1.9,,3.2
2026-01-09 01:00:00,0.0,1.0,105,80.8,1.9,0.7,4.6
2026-01-09 02:00:00,0.0,0.7,82,86.0,1.9,0.8,4.7
2026-01-09 03:00:00,0.0,0.5,74,89.7,1.9,1.3,5.4
2026-01-09 04:00:00,0.0,0.3,69,87.6,1.7,1.0,4.9
2026-01-09 05:00:00,0.0,0.4,64,83.1,1.6,1.2,4.3
2026-01-09 06:00:00,0.0,0.5,74,77.3,1.5,1.0,4.1
2026-01-09 07:00:00,0.0,0.3,40,79.4,1.2,0.8,2.9
2026-01-09 08:00:00,0.0,0.2,22,80.3,1.7,1.3,3.8
2026-01-09 09:00:00,0.0,0.2,10,82.7,5.0,0.4,3.6
2026-01-09 10:00:00,0.0,0.7,72,75.7,33.0,,3.1
2026-01-09 11:00:00,0.0,1.4,8,71.9,53.4,,2.1
2026-01-09 12:00:00,0.0,1.6,191,73.0,85.0,0.5,2.3
2026-01-09 13:00:00,0.0,1.6,198,73.5,70.1,1.0,3.5
2026-01-09 14:00:00,0.0,1.7,199,77.8,81.4,1.7,4.4
2026-01-09 15:00:00,0.0,2.3,209,77.8,120.0,,3.2
2026-01-09 16:00:00,0.0,3.0,297,71.5,61.2,,3.8
2026-01-09 17:00:00,0.0,2.4,293,75.9,20.8,0.9,3.6
2026-01-09 18:00:00,0.0,2.1,273,80.3,1.4,1.0,3.3
2026-01-09 19:00:00,0.0,1.7,274,85.1,0.4,1.0,4.1
2026-01-09 20:00:00,0.0,1.5,302,87.7,0.3,0.8,3.4
2026-01-09 21:00:00,0.0,1.4,302,85.0,0.3,1.1,3.6
2026-01-09 22:00:00,0.0,1.5,304,80.3,0.3,0.9,3.5
2026-01-09 23:00:00,0.0,1.5,301,76.9,0.5,,4.1
2026-01-10 00:00:00,0.0,1.1,216,81.2,0.4,1.3,4.8
2026-01-10 01:00:00,0.0,0.1,220,88.5,0.4,1.7,4.1
2026-01-10 02:00:00,0.0,0.1,276,92.8,0.3,0.7,3.9
2026-01-10 03:00:00,0.0,0.0,290,93.0,0.3,1.2,4.9
2026-01-10 04:00:00,0.0,-0.2,26,94.1,0.3,,2.7
2026-01-10 05:00:00,0.0,0.1,306,92.5,0.3,0.2,1.9
2026-01-10 06:00:00,0.0,-0.3,,94.1,0.3,,2.5
2026-01-10 07:00:00,0.0,-1.0,150,98.3,0.3,,2.5
2026-01-10 08:00:00,0.0,-1.0,20,99.2,0.8,,2.1
2026-01-10 09:00:00,0.0,-0.2,31,97.9,47.9,,3.1
2026-01-10 10:00:00,0.0,0.7,,89.4,81.2,,1.6
2026-01-10 11:00:00,0.0,1.6,,86.0,96.2,,1.4
2026-01-10 12:00:00,0.0,2.3,311,83.5,154.1,,2.8
2026-01-10 13:00:00,0.0,3.8,291,74.4,230.2,,2.7
2026-01-10 14:00:00,0.0,5.6,248,63.6,273.4,0.6,2.5
2026-01-10 15:00:00,0.0,5.6,228,68.2,184.2,1.2,4.6
2026-01-10 16:00:00,0.0,5.0,251,71.0,75.8,1.4,5.3
2026-01-10 17:00:00,0.0,4.3,264,74.0,24.5,1.2,5.0
2026-01-10 18:00:00,0.0,4.3,268,69.8,1.5,1.2,4.3
2026-01-10 19:00:00,0.0,4.5,269,67.8,0.4,0.8,3.5
2026-01-10 20:00:00,0.0,6.0,322,48.3,0.3,1.8,4.4
2026-01-10 21:00:00,0.0,7.2,340,31.1,0.4,2.5,6.6
2026-01-10 22:00:00,0.0,7.8,333,26.6,0.4,2.7,7.7
2026-01-10 23:00:00,0.0,7.6,324,27.2,0.4,3.5,7.9
2026-01-11 00:00:00,0.0,7.2,332,26.7,0.3,2.6,6.5
2026-01-11 01:00:00,0.0,7.2,322,26.1,0.3,4.5,10.2
2026-01-11 02:00:00,0.0,6.8,328,27.0,0.3,4.3,10.6
2026-01-11 03:00:00,0.0,6.3,333,29.0,0.3,3.2,7.3
2026-01-11 04:00:00,0.0,5.9,329,30.3,0.2,2.9,6.3
2026-01-11 05:00:00,0.0,5.7,326,30.7,0.3,3.0,6.4
2026-01-11 06:00:00,0.0,5.3,329,32.1,0.3,2.2,5.1
2026-01-11 07:00:00,0.0,4.7,337,35.0,0.2,1.2,4.1
2026-01-11 08:00:00,0.0,4.6,335,35.6,0.5,,3.1
2026-01-11 09:00:00,0.0,5.6,337,33.1,34.9,,2.0
2026-01-11 10:00:00,0.0,5.7,,38.6,148.5,,0.1
2026-01-11 11:00:00,0.0,8.3,188,30.0,262.8,,2.3
2026-01-11 12:00:00,0.0,9.6,189,29.4,339.6,,3.5
2026-01-11 13:00:00,0.0,10.2,202,30.1,371.7,1.6,4.0
2026-01-11 14:00:00,0.0,12.3,356,18.6,354.4,2.1,6.5
2026-01-11 15:00:00,0.0,12.4,5,18.5,290.0,0.9,6.0
2026-01-11 16:00:00,0.0,10.5,196,36.4,187.7,2.5,5.5
2026-01-11 17:00:00,0.0,9.5,208,39.1,59.6,2.5,6.0
2026-01-11 18:00:00,0.0,8.2,215,46.0,1.1,1.7,4.0
2026-01-11 19:00:00,0.0,7.4,224,46.1,0.3,0.7,1.9
2026-01-11 20:00:00,0.0,6.8,47,47.0,0.3,,2.2
2026-01-11 21:00:00,0.0,5.1,57,60.2,0.3,,2.6
2026-01-11 22:00:00,0.0,4.2,52,64.4,0.3,,2.6
2026-01-11 23:00:00,0.0,3.9,43,60.2,0.3,1.0,2.9
2026-01-12 00:00:00,0.0,3.7,63,52.1,0.3,0.8,3.4
2026-01-12 01:00:00,0.0,3.1,65,52.5,0.3,,2.5
2026-01-12 02:00:00,0.0,2.8,59,53.9,0.3,,1.9
2026-01-12 03:00:00,0.0,2.8,31,52.8,0.3,,2.2
2026-01-12 04:00:00,0.0,2.5,22,51.8,0.3,1.1,2.7
2026-01-12 05:00:00,0.0,2.2,61,49.6,0.3,,2.8
2026-01-12 06:00:00,0.0,1.9,,48.3,0.3,,0.6
2026-01-12 07:00:00,0.0,2.0,29,45.2,0.5,,2.8
2026-01-12 08:00:00,0.0,2.5,,43.7,0.9,,1.0
2026-01-12 09:00:00,0.0,2.5,183,46.5,9.2,,1.4
2026-01-12 10:00:00,0.0,3.0,189,57.7,129.4,,1.4
2026-01-12 11:00:00,0.0,4.2,195,69.9,245.6,0.5,2.1
2026-01-12 12:00:00,0.0,5.7,189,56.1,316.0,,3.0
2026-01-12 13:00:00,0.0,6.4,198,49.4,307.5,0.9,3.2
2026-01-12 14:00:00,0.0,6.4,191,51.3,271.4,1.4,3.3
2026-01-12 15:00:00,0.0,7.3,191,49.9,221.4,1.4,3.5
2026-01-12 16:00:00,0.0,6.5,198,53.8,101.8,2.0,4.7
2026-01-12 17:00:00,0.0,6.0,206,54.9,29.6,1.7,4.0
2026-01-12 18:00:00,0.0,5.5,212,59.2,1.4,1.0,2.6
2026-01-12 19:00:00,0.0,5.3,259,60.6,0.5,0.6,2.9
2026-01-12 20:00:00,0.0,5.1,257,60.5,0.9,1.0,3.9
2026-01-12 21:00:00,0.0,5.1,301,57.3,0.9,1.1,4.3
2026-01-12 22:00:00,0.0,4.9,327,56.1,0.8,1.7,4.7
2026-01-12 23:00:00,0.0,5.0,327,55.6,1.2,0.9,3.5
2026-01-13 00:00:00,0.0,5.2,285,52.2,1.7,,4.8
2026-01-13 01:00:00,0.0,4.3,219,61.3,2.0,1.3,4.0
2026-01-13 02:00:00,0.0,4.9,247,59.1,1.8,,2.4
2026-01-13 03:00:00,0.0,4.9,228,57.9,1.8,,3.4
2026-01-13 04:00:00,0.0,5.1,223,56.1,1.6,,2.7
2026-01-13 05:00:00,0.0,5.3,351,55.5,1.5,,2.6
2026-01-13 06:00:00,0.0,5.2,192,59.2,1.5,,1.3
2026-01-13 07:00:00,0.0,5.4,,61.4,1.5,,0.0
2026-01-13 08:00:00,0.0,5.5,,62.9,1.6,,0.0
2026-01-13 09:00:00,0.0,5.7,,60.7,7.4,,1.3
2026-01-13 10:00:00,0.0,5.7,,61.0,31.4,,2.4
2026-01-13 11:00:00,0.0,5.0,,70.2,46.4,,0.0
2026-01-13 12:00:00,0.0,5.3,,61.5,49.1,,0.4
2026-01-13 13:00:00,0.0,5.9,,59.5,53.2,,1.8
2026-01-13 14:00:00,0.0,5.9,,62.5,79.3,,1.8
2026-01-13 15:00:00,0.0,5.5,187,63.9,64.2,0.8,2.7
2026-01-13 16:00:00,0.0,5.5,212,63.3,38.6,,2.3
2026-01-13 17:00:00,0.0,5.1,189,67.5,11.2,1.9,3.8
2026-01-13 18:00:00,0.0,4.7,203,71.2,2.3,1.3,3.3
2026-01-13 19:00:00,0.0,5.0,,73.8,1.6,,1.8
2026-01-13 20:00:00,0.0,5.1,188,77.4,1.4,,2.7
2026-01-13 21:00:00,0.0,4.3,194,96.8,1.6,1.1,3.3
2026-01-13 22:00:00,0.0,4.2,190,99.2,1.8,0.5,1.8
2026-01-13 23:00:00,0.0,3.9,,99.3,1.8,,0.6
2026-01-14 00:00:00,0.0,3.7,191,99.3,2.2,,2.3
2026-01-14 01:00:00,0.0,3.8,199,99.3,1.9,,1.5
2026-01-14 02:00:00,0.0,3.8,194,99.3,2.1,0.6,2.1
2026-01-14 03:00:00,0.0,3.9,0,99.3,2.7,,1.7
2026-01-14 04:00:00,0.2,4.0,322,99.3,2.7,,1.7
2026-01-14 05:00:00,0.2,4.2,292,99.3,2.2,,1.3
2026-01-14 06:00:00,0.0,4.2,267,99.3,2.1,,1.9
2026-01-14 07:00:00,0.0,4.3,279,99.3,1.7,0.5,2.4
2026-01-14 08:00:00,0.0,4.5,260,99.3,1.4,0.8,2.6
2026-01-14 09:00:00,0.0,4.5,274,99.3,8.6,0.9,3.1
2026-01-14 10:00:00,0.0,4.7,244,99.2,25.0,1.0,3.1
2026-01-14 11:00:00,0.0,5.1,266,99.2,61.6,0.8,3.2
2026-01-14 12:00:00,0.0,5.4,263,95.4,35.6,0.9,3.2
2026-01-14 13:00:00,0.0,5.6,261,90.1,52.8,1.2,3.5
2026-01-14 14:00:00,0.0,6.0,247,88.6,62.2,1.0,3.4
2026-01-14 15:00:00,0.0,6.4,261,89.3,53.8,0.6,2.5
2026-01-14 16:00:00,0.0,6.4,243,88.0,35.9,1.0,3.2
2026-01-14 17:00:00,0.0,6.6,264,85.3,8.7,0.5,2.6
2026-01-14 18:00:00,0.0,6.7,294,84.7,2.2,0.7,3.0
2026-01-14 19:00:00,0.0,6.7,296,86.1,1.8,,2.3
2026-01-14 20:00:00,0.0,6.9,,86.5,1.7,,0.3
2026-01-14 21:00:00,0.0,7.3,,83.4,1.7,,0.9
2026-01-14 22:00:00,0.0,7.1,214,86.8,1.8,,3.1
2026-01-14 23:00:00,0.0,6.5,219,90.8,1.7,1.1,3.3
2026-01-15 00:00:00,0.0,6.7,345,87.0,1.5,,2.4
2026-01-15 01:00:00,0.0,6.3,39,93.2,1.2,0.7,3.6
2026-01-15 02:00:00,0.0,5.9,31,99.2,1.7,,1.9
2026-01-15 03:00:00,1.0,5.8,36,99.3,3.3,,2.5
2026-01-15 04:00:00,0.2,5.5,48,99.3,3.6,,2.7
2026-01-15 05:00:00,0.4,5.4,182,99.3,3.4,,1.9
2026-01-15 06:00:00,1.0,5.3,192,99.3,3.9,,1.6
2026-01-15 07:00:00,0.4,5.4,178,99.3,4.1,,1.7
2026-01-15 08:00:00,0.2,5.5,64,99.4,4.4,,2.4
2026-01-15 09:00:00,0.4,5.6,34,99.3,7.6,,1.6
2026-01-15 10:00:00,0.4,5.7,,99.3,16.9,,0.8
2026-01-15 11:00:00,0.8,5.8,33,99.4,37.4,,2.1
2026-01-15 12:00:00,0.0,6.2,51,99.3,78.8,0.7,2.1
2026-01-15 13:00:00,0.4,6.3,102,99.3,65.1,,2.1
2026-01-15 14:00:00,0.4,6.3,162,99.3,65.8,,1.9
2026-01-15 15:00:00,0.4,6.7,39,99.3,69.3,,2.1
2026-01-15 16:00:00,0.0,6.8,48,99.3,37.6,0.8,2.8
2026-01-15 17:00:00,0.0,6.7,81,99.3,15.7,,2.9
2026-01-15 18:00:00,0.0,6.7,,99.3,4.7,,1.4
2026-01-15 19:00:00,0.0,6.6,195,99.3,4.2,,1.4
2026-01-15 20:00:00,0.0,6.5,56,99.3,4.1,,1.5
2026-01-15 21:00:00,0.0,6.4,183,99.3,4.4,,1.8
2026-01-15 22:00:00,0.0,6.5,154,99.3,4.4,,1.6
2026-01-15 23:00:00,0.0,6.5,59,99.3,4.1,,1.7
2026-01-16 00:00:00,0.0,6.6,32,99.2,4.0,,1.7
2026-01-16 01:00:00,0.4,6.8,,99.1,4.3,,0.6
2026-01-16 02:00:00,0.2,6.5,195,99.2,4.8,,1.4
2026-01-16 03:00:00,0.0,6.5,185,99.3,4.5,,1.7
2026-01-16 04:00:00,0.0,6.4,193,99.3,4.1,,1.4
2026-01-16 05:00:00,0.0,6.6,198,99.3,3.9,,1.2
2026-01-16 06:00:00,1.2,6.7,,99.3,4.6,,0.9
2026-01-16 07:00:00,0.6,6.8,,99.3,4.6,,1.1
2026-01-16 08:00:00,0.0,6.8,342,99.3,4.6,,1.9
2026-01-16 09:00:00,0.2,6.7,10,99.3,21.5,0.8,2.7
2026-01-16 10:00:00,0.0,6.9,210,99.3,53.5,,3.4
2026-01-16 11:00:00,0.0,6.8,200,99.3,55.5,1.4,3.5
2026-01-16 12:00:00,0.0,7.3,266,99.3,75.1,0.8,4.0
2026-01-16 13:00:00,0.0,7.4,213,99.2,79.4,1.6,4.3
2026-01-16 14:00:00,0.0,7.4,237,99.2,59.2,1.1,3.5
2026-01-16 15:00:00,0.0,7.8,308,99.2,75.3,1.3,4.3
2026-01-16 16:00:00,0.0,7.9,325,99.2,31.3,0.8,2.5
2026-01-16 17:00:00,0.0,8.0,30,99.2,10.3,,2.3
2026-01-16 18:00:00,0.0,7.9,188,99.2,2.8,,2.0
2026-01-16 19:00:00,0.0,7.6,179,99.3,2.6,1.0,2.9
2026-01-16 20:00:00,0.0,7.5,188,99.3,2.3,1.1,2.7
2026-01-16 21:00:00,0.2,7.6,93,99.3,3.0,0.7,2.4
2026-01-16 22:00:00,0.4,7.4,57,99.3,4.1,1.3,3.8
2026-01-16 23:00:00,0.0,7.3,65,99.3,3.9,1.1,3.6
2026-01-17 00:00:00,0.0,7.3,59,99.3,3.4,,2.8
2026-01-17 01:00:00,0.0,7.3,83,99.3,2.9,1.0,2.6
2026-01-17 02:00:00,0.0,7.2,79,99.3,2.6,1.2,3.5
2026-01-17 03:00:00,0.0,7.1,83,99.3,2.8,1.1,3.3
2026-01-17 04:00:00,0.0,7.0,60,99.3,2.6,,2.9
2026-01-17 05:00:00,0.0,7.1,57,99.3,2.5,1.6,3.2
2026-01-17 06:00:00,0.0,7.1,41,99.3,2.6,1.8,3.7
2026-01-17 07:00:00,0.0,7.2,31,99.3,2.6,1.8,4.9
2026-01-17 08:00:00,0.0,7.4,17,99.3,2.5,0.8,2.6
2026-01-17 09:00:00,0.0,7.6,351,99.3,7.9,0.7,3.3
2026-01-17 10:00:00,0.0,7.9,,99.2,18.3,,0.5
2026-01-17 11:00:00,0.0,8.4,,97.7,33.0,,0.0
2026-01-17 12:00:00,0.0,8.7,2,95.6,63.2,,2.1
2026-01-17 13:00:00,0.0,9.2,345,90.4,80.1,,2.4
2026-01-17 14:00:00,0.0,9.6,324,88.7,109.5,0.6,2.5
2026-01-17 15:00:00,0.0,10.0,299,87.3,104.4,,2.6
2026-01-17 16:00:00,0.0,10.0,203,89.6,69.0,,2.3
2026-01-17 17:00:00,0.2,9.6,204,93.9,21.7,1.1,2.5
2026-01-17 18:00:00,0.0,9.5,,98.9,2.5,,1.4
2026-01-17 19:00:00,0.0,9.4,,98.9,1.3,,1.0
2026-01-17 20:00:00,0.0,9.0,29,99.2,1.3,0.6,1.5
2026-01-17 21:00:00,0.0,9.3,,99.2,1.6,,1.4
2026-01-17 22:00:00,0.0,9.4,,99.2,2.1,,0.0
2026-01-17 23:00:00,0.0,9.4,,99.2,1.8,,0.0
2026-01-18 00:00:00,0.0,9.4,22,98.2,1.8,,2.0
2026-01-18 01:00:00,0.0,9.6,20,92.5,1.8,,1.6
2026-01-18 02:00:00,0.0,9.7,9,90.7,1.8,0.5,2.0
2026-01-18 03:00:00,0.0,9.3,8,92.4,1.2,,1.5
2026-01-18 04:00:00,0.0,9.0,44,93.4,0.6,,2.1
2026-01-18 05:00:00,0.0,8.5,34,97.0,1.4,1.0,2.0
2026-01-18 06:00:00,0.0,8.5,72,94.0,1.5,0.9,3.3
2026-01-18 07:00:00,0.0,8.2,71,94.8,1.5,,3.0
2026-01-18 08:00:00,0.0,8.2,77,88.5,1.9,1.4,3.9
2026-01-18 09:00:00,0.0,8.1,66,86.5,15.4,1.8,3.9
2026-01-18 10:00:00,0.0,8.2,57,85.7,40.0,1.7,3.2
2026-01-18 11:00:00,0.0,8.5,51,82.0,53.0,1.3,3.1
2026-01-18 12:00:00,0.0,8.9,80,74.5,78.9,1.3,5.5
2026-01-18 13:00:00,0.0,9.2,92,70.2,164.2,1.4,4.6
2026-01-18 14:00:00,0.0,9.9,86,68.6,166.1,1.2,5.3
2026-01-18 15:00:00,0.0,10.1,72,65.6,104.4,1.6,4.6
2026-01-18 16:00:00,0.0,9.9,88,66.3,53.6,1.3,5.5
2026-01-18 17:00:00,0.0,9.5,84,69.0,16.0,1.5,3.9
2026-01-18 18:00:00,0.0,9.1,82,70.4,2.4,1.5,4.4
2026-01-18 19:00:00,0.0,8.8,93,71.2,1.7,1.0,4.0
2026-01-18 20:00:00,0.0,8.0,130,82.0,1.7,0.7,4.0
2026-01-18 21:00:00,0.0,7.9,80,75.9,1.7,1.3,3.8
2026-01-18 22:00:00,0.0,7.8,54,73.2,1.8,1.5,4.2
2026-01-18 23:00:00,0.0,7.8,57,70.8,1.8,1.7,4.0
2026-01-19 00:00:00,0.0,7.7,82,68.9,1.8,1.3,3.5
2026-01-19 01:00:00,0.0,7.5,88,67.1,1.8,1.0,3.6
2026-01-19 02:00:00,0.0,7.2,126,67.1,1.8,0.6,3.6
2026-01-19 03:00:00,0.0,6.9,136,69.7,1.8,,2.9
2026-01-19 04:00:00,0.0,6.7,130,70.0,1.5,1.0,4.1
2026-01-19 05:00:00,0.0,6.2,134,71.5,1.6,1.2,5.6
2026-01-19 06:00:00,0.0,6.1,88,74.2,1.5,1.0,3.7
2026-01-19 07:00:00,0.0,5.9,83,76.8,1.3,1.7,4.2
2026-01-19 08:00:00,0.0,5.8,87,75.6,1.3,1.4,4.6
2026-01-19 09:00:00,0.0,5.8,85,69.9,9.3,1.2,4.6
2026-01-19 10:00:00,0.0,6.0,92,61.3,36.8,0.9,3.4
2026-01-19 11:00:00,0.0,6.1,127,56.0,112.1,0.6,3.3
2026-01-19 12:00:00,0.0,6.9,83,53.8,179.6,1.1,3.9
2026-01-19 13:00:00,0.0,7.7,80,51.4,245.2,1.2,4.0
2026-01-19 14:00:00,0.0,7.2,149,55.0,166.8,0.8,3.3
2026-01-19 15:00:00,0.0,7.4,112,54.2,125.4,0.6,3.8
2026-01-19 16:00:00,0.0,7.1,151,50.7,91.2,0.7,2.7
2026-01-19 17:00:00,0.0,7.1,80,46.8,49.2,,3.6
2026-01-19 18:00:00,0.0,6.4,105,48.6,3.9,0.7,3.3
2026-01-19 19:00:00,0.0,6.0,134,51.3,1.6,0.6,2.7
2026-01-19 20:00:00,0.0,6.0,99,51.7,1.4,,2.8
2026-01-19 21:00:00,0.0,5.4,82,57.6,0.5,,2.1
2026-01-19 22:00:00,0.0,5.1,67,57.9,0.5,,2.1
2026-01-19 23:00:00,0.0,4.4,,62.3,0.4,,1.8
2026-01-20 00:00:00,0.0,4.2,,62.6,0.7,,0.9
2026-01-20 01:00:00,0.0,4.6,41,62.3,1.8,,1.5
2026-01-20 02:00:00,0.0,4.9,38,58.6,1.8,0.8,2.8
2026-01-20 03:00:00,0.0,5.2,48,54.9,1.8,,1.8
2026-01-20 04:00:00,0.0,5.2,,54.7,1.5,,1.4
2026-01-20 05:00:00,0.0,5.0,,54.7,1.4,,0.8
2026-01-20 06:00:00,0.0,4.9,50,55.3,1.5,,2.6
2026-01-20 07:00:00,0.0,4.6,93,55.1,1.3,,1.9
2026-01-20 08:00:00,0.0,4.1,175,58.5,1.4,,1.7
2026-01-20 09:00:00,0.0,4.0,187,62.5,27.7,0.7,2.2
2026-01-20 10:00:00,0.0,4.3,191,55.0,72.4,,2.2
2026-01-20 11:00:00,0.0,5.0,186,54.4,194.3,,3.1
2026-01-20 12:00:00,0.0,6.4,160,48.3,327.7,0.7,3.6
2026-01-20 13:00:00,0.0,6.3,190,48.7,283.8,0.7,2.9
2026-01-20 14:00:00,0.0,7.2,196,46.0,242.0,0.6,3.0
2026-01-20 15:00:00,0.0,5.8,191,53.7,118.4,2.8,5.0
2026-01-20 16:00:00,0.0,5.1,186,58.2,60.4,1.7,4.5
2026-01-20 17:00:00,0.0,4.9,190,59.0,25.3,1.8,3.3
2026-01-20 18:00:00,0.0,4.6,193,59.5,2.9,1.9,3.6
2026-01-20 19:00:00,0.0,4.5,198,50.2,1.8,1.5,3.6
2026-01-20 20:00:00,0.0,5.0,187,49.8,1.5,,3.1
2026-01-20 21:00:00,0.0,4.8,179,48.6,1.5,,2.2
2026-01-20 22:00:00,0.0,4.5,130,51.7,1.4,,1.4
2026-01-20 23:00:00,0.0,4.0,159,55.0,0.5,,1.4
2026-01-21 00:00:00,0.0,3.6,177,58.0,0.3,,1.4
2026-01-21 01:00:00,0.0,3.2,185,61.4,0.4,0.7,1.7
2026-01-21 02:00:00,0.0,3.0,184,62.0,0.3,,1.8
2026-01-21 03:00:00,0.0,3.3,,58.7,0.4,,1.2
2026-01-21 04:00:00,0.0,3.0,67,63.5,0.4,,1.2
2026-01-21 05:00:00,0.0,2.7,,65.8,0.7,,0.9
2026-01-21 06:00:00,0.0,3.0,271,63.8,0.4,,1.3
2026-01-21 07:00:00,0.0,2.5,,70.8,0.3,,0.9
2026-01-21 08:00:00,0.0,2.2,,73.6,0.9,,0.0
2026-01-21 09:00:00,0.0,2.5,,75.3,35.2,,0.0
2026-01-21 10:00:00,0.0,3.9,,69.7,135.1,,0.0
2026-01-21 11:00:00,0.0,4.4,,68.8,247.5,,2.1
2026-01-21 12:00:00,0.0,5.4,170,65.7,328.6,0.7,3.0
2026-01-21 13:00:00,0.0,6.7,176,60.7,353.1,,2.8
2026-01-21 14:00:00,0.0,8.3,108,56.5,351.5,,2.6
2026-01-21 15:00:00,0.0,9.1,107,54.0,272.3,0.4,2.7
2026-01-21 16:00:00,0.0,8.0,174,60.0,184.9,0.7,2.9
2026-01-21 17:00:00,0.0,7.3,161,63.7,76.4,0.6,3.1
2026-01-21 18:00:00,0.0,6.0,154,70.5,4.7,0.5,2.8
2026-01-21 19:00:00,0.0,5.1,159,76.0,0.4,,2.2
2026-01-21 20:00:00,0.0,4.5,83,77.0,0.4,,2.7
2026-01-21 21:00:00,0.0,4.0,79,76.2,0.4,0.9,3.3
2026-01-21 22:00:00,0.0,3.6,72,77.5,0.4,0.9,2.6
2026-01-21 23:00:00,0.0,3.2,62,78.9,0.4,1.4,3.1
2026-01-22 00:00:00,0.0,2.8,65,79.8,0.4,,1.8
2026-01-22 01:00:00,0.0,2.8,53,78.2,0.5,,2.1
2026-01-22 02:00:00,0.0,2.7,36,78.1,0.7,,1.8
2026-01-22 03:00:00,0.0,2.8,,77.8,0.5,,0.0
2026-01-22 04:00:00,0.0,2.8,,77.9,0.4,,0.9
2026-01-22 05:00:00,0.0,2.5,211,81.7,0.4,,1.9
2026-01-22 06:00:00,0.0,2.4,222,83.9,0.4,,1.7
2026-01-22 07:00:00,0.0,2.4,,84.9,0.4,,1.0
2026-01-22 08:00:00,0.0,1.7,,91.3,0.9,,1.2
2026-01-22 09:00:00,0.0,1.5,209,94.6,28.6,1.1,3.9
2026-01-22 10:00:00,0.0,1.5,209,95.1,127.3,2.0,4.2
2026-01-22 11:00:00,0.0,1.8,246,98.1,195.6,1.1,3.6
2026-01-22 12:00:00,0.0,3.0,284,95.1,302.0,0.6,2.5
2026-01-22 13:00:00,0.0,4.0,217,85.5,330.3,1.2,3.5
2026-01-22 14:00:00,0.0,4.0,206,86.6,325.2,1.1,3.6
2026-01-22 15:00:00,0.0,4.7,220,84.2,280.5,1.1,4.0
2026-01-22 16:00:00,0.0,5.3,251,80.9,205.7,0.8,3.3
2026-01-22 17:00:00,0.0,3.6,252,90.3,37.0,0.7,2.4
2026-01-22 18:00:00,0.0,2.8,235,98.6,3.7,0.6,2.0
2026-01-22 19:00:00,0.0,2.9,298,99.2,1.0,,1.7
2026-01-22 20:00:00,0.0,2.8,226,99.2,0.5,0.5,2.5
2026-01-22 21:00:00,0.0,2.5,227,99.3,0.7,,1.4
2026-01-22 22:00:00,0.0,2.6,,99.2,0.8,,0.9
2026-01-22 23:00:00,0.0,2.0,46,99.3,0.8,,1.2
2026-01-23 00:00:00,0.0,1.8,60,99.3,1.4,,1.4
2026-01-23 01:00:00,0.0,1.6,206,99.3,1.7,,1.4
2026-01-23 02:00:00,0.0,1.7,195,99.3,1.5,,1.4
2026-01-23 03:00:00,0.0,2.3,49,99.3,1.6,,1.7
2026-01-23 04:00:00,0.0,2.4,204,99.3,1.4,,2.0
2026-01-23 05:00:00,0.0,1.9,201,99.3,1.3,,2.6
2026-01-23 06:00:00,0.0,2.4,,99.3,1.3,,1.0
2026-01-23 07:00:00,0.0,2.8,,99.2,1.2,,1.1
2026-01-23 08:00:00,0.0,3.0,15,99.1,2.0,,1.6
2026-01-23 09:00:00,0.0,3.2,189,98.7,24.8,,1.6
2026-01-23 10:00:00,0.0,3.8,187,96.4,68.3,,2.3
2026-01-23 11:00:00,0.0,3.6,195,95.3,99.8,1.2,3.7
2026-01-23 12:00:00,0.0,4.1,197,92.1,96.3,0.8,2.5
2026-01-23 13:00:00,0.0,4.5,203,87.8,140.7,1.5,3.7
2026-01-23 14:00:00,0.0,4.7,206,86.2,128.1,1.1,3.2
2026-01-23 15:00:00,0.0,4.7,197,87.6,74.9,1.0,3.4
2026-01-23 16:00:00,0.0,5.2,271,87.7,46.0,0.6,2.5
2026-01-23 17:00:00,0.0,5.0,317,91.4,22.2,1.1,2.8
2026-01-23 18:00:00,0.0,5.1,16,85.3,2.8,0.8,3.4
2026-01-23 19:00:00,0.2,4.8,139,93.9,1.9,,2.7
2026-01-23 20:00:00,0.6,3.9,86,99.2,3.7,0.7,3.2
2026-01-23 21:00:00,0.2,3.8,43,99.2,3.3,,2.7
2026-01-23 22:00:00,2.2,3.5,27,99.3,4.5,1.1,3.0
2026-01-23 23:00:00,0.8,3.1,36,99.3,4.7,1.9,4.6
2026-01-24 00:00:00,0.2,3.4,50,99.3,4.8,1.2,3.2
2026-01-24 01:00:00,0.2,3.4,44,99.3,4.7,1.2,3.4
2026-01-24 02:00:00,0.2,3.5,40,99.3,4.9,1.0,3.7
2026-01-24 03:00:00,0.0,3.4,11,99.3,4.9,1.0,3.7
2026-01-24 04:00:00,0.0,3.5,10,99.3,4.4,,2.9
2026-01-24 05:00:00,0.2,3.6,29,99.3,4.4,,2.7
2026-01-24 06:00:00,0.2,3.7,47,99.4,4.3,,2.1
2026-01-24 07:00:00,0.6,3.9,203,99.3,4.1,,1.2
2026-01-24 08:00:00,0.2,4.1,350,99.3,4.4,,2.7
2026-01-24 09:00:00,0.0,4.2,330,99.3,7.7,0.4,3.4
2026-01-24 10:00:00,0.0,4.4,213,99.3,15.2,1.4,3.6
2026-01-24 11:00:00,0.2,4.3,225,99.3,84.8,1.3,3.3
2026-01-24 12:00:00,0.2,5.0,307,99.3,164.1,1.2,3.8
2026-01-24 13:00:00,0.0,6.8,327,97.5,281.2,,3.2
2026-01-24 14:00:00,0.0,6.7,201,93.9,144.3,1.9,4.8
2026-01-24 15:00:00,0.0,5.4,207,99.3,51.9,2.7,6.0
2026-01-24 16:00:00,0.0,5.1,220,99.3,19.7,1.3,4.6
2026-01-24 17:00:00,0.0,5.4,338,99.3,19.9,1.3,4.7
2026-01-24 18:00:00,0.0,5.8,330,99.3,4.0,,1.6
2026-01-24 19:00:00,0.0,5.9,139,99.3,2.5,,2.6
2026-01-24 20:00:00,0.0,5.3,186,99.3,2.4,0.8,2.6
2026-01-24 21:00:00,0.2,5.0,200,99.3,3.2,1.3,3.5
2026-01-24 22:00:00,1.0,5.2,80,99.3,4.0,0.4,2.1
2026-01-24 23:00:00,1.4,5.2,56,99.3,4.4,1.8,4.5
2026-01-25 00:00:00,1.4,5.2,75,99.4,4.1,1.4,5.0
2026-01-25 01:00:00,3.2,4.9,126,99.4,3.7,1.2,4.6
2026-01-25 02:00:00,0.0,4.7,130,99.4,3.7,0.7,4.0
2026-01-25 03:00:00,0.2,4.9,87,99.4,3.6,0.8,3.5
2026-01-25 04:00:00,0.0,4.7,185,99.4,3.6,0.6,2.5
2026-01-25 05:00:00,0.0,4.2,197,99.4,3.6,1.2,3.3
2026-01-25 06:00:00,0.0,4.0,209,99.4,3.6,1.0,3.0
2026-01-25 07:00:00,0.0,4.4,,99.4,3.7,,1.1
2026-01-25 08:00:00,0.0,4.4,209,99.3,3.8,,3.0
2026-01-25 09:00:00,0.0,4.2,208,99.4,10.5,0.9,2.6
2026-01-25 10:00:00,0.0,3.8,216,99.4,28.1,1.7,4.1
2026-01-25 11:00:00,0.0,3.9,213,99.3,48.0,1.7,4.2
2026-01-25 12:00:00,0.0,4.7,233,99.3,73.7,1.0,3.1
2026-01-25 13:00:00,0.0,5.4,221,99.2,169.5,1.3,3.7
2026-01-25 14:00:00,0.0,6.5,212,92.6,365.3,1.8,4.5
2026-01-25 15:00:00,0.0,6.3,211,88.5,170.0,1.9,4.0
2026-01-25 16:00:00,0.0,5.9,207,89.6,72.8,,2.8
2026-01-25 17:00:00,0.0,5.7,199,90.4,35.7,2.0,4.7
2026-01-25 18:00:00,0.0,5.2,202,94.1,4.7,,4.1
2026-01-25 19:00:00,0.0,5.0,,94.4,1.9,,0.0
2026-01-25 20:00:00,0.0,4.8,178,94.1,1.9,,2.4
2026-01-25 21:00:00,0.0,4.3,194,98.0,2.3,0.9,2.4
2026-01-25 22:00:00,0.0,4.7,,96.1,2.6,,1.3
2026-01-25 23:00:00,0.0,4.9,,94.9,2.6,,2.1
2026-01-26 00:00:00,0.0,4.7,172,97.7,2.7,,3.1
2026-01-26 01:00:00,0.0,4.8,,96.1,2.2,,1.3
2026-01-26 02:00:00,0.0,4.9,181,95.4,2.3,,1.7
2026-01-26 03:00:00,0.0,4.8,183,95.8,2.2,,1.6
2026-01-26 04:00:00,0.0,5.1,,94.2,2.2,,0.0
2026-01-26 05:00:00,0.0,5.2,,94.9,2.2,,2.0
2026-01-26 06:00:00,0.0,5.1,,98.1,2.2,,0.4
2026-01-26 07:00:00,0.0,5.5,,94.6,2.1,,0.0
2026-01-26 08:00:00,0.0,5.8,,87.2,2.2,,1.2
2026-01-26 09:00:00,0.0,5.6,14,86.1,41.3,,3.0
2026-01-26 10:00:00,0.0,6.6,254,82.0,155.8,,2.0
2026-01-26 11:00:00,0.0,8.2,344,70.2,292.1,,2.4
2026-01-26 12:00:00,0.0,8.9,198,65.9,259.4,,1.9
2026-01-26 13:00:00,0.0,9.2,219,61.9,288.2,,2.4
2026-01-26 14:00:00,0.0,9.7,274,58.7,247.6,,2.6
2026-01-26 15:00:00,0.0,10.3,227,56.7,294.3,,4.4
2026-01-26 16:00:00,0.0,9.7,215,60.4,198.8,1.1,4.8
2026-01-26 17:00:00,0.0,9.2,219,64.3,91.9,1.4,4.2
2026-01-26 18:00:00,0.0,8.1,214,72.8,7.8,2.1,5.6
2026-01-26 19:00:00,0.0,7.5,218,77.9,0.4,1.4,4.1
2026-01-26 20:00:00,0.0,7.0,218,81.8,0.4,1.2,3.3
2026-01-26 21:00:00,0.0,6.7,213,84.1,0.4,,2.1
2026-01-26 22:00:00,0.0,6.6,252,85.2,0.3,0.7,3.3
2026-01-26 23:00:00,0.0,6.2,266,88.1,0.4,,2.1
2026-01-27 00:00:00,0.0,6.1,301,88.2,0.3,0.6,2.1
2026-01-27 01:00:00,0.0,5.9,279,88.6,0.3,0.5,2.2
2026-01-27 02:00:00,0.0,4.8,,93.8,0.4,,1.3
2026-01-27 03:00:00,0.0,4.1,,99.2,0.8,,0.4
2026-01-27 04:00:00,0.0,4.2,,99.2,0.8,,0.0
2026-01-27 05:00:00,0.0,4.0,140,99.2,1.1,,1.3
2026-01-27 06:00:00,0.0,3.4,192,99.3,1.1,,2.0
2026-01-27 07:00:00,0.0,3.3,194,99.3,1.0,,0.9
2026-01-27 08:00:00,0.0,3.2,185,99.3,1.9,0.5,1.8
2026-01-27 09:00:00,0.0,3.3,190,99.3,41.7,0.6,2.1
2026-01-27 10:00:00,0.0,4.3,198,91.7,124.5,0.6,1.7
2026-01-27 11:00:00,0.0,5.6,9,79.6,175.6,,2.1
2026-01-27 12:00:00,0.0,7.5,24,72.8,275.3,,1.7
2026-01-27 13:00:00,0.0,8.4,152,62.5,258.5,,3.5
2026-01-27 14:00:00,0.0,7.2,193,66.9,96.7,1.2,3.5
2026-01-27 15:00:00,0.0,7.4,180,70.4,89.6,1.3,4.5
2026-01-27 16:00:00,0.0,7.0,,78.9,27.6,,1.8
2026-01-27 17:00:00,0.2,6.5,186,86.9,17.2,,2.5
2026-01-27 18:00:00,0.4,6.5,,93.4,3.2,,0.0
2026-01-27 19:00:00,0.4,6.6,3,96.6,2.1,,2.6
2026-01-27 20:00:00,0.8,6.0,146,99.3,2.9,,2.5
2026-01-27 21:00:00,2.0,5.4,106,99.3,3.6,,2.4
2026-01-27 22:00:00,1.0,5.3,50,99.3,3.7,1.3,3.7
2026-01-27 23:00:00,1.0,5.2,66,99.3,3.7,1.5,5.0
2026-01-28 00:00:00,1.8,5.3,68,99.3,3.4,1.2,3.4
2026-01-28 01:00:00,1.8,5.4,64,99.3,3.0,1.0,3.1
2026-01-28 02:00:00,1.8,5.4,2,99.3,2.7,0.9,3.7
2026-01-28 03:00:00,2.0,5.4,345,99.3,2.5,1.2,4.1
2026-01-28 04:00:00,2.2,5.3,346,99.3,2.2,0.8,3.3
2026-01-28 05:00:00,2.2,5.1,347,99.3,2.0,1.4,4.2
2026-01-28 06:00:00,1.2,4.9,2,99.3,1.9,1.5,4.8
2026-01-28 07:00:00,0.6,5.2,14,99.3,1.9,,3.6
2026-01-28 08:00:00,3.4,5.3,345,99.3,1.9,,2.8
2026-01-28 09:00:00,3.2,5.1,302,99.3,4.5,1.3,4.1
2026-01-28 10:00:00,2.4,5.1,303,99.3,11.0,1.4,4.1
2026-01-28 11:00:00,1.6,5.3,307,99.3,25.0,1.0,3.4
2026-01-28 12:00:00,1.0,5.5,292,99.3,34.0,0.8,4.0
2026-01-28 13:00:00,1.0,5.5,275,99.3,84.2,1.2,4.1
2026-01-28 14:00:00,0.4,5.8,285,99.3,97.9,1.3,3.8
2026-01-28 15:00:00,0.0,6.2,247,99.3,64.2,0.6,3.3
2026-01-28 16:00:00,0.0,6.0,227,99.3,36.8,0.6,2.3
2026-01-28 17:00:00,0.2,5.9,211,99.3,20.0,1.2,3.4
2026-01-28 18:00:00,0.0,5.0,214,99.3,4.0,1.7,3.9
2026-01-28 19:00:00,0.0,4.6,216,99.3,2.6,2.5,5.4
2026-01-28 20:00:00,0.0,5.0,231,99.3,2.6,1.1,3.8
2026-01-28 21:00:00,0.0,5.3,276,99.3,2.6,0.9,3.4
2026-01-28 22:00:00,0.0,5.3,236,99.3,2.6,1.4,3.3
2026-01-28 23:00:00,0.0,5.4,222,99.3,2.2,0.9,3.5
2026-01-29 00:00:00,0.0,5.5,225,99.3,2.2,0.9,2.5
2026-01-29 01:00:00,0.0,5.6,296,99.3,2.2,0.9,3.5
2026-01-29 02:00:00,0.0,5.4,301,99.3,2.4,1.3,3.9
2026-01-29 03:00:00,0.0,5.6,254,99.3,2.1,,2.7
2026-01-29 04:00:00,0.0,5.6,,99.3,1.5,,1.6
2026-01-29 05:00:00,0.0,5.6,189,99.3,1.6,,1.5
2026-01-29 06:00:00,0.0,5.1,214,99.3,1.6,1.5,3.3
2026-01-29 07:00:00,0.0,5.1,235,99.3,1.6,0.9,3.0
2026-01-29 08:00:00,0.0,5.5,266,99.3,2.0,,2.3
2026-01-29 09:00:00,0.0,5.6,,99.3,22.3,,0.4
2026-01-29 10:00:00,0.0,6.2,,99.2,53.5,,0.4
2026-01-29 11:00:00,0.0,6.1,,99.1,42.6,,1.2
2026-01-29 12:00:00,0.0,6.7,,97.5,78.0,,0.1
2026-01-29 13:00:00,0.0,7.2,,92.1,41.3,,0.1
2026-01-29 14:00:00,0.0,7.1,,94.1,92.3,,1.2
2026-01-29 15:00:00,0.0,7.2,193,93.6,130.1,,3.4
2026-01-29 16:00:00,0.0,8.0,,86.2,151.3,,0.4
2026-01-29 17:00:00,0.0,7.9,,86.7,76.6,,0.0
2026-01-29 18:00:00,0.0,7.3,,93.8,9.8,,0.0
2026-01-29 19:00:00,0.0,6.7,,99.2,0.4,,0.0
2026-01-29 20:00:00,0.0,6.2,,99.2,0.4,,0.6
2026-01-29 21:00:00,0.0,6.0,,99.2,0.4,,0.1
2026-01-29 22:00:00,0.0,5.8,,99.2,0.5,,0.2
2026-01-29 23:00:00,0.0,5.0,,99.3,0.8,,0.5
2026-01-30 00:00:00,0.0,4.7,,99.3,1.4,,0.2
2026-01-30 01:00:00,0.0,5.1,,99.3,1.7,,0.0
2026-01-30 02:00:00,0.0,5.0,,99.3,1.2,,0.0
2026-01-30 03:00:00,0.0,4.1,,99.3,1.1,,0.0
2026-01-30 04:00:00,0.0,3.5,266,99.3,0.8,,3.6
2026-01-30 05:00:00,0.0,3.7,274,99.3,1.1,,2.4
2026-01-30 06:00:00,0.0,4.4,319,99.3,1.0,,2.7
2026-01-30 07:00:00,0.0,4.6,316,99.2,0.8,,2.0
2026-01-30 08:00:00,0.0,5.1,,99.2,1.4,,0.7
2026-01-30 09:00:00,0.0,5.7,,97.6,14.4,,0.0
2026-01-30 10:00:00,0.0,5.5,203,97.0,105.2,,4.0
2026-01-30 11:00:00,0.0,4.7,205,99.3,132.5,,3.8
2026-01-30 12:00:00,0.0,7.4,,92.0,279.1,,0.6
2026-01-30 13:00:00,0.0,8.2,220,85.2,271.0,,2.1
2026-01-30 14:00:00,0.0,8.1,208,82.6,225.5,,5.5
2026-01-30 15:00:00,0.0,7.8,206,88.5,307.1,2.6,6.3
2026-01-30 16:00:00,0.0,7.0,210,89.6,117.6,2.4,5.9
2026-01-30 17:00:00,0.0,7.0,210,88.7,69.7,1.6,4.5
2026-01-30 18:00:00,0.0,6.3,217,96.0,11.6,,4.6
2026-01-30 19:00:00,0.0,6.1,213,97.3,1.1,1.0,3.3
2026-01-30 20:00:00,0.0,5.9,218,98.7,0.7,0.9,3.1
2026-01-30 21:00:00,0.0,5.8,236,99.2,1.2,0.5,2.7
2026-01-30 22:00:00,0.0,5.7,291,99.2,1.8,1.0,4.1
2026-01-30 23:00:00,0.0,5.6,316,99.2,1.3,0.8,3.8
2026-01-31 00:00:00,0.0,5.3,315,99.2,1.1,0.9,3.4
2026-01-31 01:00:00,0.0,5.3,322,99.2,1.5,,2.5
2026-01-31 02:00:00,0.0,5.4,,99.2,1.3,,0.0
2026-01-31 03:00:00,0.0,5.2,,99.3,1.6,,1.6
2026-01-31 04:00:00,0.0,5.4,,99.3,1.7,,1.6
2026-01-31 05:00:00,0.0,5.2,328,99.3,1.7,0.7,3.6
2026-01-31 06:00:00,0.0,4.8,9,99.3,1.8,1.3,3.8
2026-01-31 07:00:00,0.0,5.1,40,99.3,1.8,0.8,2.8
2026-01-31 08:00:00,0.0,5.4,39,99.3,2.2,,2.0
2026-01-31 09:00:00,0.0,5.9,,99.3,10.6,,1.6
2026-01-31 10:00:00,0.0,6.3,61,98.1,48.7,,2.5
2026-01-31 11:00:00,0.0,6.9,,93.7,85.8,,0.7
2026-01-31 12:00:00,0.0,7.1,,92.0,113.6,,1.6
2026-01-31 13:00:00,0.0,7.4,,91.7,214.8,,1.5
2026-01-31 14:00:00,0.0,8.0,,85.9,147.8,,0.8
2026-01-31 15:00:00,0.0,8.1,205,83.4,179.6,,3.6
2026-01-31 16:00:00,0.0,8.2,199,80.7,127.6,,3.2
2026-01-31 17:00:00,0.0,8.1,223,80.6,60.0,,3.5
2026-01-31 18:00:00,0.0,7.6,245,82.5,9.4,,2.8
2026-01-31 19:00:00,0.0,7.1,207,85.4,0.4,,2.4
2026-01-31 20:00:00,0.0,6.8,248,86.5,0.4,,2.6
2026-01-31 21:00:00,0.0,6.6,263,89.3,0.4,,2.1
2026-01-31 22:00:00,0.0,6.3,255,93.1,0.4,,2.3
2026-01-31 23:00:00,0.0,6.1,276,96.1,0.4,,2.1
2026-02-01 00:00:00,0.0,5.8,241,97.7,0.4,,2.1
2026-02-01 01:00:00,0.0,5.4,349,99.1,0.5,0.4,2.1
2026-02-01 02:00:00,0.0,5.2,,99.2,0.8,,1.1
2026-02-01 03:00:00,0.0,5.2,,99.2,1.0,,1.0
2026-02-01 04:00:00,0.0,4.8,,99.2,0.6,,0.8
2026-02-01 05:00:00,0.0,5.1,184,99.2,1.0,,1.6
2026-02-01 06:00:00,0.0,4.9,202,99.3,1.0,0.8,2.1
2026-02-01 07:00:00,0.0,4.9,201,99.3,1.3,,2.6
2026-02-01 08:00:00,0.0,4.8,,99.3,2.2,,0.6
2026-02-01 09:00:00,0.0,4.6,286,99.3,11.0,,2.8
2026-02-01 10:00:00,0.0,4.6,97,99.3,37.5,,2.6
2026-02-01 11:00:00,0.0,4.6,188,99.3,69.9,0.9,2.4
2026-02-01 12:00:00,0.0,5.1,123,99.3,97.9,,2.1
2026-02-01 13:00:00,0.0,4.9,,99.2,92.9,,0.0
2026-02-01 14:00:00,0.0,5.0,186,99.2,133.1,0.5,2.5
2026-02-01 15:00:00,0.0,7.2,85,88.5,284.4,,2.1
2026-02-01 16:00:00,0.0,7.7,37,83.0,223.1,,2.1
2026-02-01 17:00:00,0.0,7.4,204,82.0,89.3,,1.8
2026-02-01 18:00:00,0.0,6.5,81,87.6,13.9,,2.9
2026-02-01 19:00:00,0.0,5.9,202,91.6,0.8,,1.8
2026-02-01 20:00:00,0.0,5.5,,97.7,1.2,,2.1
2026-02-01 21:00:00,0.0,5.4,280,98.0,1.9,0.6,3.0
2026-02-01 22:00:00,0.0,5.1,327,99.1,0.9,0.7,2.1
2026-02-01 23:00:00,0.0,4.8,339,99.2,0.5,,2.6
2026-02-02 00:00:00,0.0,4.5,350,99.2,0.5,,2.1
2026-02-02 01:00:00,0.0,4.4,,99.2,0.4,,1.4
2026-02-02 02:00:00,0.0,4.6,338,99.2,1.0,,1.7
2026-02-02 03:00:00,0.0,5.1,,97.4,1.3,,1.0
2026-02-02 04:00:00,0.0,5.3,337,95.2,1.1,,2.0
2026-02-02 05:00:00,0.0,5.3,18,95.1,1.3,,2.3
2026-02-02 06:00:00,0.0,4.9,184,97.1,1.3,,1.4
2026-02-02 07:00:00,0.0,4.1,200,99.2,1.6,,3.3
2026-02-02 08:00:00,0.0,4.2,188,99.3,2.1,,2.2
2026-02-02 09:00:00,0.0,5.2,,98.1,16.0,,0.6
2026-02-02 10:00:00,0.0,5.4,188,95.8,64.4,1.0,2.8
2026-02-02 11:00:00,0.0,5.5,,95.8,82.4,,1.4
2026-02-02 12:00:00,0.0,6.2,115,92.1,99.2,,2.1
2026-02-02 13:00:00,0.0,6.0,178,96.1,112.9,,2.1
2026-02-02 14:00:00,0.0,6.2,166,97.3,110.1,0.5,2.4
2026-02-02 15:00:00,0.0,6.3,110,95.1,89.2,,2.6
2026-02-02 16:00:00,0.0,6.2,99,94.8,51.8,,2.0
2026-02-02 17:00:00,0.0,6.0,,92.5,17.9,,0.0
2026-02-02 18:00:00,0.0,5.8,180,90.1,3.8,,2.8
2026-02-02 19:00:00,0.2,5.3,184,96.7,1.0,1.3,3.2
2026-02-02 20:00:00,0.6,5.0,183,99.2,1.7,1.2,3.3
2026-02-02 21:00:00,1.4,4.7,156,99.2,2.5,0.5,2.8
2026-02-02 22:00:00,1.0,4.1,146,99.3,2.7,0.9,4.1
2026-02-02 23:00:00,0.6,3.9,114,99.3,2.9,0.6,4.2
2026-02-03 00:00:00,0.6,3.9,66,99.3,2.8,1.7,4.3
2026-02-03 01:00:00,0.4,3.8,66,99.3,3.0,2.0,5.1
2026-02-03 02:00:00,1.2,3.8,57,99.3,2.8,1.2,2.9
2026-02-03 03:00:00,1.0,3.7,57,99.3,2.8,1.5,3.4
2026-02-03 04:00:00,0.6,3.7,41,99.3,2.6,1.5,5.3
2026-02-03 05:00:00,0.8,3.5,39,99.3,2.6,2.1,5.8
2026-02-03 06:00:00,0.4,3.5,40,99.3,2.5,2.2,6.5
2026-02-03 07:00:00,3.2,3.6,357,99.3,2.2,,4.7
2026-02-03 08:00:00,1.4,3.7,199,99.3,2.1,,4.9
2026-02-03 09:00:00,0.8,2.9,218,99.3,8.1,1.4,5.0
2026-02-03 10:00:00,0.2,2.8,9,99.3,11.1,1.3,4.3
2026-02-03 11:00:00,0.0,3.3,8,99.3,22.4,0.9,3.4
2026-02-03 12:00:00,0.0,3.8,351,99.3,36.5,,2.6
2026-02-03 13:00:00,0.0,4.4,47,99.2,60.9,,2.0
2026-02-03 14:00:00,0.0,5.0,,97.7,72.1,,0.3
2026-02-03 15:00:00,0.0,4.8,208,98.6,34.3,,2.8
2026-02-03 16:00:00,0.0,4.5,196,99.3,30.3,1.0,3.1
2026-02-03 17:00:00,0.0,4.6,204,99.3,18.1,1.5,3.7
2026-02-03 18:00:00,0.0,4.2,213,99.3,4.3,1.6,4.1
2026-02-03 19:00:00,0.0,4.3,258,99.3,2.4,0.9,3.2
2026-02-03 20:00:00,0.0,4.2,242,99.3,2.2,1.1,3.7
2026-02-03 21:00:00,0.0,4.2,253,99.3,2.1,0.7,2.6
2026-02-03 22:00:00,0.0,4.4,259,99.3,1.9,0.7,2.6
2026-02-03 23:00:00,0.0,4.5,255,99.3,2.4,0.5,1.9
2026-02-04 00:00:00,0.4,4.7,249,99.3,2.3,,2.0
2026-02-04 01:00:00,0.0,4.4,235,99.3,2.2,0.9,2.7
2026-02-04 02:00:00,0.0,4.3,253,99.3,1.7,0.7,2.6
2026-02-04 03:00:00,0.0,4.5,235,99.3,1.4,0.9,3.0
2026-02-04 04:00:00,0.0,4.5,239,99.3,1.4,,2.7
2026-02-04 05:00:00,0.0,4.3,262,99.3,1.5,0.9,3.0
2026-02-04 06:00:00,0.0,4.4,315,99.3,1.5,0.7,2.6
2026-02-04 07:00:00,0.4,4.6,,99.3,1.6,,0.6
2026-02-04 08:00:00,1.2,4.8,,99.3,2.2,,0.6
2026-02-04 09:00:00,0.8,5.0,,99.3,6.4,,0.9
2026-02-04 10:00:00,1.6,5.2,3,99.3,15.2,,1.8
2026-02-04 11:00:00,2.4,5.6,5,99.3,25.3,1.0,2.7
2026-02-04 12:00:00,2.6,5.9,4,99.3,30.7,0.8,2.7
2026-02-04 13:00:00,2.2,6.3,15,99.3,43.4,1.3,3.8
2026-02-04 14:00:00,1.6,6.4,12,99.3,52.3,2.0,4.9
2026-02-04 15:00:00,1.0,6.2,356,99.3,70.2,1.7,4.8
2026-02-04 16:00:00,0.4,6.1,338,99.3,70.6,1.4,4.7
2026-02-04 17:00:00,0.0,6.1,325,99.3,29.3,2.0,5.4
2026-02-04 18:00:00,0.6,6.2,328,99.3,4.3,1.5,4.2
2026-02-04 19:00:00,0.8,6.3,327,99.3,1.8,1.0,3.8
2026-02-04 20:00:00,0.4,6.3,327,99.3,1.8,,3.0
2026-02-04 21:00:00,0.2,6.3,320,99.3,1.8,,3.8
2026-02-04 22:00:00,0.0,6.3,292,99.3,1.8,1.0,3.6
2026-02-04 23:00:00,0.2,6.2,309,99.3,1.8,1.1,3.0
2026-02-05 00:00:00,0.0,6.4,246,99.3,1.9,0.6,2.1
2026-02-05 01:00:00,0.0,6.2,246,99.3,2.1,,3.8
2026-02-05 02:00:00,0.0,5.9,252,99.3,2.2,1.2,3.4
2026-02-05 03:00:00,0.0,5.7,247,99.3,2.1,1.4,3.8
2026-02-05 04:00:00,0.0,5.5,253,99.3,1.7,1.1,3.7
2026-02-05 05:00:00,0.0,5.3,242,99.3,1.9,1.0,2.9
2026-02-05 06:00:00,0.0,5.0,236,99.3,2.2,1.4,3.9
2026-02-05 07:00:00,0.0,4.6,260,99.3,2.1,,3.4
2026-02-05 08:00:00,0.0,4.2,266,99.3,3.8,1.1,4.3
2026-02-05 09:00:00,0.0,4.2,274,99.3,65.7,0.8,3.3
2026-02-05 10:00:00,0.0,5.7,9,99.3,195.5,,1.5
2026-02-05 11:00:00,0.0,6.9,202,96.0,297.1,,6.6
2026-02-05 12:00:00,0.0,6.9,210,89.2,412.2,1.5,5.5
2026-02-05 13:00:00,0.0,9.7,266,69.0,452.0,,4.0
2026-02-05 14:00:00,0.0,11.5,,58.3,438.4,,1.6
2026-02-05 15:00:00,0.0,12.7,210,50.9,374.0,,4.0
2026-02-05 16:00:00,0.0,13.1,210,49.9,274.2,,2.6
2026-02-05 17:00:00,0.0,12.7,,51.0,97.9,,0.6
2026-02-05 18:00:00,0.0,10.8,,58.6,11.3,,0.5
2026-02-05 19:00:00,0.0,10.4,,62.6,1.1,,1.3
2026-02-05 20:00:00,0.0,9.9,,69.4,1.6,,0.4
2026-02-05 21:00:00,0.4,9.1,86,82.7,1.6,,3.3
2026-02-05 22:00:00,1.2,8.5,83,92.0,1.6,0.7,3.3
2026-02-05 23:00:00,1.0,7.9,63,99.2,2.7,2.0,6.0
2026-02-06 00:00:00,1.6,7.7,59,99.3,3.1,1.9,4.0
2026-02-06 01:00:00,1.4,7.5,58,99.3,2.6,2.6,5.7
2026-02-06 02:00:00,1.4,7.5,55,99.3,2.4,2.0,4.5
2026-02-06 03:00:00,2.2,7.6,34,99.3,2.2,2.5,6.3
2026-02-06 04:00:00,1.0,7.4,10,99.3,1.8,2.2,6.0
2026-02-06 05:00:00,1.2,7.1,346,99.3,1.8,1.0,4.4
2026-02-06 06:00:00,2.0,7.0,334,99.3,1.6,1.5,4.6
2026-02-06 07:00:00,0.8,6.9,334,99.3,1.5,2.0,5.5
2026-02-06 08:00:00,0.2,7.1,335,99.3,2.6,1.8,4.6
2026-02-06 09:00:00,0.0,7.5,332,99.3,41.6,2.0,4.8
2026-02-06 10:00:00,0.0,8.2,321,95.3,85.1,2.0,4.7
2026-02-06 11:00:00,0.0,9.0,310,87.2,126.4,1.7,5.1
2026-02-06 12:00:00,0.0,10.0,303,80.8,243.8,2.1,6.9
2026-02-06 13:00:00,0.0,11.7,281,73.2,398.6,1.7,5.4
2026-02-06 14:00:00,0.0,13.0,244,65.3,403.6,1.4,5.5
2026-02-06 15:00:00,0.0,13.9,272,59.2,360.9,0.8,3.8
2026-02-06 16:00:00,0.0,13.9,288,57.2,284.8,1.4,5.1
2026-02-06 17:00:00,0.0,13.5,234,57.6,144.1,1.4,4.1
2026-02-06 18:00:00,0.0,12.2,235,63.5,23.2,1.4,4.4
2026-02-06 19:00:00,0.0,11.4,247,68.7,0.4,,3.8
2026-02-06 20:00:00,0.0,10.9,252,73.3,0.4,,3.4
2026-02-06 21:00:00,0.0,10.5,252,76.3,0.4,,3.6
2026-02-06 22:00:00,0.0,10.1,273,81.4,0.4,0.6,2.5
2026-02-06 23:00:00,0.0,9.6,279,86.8,0.4,,2.4
2026-02-07 00:00:00,0.0,9.1,,90.3,0.4,,1.0
2026-02-07 01:00:00,0.0,9.2,303,87.7,0.4,0.6,2.1
2026-02-07 02:00:00,0.0,8.7,,89.0,0.5,,1.9
2026-02-07 03:00:00,0.0,7.5,,96.2,0.6,,0.0
2026-02-07 04:00:00,0.0,6.8,,99.1,0.4,,0.0
2026-02-07 05:00:00,0.0,6.5,,99.2,0.4,,0.5
2026-02-07 06:00:00,0.0,6.1,58,99.3,0.4,,3.3
2026-02-07 07:00:00,0.0,5.9,61,99.3,0.4,0.9,3.1
2026-02-07 08:00:00,0.0,6.0,77,99.3,3.7,0.6,2.6
2026-02-07 09:00:00,0.0,6.4,47,99.3,36.7,1.0,2.7
2026-02-07 10:00:00,0.0,7.5,60,99.1,61.5,0.4,2.8
2026-02-07 11:00:00,0.0,8.6,56,93.6,98.9,1.4,3.1
2026-02-07 12:00:00,0.0,9.7,,84.0,166.4,,1.8
2026-02-07 13:00:00,0.0,11.7,,71.6,269.7,,0.0
2026-02-07 14:00:00,0.0,12.1,,66.5,264.5,,1.9
2026-02-07 15:00:00,0.0,12.0,,69.4,172.6,,0.9
2026-02-07 16:00:00,0.0,11.5,186,77.0,110.1,,3.2
2026-02-07 17:00:00,0.0,12.2,,75.4,125.3,,1.7
2026-02-07 18:00:00,0.0,11.0,202,82.3,24.0,,2.5
2026-02-07 19:00:00,0.0,10.5,209,91.0,1.5,0.7,2.9
2026-02-07 20:00:00,0.0,10.1,244,94.9,1.1,,1.9
2026-02-07 21:00:00,0.0,10.1,,94.0,1.1,,0.9
2026-02-07 22:00:00,0.0,10.2,,93.7,1.5,,0.0
2026-02-07 23:00:00,0.0,10.0,,96.2,1.6,,0.0
2026-02-08 00:00:00,0.0,9.7,306,97.0,1.5,,2.1
2026-02-08 01:00:00,0.0,9.2,357,99.2,1.6,,2.3
2026-02-08 02:00:00,0.0,9.5,47,98.7,2.1,,1.3
2026-02-08 03:00:00,0.0,9.5,42,99.1,1.9,,2.6
2026-02-08 04:00:00,0.0,9.2,53,99.2,1.3,0.6,2.2
2026-02-08 05:00:00,0.0,9.2,29,99.3,1.2,,1.7
2026-02-08 06:00:00,0.0,8.9,,99.3,0.7,,1.4
2026-02-08 07:00:00,0.0,8.5,,99.3,0.8,,0.0
2026-02-08 08:00:00,0.0,8.3,,99.3,2.3,,1.0
2026-02-08 09:00:00,0.0,8.3,,99.3,20.5,,0.0
2026-02-08 10:00:00,0.0,8.6,,99.3,52.2,,0.0
2026-02-08 11:00:00,0.0,9.3,45,99.3,81.8,,3.6
2026-02-08 12:00:00,0.0,10.1,63,96.5,204.7,1.6,3.7
2026-02-08 13:00:00,0.0,11.2,135,85.1,275.6,,2.6
2026-02-08 14:00:00,0.0,10.9,190,87.0,243.1,1.7,3.9
2026-02-08 15:00:00,0.0,11.1,157,87.9,226.0,,3.3
2026-02-08 16:00:00,0.0,11.0,178,86.8,149.8,1.6,3.9
2026-02-08 17:00:00,0.0,10.7,181,92.8,62.0,,3.1
2026-02-08 18:00:00,0.0,10.6,110,93.2,12.9,,2.7
2026-02-08 19:00:00,0.0,9.8,95,98.6,0.8,0.7,3.1
2026-02-08 20:00:00,0.0,8.5,124,99.3,1.2,0.9,4.1
2026-02-08 21:00:00,0.0,8.1,68,99.3,1.3,1.1,4.0
2026-02-08 22:00:00,0.0,8.1,40,99.3,1.3,0.9,2.6
2026-02-08 23:00:00,0.0,8.1,,99.3,1.1,,1.3
2026-02-09 00:00:00,0.0,8.2,11,99.3,1.1,0.9,2.8
2026-02-09 01:00:00,0.0,8.2,18,99.3,1.3,,1.7
2026-02-09 02:00:00,0.0,8.4,65,99.3,1.3,,2.1
2026-02-09 03:00:00,0.0,7.6,194,99.3,1.3,,2.1
2026-02-09 04:00:00,0.0,7.5,,99.3,1.1,,1.0
2026-02-09 05:00:00,0.0,7.3,184,99.3,1.0,,1.2
2026-02-09 06:00:00,0.0,7.4,,99.3,1.1,,1.0
2026-02-09 07:00:00,0.0,7.4,,99.3,1.1,,0.0
2026-02-09 08:00:00,0.0,7.8,,99.3,4.2,,0.0
2026-02-09 09:00:00,0.0,8.2,,99.3,44.6,,0.5
2026-02-09 10:00:00,0.0,8.6,,99.2,95.0,,0.0
2026-02-09 11:00:00,0.0,9.9,,89.0,180.1,,1.3
2026-02-09 12:00:00,0.0,11.3,,80.2,354.1,,1.2
2026-02-09 13:00:00,0.0,13.8,,62.6,450.9,,1.3
2026-02-09 14:00:00,0.0,12.8,181,65.8,185.7,,3.2
2026-02-09 15:00:00,0.0,12.3,183,66.6,194.2,,3.4
2026-02-09 16:00:00,0.0,11.9,183,68.8,61.8,0.9,4.7
2026-02-09 17:00:00,0.0,11.2,201,73.3,30.0,1.1,2.6
2026-02-09 18:00:00,0.0,11.1,195,74.8,11.3,,2.4
2026-02-09 19:00:00,0.0,10.9,204,81.2,1.6,,2.8
2026-02-09 20:00:00,0.0,10.6,189,82.9,1.6,,2.9
2026-02-09 21:00:00,0.0,10.1,163,83.1,0.7,,2.9
2026-02-09 22:00:00,0.0,9.7,76,86.5,0.8,0.8,2.7
2026-02-09 23:00:00,0.0,8.7,64,94.5,1.0,2.0,5.0
2026-02-10 00:00:00,0.0,8.1,59,90.9,0.8,0.8,2.4
2026-02-10 01:00:00,0.0,7.9,51,90.3,0.8,0.6,2.2
2026-02-10 02:00:00,0.0,7.8,35,91.2,1.5,,1.6
2026-02-10 03:00:00,0.0,7.8,58,90.8,1.3,,3.5
2026-02-10 04:00:00,0.0,7.7,49,89.6,1.0,0.8,2.9
2026-02-10 05:00:00,0.0,7.9,59,88.1,1.5,,2.6
2026-02-10 06:00:00,0.0,7.7,60,88.2,0.9,1.1,3.2
2026-02-10 07:00:00,0.0,7.4,58,91.1,1.1,,2.8
2026-02-10 08:00:00,0.0,7.6,53,91.4,4.0,,2.5
2026-02-10 09:00:00,0.0,8.0,66,89.3,25.6,0.7,2.7
2026-02-10 10:00:00,0.0,8.5,82,85.6,82.8,0.9,4.0
2026-02-10 11:00:00,0.0,8.6,109,88.5,73.5,,3.1
2026-02-10 12:00:00,0.0,8.9,102,93.0,129.5,,2.8
2026-02-10 13:00:00,0.0,9.3,,95.7,192.8,,2.1
2026-02-10 14:00:00,0.2,9.8,158,91.5,131.7,,3.3
2026-02-10 15:00:00,0.0,9.9,164,91.5,150.2,,2.4
2026-02-10 16:00:00,0.0,9.8,187,91.4,114.3,,3.0
2026-02-10 17:00:00,0.0,9.5,187,93.8,65.7,1.5,4.6
2026-02-10 18:00:00,0.0,8.6,190,99.3,15.3,1.6,4.1
2026-02-10 19:00:00,0.0,8.5,186,99.3,2.0,,2.4
2026-02-10 20:00:00,0.0,8.4,,99.3,2.1,,0.3
2026-02-10 21:00:00,0.6,8.2,,99.3,1.9,,1.0
2026-02-10 22:00:00,1.4,8.3,,99.3,2.4,,0.0
2026-02-10 23:00:00,0.6,8.2,68,99.3,2.2,,2.9
2026-02-11 00:00:00,0.8,8.0,86,99.3,2.5,0.8,2.7
2026-02-11 01:00:00,1.0,7.8,82,99.3,2.4,0.7,2.5
2026-02-11 02:00:00,0.6,7.8,66,99.3,2.3,,2.6
2026-02-11 03:00:00,1.0,7.8,69,99.3,2.2,,2.2
2026-02-11 04:00:00,0.4,7.7,79,99.3,1.9,,2.6
2026-02-11 05:00:00,0.2,7.7,54,99.3,1.9,0.6,2.6
2026-02-11 06:00:00,0.2,7.4,14,99.3,1.9,1.4,4.5
2026-02-11 07:00:00,0.0,7.4,6,99.3,1.9,1.3,3.5
2026-02-11 08:00:00,0.0,7.9,343,99.3,2.5,,2.5
2026-02-11 09:00:00,0.0,8.4,334,99.1,22.3,,1.6
2026-02-11 10:00:00,0.0,8.6,2,97.8,28.7,,1.6
2026-02-11 11:00:00,0.0,9.0,278,96.0,43.7,,1.7
2026-02-11 12:00:00,0.0,9.3,256,95.2,101.1,,2.4
2026-02-11 13:00:00,0.0,10.2,268,83.5,240.9,0.5,2.8
2026-02-11 14:00:00,0.0,11.2,251,76.2,305.7,0.5,2.8
2026-02-11 15:00:00,0.0,11.7,220,71.1,211.0,,4.9
2026-02-11 16:00:00,0.0,12.8,220,64.1,316.4,,4.5
2026-02-11 17:00:00,0.0,12.3,208,65.3,160.7,1.3,4.2
2026-02-11 18:00:00,0.0,11.3,221,70.9,29.7,1.9,4.3
2026-02-11 19:00:00,0.0,10.4,201,78.4,0.6,,3.3
2026-02-11 20:00:00,0.0,9.8,218,84.2,0.4,1.2,4.3
2026-02-11 21:00:00,0.0,9.4,234,86.4,0.4,,2.4
2026-02-11 22:00:00,0.0,9.2,,87.7,0.4,,1.4
2026-02-11 23:00:00,0.0,8.4,157,95.0,0.9,,2.7
2026-02-12 00:00:00,0.0,7.9,,98.8,1.1,,1.2
2026-02-12 01:00:00,0.0,7.9,95,99.2,1.1,,2.4
2026-02-12 02:00:00,0.0,7.6,46,99.2,1.5,1.5,3.9
2026-02-12 03:00:00,0.0,7.6,79,99.2,1.8,,3.4
2026-02-12 04:00:00,0.2,7.6,84,99.3,1.7,,2.9
2026-02-12 05:00:00,0.0,7.6,82,99.3,1.9,0.6,2.7
2026-02-12 06:00:00,0.2,7.6,64,99.3,1.9,,2.6
2026-02-12 07:00:00,0.2,7.6,58,99.3,1.4,1.7,3.7
2026-02-12 08:00:00,0.2,7.7,56,99.3,2.0,0.9,3.2
2026-02-12 09:00:00,0.4,7.6,91,99.3,6.3,0.5,2.8
2026-02-12 10:00:00,0.2,7.7,87,99.3,36.5,,2.5
2026-02-12 11:00:00,0.0,8.5,60,99.3,130.9,0.8,2.0
2026-02-12 12:00:00,0.0,9.0,7,99.3,97.9,0.6,2.3
2026-02-12 13:00:00,0.0,9.7,,97.5,100.5,,1.9
2026-02-12 14:00:00,0.0,10.1,191,92.7,171.5,,3.1
2026-02-12 15:00:00,0.0,10.5,256,90.1,137.2,0.7,4.4
2026-02-12 16:00:00,0.0,11.3,239,76.0,169.4,1.4,4.3
2026-02-12 17:00:00,0.2,10.7,220,84.3,88.6,,5.3
2026-02-12 18:00:00,0.0,9.9,223,97.5,21.2,2.3,5.5
2026-02-12 19:00:00,0.0,9.4,227,99.2,1.3,1.9,5.6
2026-02-12 20:00:00,0.0,9.3,256,99.2,0.7,1.3,4.6
2026-02-12 21:00:00,0.0,9.2,252,99.2,0.7,0.9,3.3
2026-02-12 22:00:00,0.0,9.0,253,99.2,0.6,0.7,3.3
2026-02-12 23:00:00,0.0,8.9,255,99.2,0.6,0.8,3.3
2026-02-13 00:00:00,0.0,8.9,286,97.9,0.8,1.7,5.6
2026-02-13 01:00:00,0.0,8.7,283,95.5,0.7,1.2,4.2
2026-02-13 02:00:00,0.0,8.6,273,93.8,0.7,,4.9
2026-02-13 03:00:00,0.0,8.4,273,85.4,0.8,1.2,4.4
2026-02-13 04:00:00,0.0,8.1,269,84.1,0.4,1.3,3.5
2026-02-13 05:00:00,0.0,8.5,247,73.5,0.4,,4.0
2026-02-13 06:00:00,0.0,7.4,249,81.3,0.4,1.8,4.7
2026-02-13 07:00:00,0.0,6.9,246,84.1,0.4,1.4,4.2
2026-02-13 08:00:00,0.0,7.0,247,81.2,6.6,,5.5
2026-02-13 09:00:00,0.0,8.0,263,74.7,105.1,,3.8
2026-02-13 10:00:00,0.0,9.3,239,67.6,256.0,1.6,4.6
2026-02-13 11:00:00,0.0,11.6,236,53.3,369.2,1.5,5.3
2026-02-13 12:00:00,0.0,13.9,237,43.9,467.3,1.5,4.9
2026-02-13 13:00:00,0.0,15.4,237,36.9,498.9,,5.1
2026-02-13 14:00:00,0.0,17.4,283,29.7,459.0,,2.6
2026-02-13 15:00:00,0.0,18.4,190,21.4,371.0,,2.8
2026-02-13 16:00:00,0.0,17.7,39,22.6,219.4,0.9,3.9
2026-02-13 17:00:00,0.0,16.3,132,28.0,90.7,0.5,2.7
2026-02-13 18:00:00,0.0,14.7,155,40.5,16.5,1.1,4.1
2026-02-13 19:00:00,0.0,13.4,138,53.2,1.4,,3.3
2026-02-13 20:00:00,0.0,12.3,87,60.8,1.3,,4.5
2026-02-13 21:00:00,0.0,11.0,78,80.2,1.6,1.6,5.6
2026-02-13 22:00:00,0.0,10.3,84,80.6,1.8,1.7,6.3
2026-02-13 23:00:00,0.0,9.5,89,87.8,1.9,1.7,6.1
2026-02-14 00:00:00,0.4,8.8,103,97.9,2.0,0.8,3.6
2026-02-14 01:00:00,1.6,8.4,93,99.3,3.1,1.3,5.3
2026-02-14 02:00:00,0.2,8.5,53,99.3,3.5,1.7,4.5
2026-02-14 03:00:00,0.0,8.7,36,99.3,3.1,1.7,3.7
2026-02-14 04:00:00,0.0,9.0,23,98.9,2.1,,3.3
2026-02-14 05:00:00,0.2,8.6,127,97.8,1.8,0.8,5.1
2026-02-14 06:00:00,0.8,7.8,56,99.3,2.4,0.5,3.0
2026-02-14 07:00:00,0.2,7.9,2,99.3,2.8,1.4,4.2
2026-02-14 08:00:00,0.6,8.2,160,99.3,3.1,,4.0
2026-02-14 09:00:00,1.4,8.3,10,99.3,12.8,1.2,3.7
2026-02-14 10:00:00,1.0,8.4,32,99.3,41.6,1.8,4.5
2026-02-14 11:00:00,0.6,8.4,28,99.3,69.7,2.1,5.2
2026-02-14 12:00:00,0.4,8.8,8,99.3,116.0,1.6,4.6
2026-02-14 13:00:00,0.2,9.6,316,95.1,126.0,2.1,4.6
2026-02-14 14:00:00,0.0,10.0,303,90.1,100.2,2.1,5.7
2026-02-14 15:00:00,0.2,10.2,310,90.8,112.2,1.1,4.0
2026-02-14 16:00:00,0.0,10.7,318,89.8,72.3,,1.7
2026-02-14 17:00:00,0.0,10.7,244,88.5,25.5,0.5,1.9
2026-02-14 18:00:00,0.2,10.1,208,96.5,9.9,1.5,3.8
2026-02-14 19:00:00,0.2,9.8,211,99.2,1.5,,2.8
2026-02-14 20:00:00,0.0,9.7,275,99.1,1.1,,2.3
2026-02-14 21:00:00,0.0,9.9,227,95.4,1.1,0.8,2.7
2026-02-14 22:00:00,0.0,10.0,210,89.1,1.3,,2.1
2026-02-14 23:00:00,0.0,9.8,,89.9,1.1,,2.1
2026-02-15 00:00:00,0.0,9.4,,91.7,1.0,,2.6
2026-02-15 01:00:00,0.0,9.0,,95.7,1.0,,0.1
2026-02-15 02:00:00,0.0,8.7,,96.5,0.9,,0.0
2026-02-15 03:00:00,0.0,8.3,,98.5,0.9,,0.0
2026-02-15 04:00:00,0.0,7.5,,99.3,1.4,,0.9
2026-02-15 05:00:00,0.0,6.4,,99.3,1.9,,0.2
2026-02-15 06:00:00,0.0,5.5,,99.3,2.2,,0.0
2026-02-15 07:00:00,0.0,5.6,,99.4,2.1,,0.0
2026-02-15 08:00:00,0.0,5.1,,99.4,6.0,,0.0
2026-02-15 09:00:00,0.0,5.0,,99.4,59.0,,0.0
2026-02-15 10:00:00,0.0,5.9,,99.4,186.2,,0.0
2026-02-15 11:00:00,0.0,8.3,160,99.3,385.9,,2.1
2026-02-15 12:00:00,0.0,10.3,187,85.7,477.7,0.9,3.5
2026-02-15 13:00:00,0.0,12.3,186,64.9,523.5,,4.5
2026-02-15 14:00:00,0.0,14.6,178,39.9,504.1,,4.1
2026-02-15 15:00:00,0.0,15.5,189,28.6,439.1,,4.4
2026-02-15 16:00:00,0.0,15.4,184,27.8,339.7,1.5,5.0
2026-02-15 17:00:00,0.0,14.6,189,32.7,199.5,2.9,6.4
2026-02-15 18:00:00,0.0,13.7,202,33.3,45.9,2.0,5.7
2026-02-15 19:00:00,0.0,12.7,194,40.2,0.6,,2.9
2026-02-15 20:00:00,0.0,11.9,,46.3,0.4,,0.1
2026-02-15 21:00:00,0.0,11.3,59,50.7,0.7,,2.7
2026-02-15 22:00:00,0.0,10.2,,53.9,1.2,,0.0
2026-02-15 23:00:00,0.0,10.0,,54.9,1.5,,0.0
2026-02-16 00:00:00,0.0,9.7,,59.4,1.0,,0.0
2026-02-16 01:00:00,0.0,9.0,60,67.3,0.7,,3.1
2026-02-16 02:00:00,0.0,8.4,58,69.3,0.5,1.0,2.7
2026-02-16 03:00:00,0.0,8.0,88,68.3,0.5,,3.3
2026-02-16 04:00:00,0.0,7.6,57,70.4,0.5,,3.4
2026-02-16 05:00:00,0.0,7.4,,71.2,0.5,,0.0
2026-02-16 06:00:00,0.0,7.3,80,72.9,0.5,,2.8
2026-02-16 07:00:00,0.0,6.9,82,75.5,0.4,1.1,3.7
2026-02-16 08:00:00,0.0,6.7,63,76.4,7.3,1.0,3.7
2026-02-16 09:00:00,0.0,7.2,73,74.5,59.3,1.6,4.7
2026-02-16 10:00:00,0.0,7.8,73,73.1,153.5,0.9,4.1
2026-02-16 11:00:00,0.0,8.0,109,76.8,134.9,0.7,3.5
2026-02-16 12:00:00,0.0,8.3,99,76.1,150.3,,3.2
2026-02-16 13:00:00,0.0,8.7,21,75.0,124.3,,1.7
2026-02-16 14:00:00,0.0,9.2,118,72.5,143.9,,2.6
2026-02-16 15:00:00,0.0,9.5,168,71.4,298.7,,3.8
2026-02-16 16:00:00,0.0,11.6,30,60.5,293.8,,2.7
2026-02-16 17:00:00,0.0,11.8,234,58.7,201.8,0.7,3.1
2026-02-16 18:00:00,0.0,10.4,231,62.0,16.1,1.1,4.0
2026-02-16 19:00:00,0.0,9.8,260,66.9,1.7,1.4,6.3
2026-02-16 20:00:00,0.0,9.4,254,68.3,1.4,1.9,5.5
2026-02-16 21:00:00,0.0,8.8,280,70.3,0.6,1.7,6.5
2026-02-16 22:00:00,0.0,8.6,284,66.9,0.4,1.6,5.7
2026-02-16 23:00:00,0.0,8.2,262,66.5,0.8,2.0,6.2
2026-02-17 00:00:00,0.0,8.0,271,64.8,0.9,2.4,7.4
2026-02-17 01:00:00,0.0,8.8,294,53.2,0.7,2.0,7.1
2026-02-17 02:00:00,0.0,8.2,267,55.2,0.7,2.1,6.0
2026-02-17 03:00:00,0.0,7.3,271,61.3,0.4,1.6,4.7
2026-02-17 04:00:00,0.0,7.2,264,57.0,0.4,1.8,5.0
2026-02-17 05:00:00,0.0,6.5,266,59.3,0.4,2.0,5.5
2026-02-17 06:00:00,0.0,6.3,252,60.6,0.4,2.3,6.2
2026-02-17 07:00:00,0.0,5.9,243,65.1,0.4,2.8,6.0
2026-02-17 08:00:00,0.0,6.2,258,62.6,19.9,2.5,6.9
2026-02-17 09:00:00,0.0,8.6,296,50.0,139.7,1.4,4.8
2026-02-17 10:00:00,0.0,10.9,304,41.7,273.7,,5.0
2026-02-17 11:00:00,0.0,12.8,307,34.2,403.2,1.9,6.4
2026-02-17 12:00:00,0.0,13.6,313,31.5,493.6,2.2,7.2
2026-02-17 13:00:00,0.0,14.8,301,26.6,537.3,2.1,7.9
2026-02-17 14:00:00,0.0,15.5,314,25.1,519.5,1.2,6.7
2026-02-17 15:00:00,0.0,16.1,305,24.8,455.8,1.3,6.3
2026-02-17 16:00:00,0.0,16.1,340,22.7,345.8,1.1,6.0
2026-02-17 17:00:00,0.0,15.4,323,23.7,197.4,1.6,5.3
2026-02-17 18:00:00,0.0,14.4,342,25.8,51.7,1.0,4.1
2026-02-17 19:00:00,0.0,13.1,322,28.6,0.8,1.2,3.8
2026-02-17 20:00:00,0.0,12.5,329,29.8,0.4,1.4,4.0
2026-02-17 21:00:00,0.0,11.4,358,32.9,0.4,,4.8
2026-02-17 22:00:00,0.0,10.5,3,35.7,0.4,,3.4
2026-02-17 23:00:00,0.0,10.0,1,35.0,0.4,0.8,3.7
2026-02-18 00:00:00,0.0,9.7,,36.9,0.4,,0.0
2026-02-18 01:00:00,0.0,9.0,,41.2,0.4,,0.0
2026-02-18 02:00:00,0.0,8.9,,41.9,0.4,,0.1
2026-02-18 03:00:00,0.0,8.5,332,42.1,0.4,,2.1
2026-02-18 04:00:00,0.0,7.9,359,41.0,0.4,1.0,3.2
2026-02-18 05:00:00,0.0,7.0,10,44.6,0.4,,3.5
2026-02-18 06:00:00,0.0,6.6,186,47.5,0.4,0.7,1.7
2026-02-18 07:00:00,0.0,6.3,216,51.3,0.4,,1.3
2026-02-18 08:00:00,0.0,6.5,37,50.2,14.2,1.0,2.5
2026-02-18 09:00:00,0.0,7.3,55,42.0,122.7,2.1,5.4
2026-02-18 10:00:00,0.0,8.7,63,38.3,280.7,2.7,5.5
2026-02-18 11:00:00,0.0,10.4,82,35.7,387.9,1.1,5.2
2026-02-18 12:00:00,0.0,12.3,110,30.1,475.4,0.7,3.8
2026-02-18 13:00:00,0.0,11.9,155,29.5,526.4,1.4,6.1
2026-02-18 14:00:00,0.0,12.2,178,33.8,517.7,1.6,5.2
2026-02-18 15:00:00,0.0,13.2,178,29.5,431.5,1.0,5.0
2026-02-18 16:00:00,0.0,13.3,177,28.4,229.4,,3.0
2026-02-18 17:00:00,0.0,12.4,150,33.4,109.2,0.4,2.5
2026-02-18 18:00:00,0.0,11.8,144,36.0,32.6,,2.1
2026-02-18 19:00:00,0.0,11.5,149,39.8,1.6,,1.6
2026-02-18 20:00:00,0.0,11.4,79,41.0,1.4,,2.4
2026-02-18 21:00:00,0.0,11.1,64,42.3,1.5,0.9,2.4
2026-02-18 22:00:00,0.0,10.6,67,43.3,0.9,,1.7
2026-02-18 23:00:00,0.0,10.1,61,44.7,1.3,1.6,4.0
2026-02-19 00:00:00,0.0,9.4,60,46.3,1.0,2.0,4.0
2026-02-19 01:00:00,0.0,9.4,86,47.1,1.6,0.9,3.8
2026-02-19 02:00:00,0.0,8.9,77,60.3,1.6,1.5,4.5
2026-02-19 03:00:00,0.0,8.6,75,72.2,1.7,1.6,5.1
2026-02-19 04:00:00,0.4,8.0,120,73.0,1.5,1.5,6.5
2026-02-19 05:00:00,2.8,6.7,87,97.4,2.9,2.9,8.9
2026-02-19 06:00:00,4.6,6.0,88,99.3,2.9,3.0,10.4
2026-02-19 07:00:00,3.4,5.4,35,99.3,2.4,3.3,8.6
2026-02-19 08:00:00,4.6,4.7,345,99.3,2.4,2.7,7.6
2026-02-19 09:00:00,7.2,3.8,329,99.3,4.5,3.5,8.4
2026-02-19 10:00:00,6.0,3.9,322,99.3,21.3,3.1,6.8
2026-02-19 11:00:00,1.4,4.4,342,99.4,59.0,1.6,5.8
2026-02-19 12:00:00,0.2,5.0,217,99.4,48.3,1.7,7.1
2026-02-19 13:00:00,0.2,5.1,221,99.3,61.1,2.6,6.5
2026-02-19 14:00:00,0.0,5.3,244,99.3,63.9,1.6,5.1
2026-02-19 15:00:00,0.0,6.0,239,99.0,175.8,2.6,7.8
2026-02-19 16:00:00,0.0,6.4,244,94.6,116.3,2.5,7.0
2026-02-19 17:00:00,0.0,7.0,255,91.2,113.0,1.3,5.4
2026-02-19 18:00:00,0.0,7.0,288,89.9,40.3,1.3,4.9
2026-02-19 19:00:00,0.0,6.7,308,91.3,1.5,1.1,3.5
2026-02-19 20:00:00,0.0,6.7,295,91.9,1.0,0.7,3.5
2026-02-19 21:00:00,0.0,6.8,311,91.9,1.1,1.2,4.5
2026-02-19 22:00:00,0.0,6.6,321,93.7,1.1,1.3,3.8
2026-02-19 23:00:00,0.0,6.5,288,95.9,1.1,1.1,4.2
2026-02-20 00:00:00,0.0,6.4,298,95.1,0.9,,3.0
2026-02-20 01:00:00,0.0,6.0,261,97.1,0.5,,3.6
2026-02-20 02:00:00,0.0,5.6,298,99.1,0.7,0.9,3.1
2026-02-20 03:00:00,0.0,5.6,293,96.8,0.6,1.0,3.4
2026-02-20 04:00:00,0.0,5.5,285,94.4,0.4,0.9,3.5
2026-02-20 05:00:00,0.0,5.4,273,93.3,0.4,,3.5
2026-02-20 06:00:00,0.0,5.5,,90.4,0.5,,0.6
2026-02-20 07:00:00,0.0,5.6,,87.9,0.5,,2.2
2026-02-20 08:00:00,0.0,5.9,261,84.2,10.6,1.2,4.1
2026-02-20 09:00:00,0.0,7.2,277,75.8,146.6,1.2,4.2
2026-02-20 10:00:00,0.0,10.0,268,59.4,286.3,1.2,5.5
2026-02-20 11:00:00,0.0,12.8,280,49.7,414.2,1.0,4.1
2026-02-20 12:00:00,0.0,16.6,277,39.5,501.6,,3.2
2026-02-20 13:00:00,0.0,18.8,351,26.2,546.6,1.6,7.9
2026-02-20 14:00:00,0.0,17.9,33,38.2,530.6,1.1,8.3
2026-02-20 15:00:00,0.0,17.8,128,44.1,460.2,,4.3
2026-02-20 16:00:00,0.0,17.9,148,41.9,352.8,,2.7
2026-02-20 17:00:00,0.0,17.7,119,42.9,204.0,,4.4
2026-02-20 18:00:00,0.0,14.9,91,54.3,44.7,1.1,5.5
2026-02-20 19:00:00,0.0,12.8,86,64.7,1.5,2.1,6.6
2026-02-20 20:00:00,0.0,11.4,86,73.2,0.9,2.3,9.0
2026-02-20 21:00:00,0.0,10.4,85,81.8,0.9,1.9,7.9
2026-02-20 22:00:00,0.0,9.6,79,88.0,0.9,2.1,6.7
2026-02-20 23:00:00,0.0,8.7,75,92.9,0.7,1.5,5.1
2026-02-21 00:00:00,0.0,8.4,68,85.4,1.2,1.5,4.9
2026-02-21 01:00:00,0.0,8.2,76,80.8,1.1,1.2,5.3
2026-02-21 02:00:00,0.0,7.8,59,79.5,0.9,1.5,3.9
2026-02-21 03:00:00,0.0,7.5,56,78.2,0.8,0.6,3.9
2026-02-21 04:00:00,0.0,7.2,43,76.7,0.4,1.1,3.1
2026-02-21 05:00:00,0.0,7.1,43,75.8,0.4,,3.0
2026-02-21 06:00:00,0.0,7.0,56,76.0,0.4,1.3,4.0
2026-02-21 07:00:00,0.0,6.7,,77.9,0.4,,0.0
2026-02-21 08:00:00,0.0,6.9,,77.3,18.7,,2.3
2026-02-21 09:00:00,0.0,8.1,42,70.1,135.9,,1.9
2026-02-21 10:00:00,0.0,9.3,175,61.9,262.1,,2.8
2026-02-21 11:00:00,0.0,9.5,,63.4,415.3,,2.8
2026-02-21 12:00:00,0.0,10.5,187,59.1,502.2,,4.6
2026-02-21 13:00:00,0.0,11.6,196,58.4,540.3,1.1,4.4
2026-02-21 14:00:00,0.0,13.0,210,51.9,523.6,1.4,5.1
2026-02-21 15:00:00,0.0,14.3,217,48.4,458.9,,4.3
2026-02-21 16:00:00,0.0,14.7,227,48.4,353.6,1.0,3.9
2026-02-21 17:00:00,0.0,15.2,258,46.9,204.7,0.8,2.9
2026-02-21 18:00:00,0.0,14.5,272,48.8,59.0,0.7,2.8
2026-02-21 19:00:00,0.0,13.3,,53.8,1.1,,0.8
2026-02-21 20:00:00,0.0,12.4,193,59.8,0.5,,3.4
2026-02-21 21:00:00,0.0,11.1,189,70.3,0.6,1.4,3.3
2026-02-21 22:00:00,0.0,9.9,183,80.5,0.4,,2.1
2026-02-21 23:00:00,0.0,9.3,98,84.9,0.6,,1.7
2026-02-22 00:00:00,0.0,8.9,64,84.0,0.7,,2.6
2026-02-22 01:00:00,0.0,8.3,71,84.5,0.7,0.9,3.3
2026-02-22 02:00:00,0.0,7.8,69,86.6,0.7,,3.6
2026-02-22 03:00:00,0.0,7.4,59,87.9,0.7,1.5,3.8
2026-02-22 04:00:00,0.0,7.3,46,88.2,0.4,1.1,2.3
2026-02-22 05:00:00,0.0,7.2,40,88.0,0.5,,2.5
2026-02-22 06:00:00,0.0,7.1,,87.9,0.6,,0.1
2026-02-22 07:00:00,0.0,7.0,,88.9,0.5,,0.0
2026-02-22 08:00:00,0.0,7.2,,88.3,18.6,,0.0
2026-02-22 09:00:00,0.0,8.2,,83.5,126.1,,2.0
2026-02-22 10:00:00,0.0,9.9,64,73.6,266.0,,3.0
2026-02-22 11:00:00,0.0,11.5,120,63.6,403.6,0.2,2.3
2026-02-22 12:00:00,0.0,12.3,197,61.4,492.8,0.9,2.8
2026-02-22 13:00:00,0.0,13.3,194,58.6,452.6,1.3,4.5
2026-02-22 14:00:00,0.0,12.6,199,64.2,442.2,1.6,5.1
2026-02-22 15:00:00,0.0,13.2,202,63.5,336.8,1.4,3.9
2026-02-22 16:00:00,0.0,13.6,195,61.9,261.2,,3.6
2026-02-22 17:00:00,0.0,13.8,196,60.6,151.6,,3.1
2026-02-22 18:00:00,0.0,12.5,194,66.4,53.9,1.9,4.1
2026-02-22 19:00:00,0.0,11.5,193,70.5,1.6,1.2,3.6
2026-02-22 20:00:00,0.0,10.9,189,74.1,0.4,,2.6
2026-02-22 21:00:00,0.0,10.7,,76.0,0.4,,0.0
2026-02-22 22:00:00,0.0,10.5,,78.2,0.4,,0.0
2026-02-22 23:00:00,0.0,10.2,,81.0,0.4,,0.0
2026-02-23 00:00:00,0.0,9.5,,86.0,1.2,,0.1
2026-02-23 01:00:00,0.0,9.4,,87.4,1.3,,0.0
2026-02-23 02:00:00,0.0,9.2,,88.9,0.9,,0.5
2026-02-23 03:00:00,0.0,8.9,,90.7,1.8,,0.0
2026-02-23 04:00:00,0.0,8.8,,91.5,1.8,,0.0
2026-02-23 05:00:00,0.0,8.4,,93.4,0.7,,0.0
2026-02-23 06:00:00,0.0,8.0,,97.9,0.4,,0.0
2026-02-23 07:00:00,0.0,8.1,,97.1,0.4,,0.0
2026-02-23 08:00:00,0.0,7.4,,96.9,9.6,,0.0
2026-02-23 09:00:00,0.0,8.4,,91.0,103.9,,0.0
2026-02-23 10:00:00,0.0,10.0,,81.9,243.2,,0.0
2026-02-23 11:00:00,0.0,11.3,,77.0,383.4,,1.0
2026-02-23 12:00:00,0.0,12.7,191,72.2,464.6,0.9,3.2
2026-02-23 13:00:00,0.0,14.9,278,60.9,520.6,0.7,4.5
2026-02-23 14:00:00,0.0,15.6,233,58.3,476.4,1.4,4.6
2026-02-23 15:00:00,0.0,15.9,229,57.4,432.8,1.2,5.2
2026-02-23 16:00:00,0.0,16.6,240,54.9,329.0,1.0,3.8
2026-02-23 17:00:00,0.0,16.6,249,56.8,179.7,0.8,3.3
2026-02-23 18:00:00,0.0,15.9,259,60.2,63.9,0.7,3.5
2026-02-23 19:00:00,0.0,14.9,285,66.3,1.8,,2.8
2026-02-23 20:00:00,0.0,13.4,191,77.8,0.6,1.9,4.2
2026-02-23 21:00:00,0.0,12.5,192,86.1,0.4,,3.8
2026-02-23 22:00:00,0.0,12.1,,87.9,0.4,,0.0
2026-02-23 23:00:00,0.0,11.5,,90.6,0.4,,0.2
2026-02-24 00:00:00,0.0,11.0,,94.4,0.6,,0.0
2026-02-24 01:00:00,0.0,10.7,,96.1,0.6,,0.0
2026-02-24 02:00:00,0.0,10.3,,97.1,0.5,,0.0
2026-02-24 03:00:00,0.0,9.6,,99.2,0.5,,0.3
2026-02-24 04:00:00,0.0,9.3,,99.2,0.5,,0.0
2026-02-24 05:00:00,0.0,9.2,,99.2,0.6,,0.0
2026-02-24 06:00:00,0.0,9.3,,99.2,0.4,,0.0
2026-02-24 07:00:00,0.0,9.4,,99.2,0.4,,0.1
2026-02-24 08:00:00,0.0,9.0,274,99.2,15.1,,3.4
2026-02-24 09:00:00,0.0,9.8,232,96.1,130.3,0.7,3.2
2026-02-24 10:00:00,0.0,12.0,253,75.9,283.1,1.2,3.9
2026-02-24 11:00:00,0.0,14.0,259,66.2,414.2,1.2,5.4
2026-02-24 12:00:00,0.0,15.2,239,62.2,501.9,1.9,5.4
2026-02-24 13:00:00,0.0,16.6,214,58.4,540.7,1.2,4.3
2026-02-24 14:00:00,0.0,17.0,171,58.9,515.6,1.2,6.5
2026-02-24 15:00:00,0.0,15.2,119,70.2,434.9,1.5,6.4
2026-02-24 16:00:00,0.0,11.5,103,89.1,163.6,1.9,7.7
2026-02-24 17:00:00,0.0,10.6,100,98.8,46.4,2.2,7.8
2026-02-24 18:00:00,0.0,11.1,96,94.4,22.9,2.1,8.0
2026-02-24 19:00:00,0.0,10.7,94,94.6,2.1,1.8,5.8
2026-02-24 20:00:00,0.0,10.4,85,89.5,0.8,2.1,6.3
2026-02-24 21:00:00,0.0,10.1,82,87.9,0.7,1.8,5.8
2026-02-24 22:00:00,0.0,9.8,80,86.9,0.7,,5.2
2026-02-24 23:00:00,0.0,9.6,80,84.8,0.9,1.8,5.7
2026-02-25 00:00:00,0.0,9.3,79,86.0,0.7,1.6,5.0
2026-02-25 01:00:00,0.0,9.1,74,87.6,0.9,,3.3
2026-02-25 02:00:00,0.0,9.2,,87.3,2.0,,2.2
2026-02-25 03:00:00,0.0,9.5,,86.2,2.2,,0.8
2026-02-25 04:00:00,0.0,9.9,14,84.5,1.8,,1.8
2026-02-25 05:00:00,0.0,10.1,,82.7,1.8,,1.1
2026-02-25 06:00:00,0.0,10.3,,80.7,1.8,,1.9
2026-02-25 07:00:00,0.0,10.5,,80.9,1.7,,0.0
2026-02-25 08:00:00,0.0,10.9,,79.1,6.8,,0.0
2026-02-25 09:00:00,0.0,11.6,,75.8,40.1,,0.0
2026-02-25 10:00:00,0.0,12.1,,74.0,70.6,,0.0
2026-02-25 11:00:00,0.0,12.2,,76.4,112.2,,0.0
2026-02-25 12:00:00,0.0,12.9,,72.8,195.2,,0.0
2026-02-25 13:00:00,0.0,13.3,,65.5,217.6,,0.0
2026-02-25 14:00:00,0.0,13.6,182,60.6,195.5,,2.8
2026-02-25 15:00:00,0.0,14.3,214,59.4,373.8,,4.0
2026-02-25 16:00:00,0.0,14.9,197,56.4,313.1,,3.2
2026-02-25 17:00:00,0.0,14.4,200,58.8,187.2,,4.0
2026-02-25 18:00:00,0.0,13.7,220,61.6,56.1,,3.6
2026-02-25 19:00:00,0.0,12.8,222,65.1,2.3,1.7,3.9
2026-02-25 20:00:00,0.0,12.3,240,68.4,0.4,,4.0
2026-02-25 21:00:00,0.0,11.8,,73.4,0.4,,1.0
2026-02-25 22:00:00,0.0,11.3,234,74.5,0.4,,3.7
2026-02-25 23:00:00,0.0,11.0,263,75.2,0.4,,2.3
2026-02-26 00:00:00,0.0,10.6,,77.4,0.4,,1.6
2026-02-26 01:00:00,0.0,10.5,,76.8,0.4,,1.6
2026-02-26 02:00:00,0.0,10.4,,75.1,0.4,,0.0
2026-02-26 03:00:00,0.0,10.0,,77.1,0.4,,0.0
2026-02-26 04:00:00,0.0,9.4,,78.9,0.4,,0.8
2026-02-26 05:00:00,0.0,9.1,,80.3,0.5,,0.0
2026-02-26 06:00:00,0.0,8.4,,87.1,0.4,,0.0
2026-02-26 07:00:00,0.0,7.8,,96.2,0.4,,0.0
2026-02-26 08:00:00,0.0,8.1,,97.3,22.1,,0.0
2026-02-26 09:00:00,0.0,9.5,,87.5,130.2,,0.0
2026-02-26 10:00:00,0.0,11.5,,75.7,270.8,,0.0
2026-02-26 11:00:00,0.0,13.6,,60.8,402.1,,0.9
2026-02-26 12:00:00,0.0,14.9,209,55.7,483.8,,3.5
2026-02-26 13:00:00,0.0,15.8,198,54.2,534.4,,4.8
2026-02-26 14:00:00,0.0,17.0,263,51.3,519.6,0.8,4.3
2026-02-26 15:00:00,0.0,17.6,258,49.9,462.3,1.0,3.7
2026-02-26 16:00:00,0.0,17.7,214,49.4,363.2,0.9,3.6
2026-02-26 17:00:00,0.0,17.4,224,51.5,219.4,1.2,4.2
2026-02-26 18:00:00,0.0,16.2,207,57.1,66.7,1.2,3.1
2026-02-26 19:00:00,0.0,15.1,223,61.8,2.5,,2.3
2026-02-26 20:00:00,0.0,14.5,,65.2,0.4,,0.0
2026-02-26 21:00:00,0.0,14.0,,67.9,0.4,,0.0
2026-02-26 22:00:00,0.0,13.3,,73.0,0.4,,0.0
2026-02-26 23:00:00,0.0,12.7,,75.2,0.5,,0.0
2026-02-27 00:00:00,0.0,12.3,,76.8,1.1,,0.0
2026-02-27 01:00:00,0.0,12.4,,76.7,1.7,,0.0
2026-02-27 02:00:00,0.0,11.9,,81.0,1.8,,0.1
2026-02-27 03:00:00,0.0,11.7,,82.7,1.7,,0.0
2026-02-27 04:00:00,0.0,11.4,65,81.2,1.5,,2.1
2026-02-27 05:00:00,0.0,11.1,92,81.3,1.5,,1.8
2026-02-27 06:00:00,0.0,10.7,197,85.7,1.5,,1.6
2026-02-27 07:00:00,0.0,10.4,183,87.1,1.6,,1.6
2026-02-27 08:00:00,0.0,10.7,,89.3,12.0,,1.1
2026-02-27 09:00:00,0.0,11.1,196,87.2,58.1,,1.6
2026-02-27 10:00:00,0.0,11.4,88,86.3,104.9,,1.7
2026-02-27 11:00:00,0.0,11.6,198,87.0,151.4,,2.0
2026-02-27 12:00:00,0.0,12.3,,85.6,252.2,,1.6
2026-02-27 13:00:00,0.0,13.6,185,77.4,418.8,,3.8
2026-02-27 14:00:00,0.0,15.0,205,64.6,576.2,2.0,4.5
2026-02-27 15:00:00,0.0,15.7,209,59.9,409.3,1.7,5.3
2026-02-27 16:00:00,0.0,16.3,,57.6,319.2,,
2026-02-27 17:00:00,0.0,16.1,,57.5,197.8,,
2026-02-27 18:00:00,0.0,15.6,,60.0,61.2,,
2026-02-27 19:00:00,0.0,14.7,,63.5,2.3,,
2026-02-27 20:00:00,0.0,14.4,,65.4,0.7,,
2026-02-27 21:00:00,0.0,14.2,,66.7,0.5,,
2026-02-27 22:00:00,0.0,13.3,,67.4,0.9,,
2026-02-27 23:00:00,0.0,12.7,,68.5,0.8,,
2026-02-28 00:00:00,0.0,12.4,,70.3,0.4,,
2026-02-28 01:00:00,0.0,12.0,,72.1,0.6,,
2026-02-28 02:00:00,0.0,11.8,,73.9,0.8,,
2026-02-28 03:00:00,0.0,11.9,,73.0,1.6,,
2026-02-28 04:00:00,0.0,12.0,,73.2,1.5,,
2026-02-28 05:00:00,0.0,12.0,,73.4,1.3,,
2026-02-28 06:00:00,0.0,11.9,,73.4,1.5,,
2026-02-28 07:00:00,0.0,11.6,,77.1,1.6,,
2026-02-28 08:00:00,0.0,11.6,,80.7,9.8,,
2026-02-28 09:00:00,0.0,11.8,,81.0,44.7,,
2026-02-28 10:00:00,0.0,11.8,,81.4,93.7,,
2026-02-28 11:00:00,0.0,12.2,,78.7,182.4,,
2026-02-28 12:00:00,0.0,12.8,,74.8,251.4,,
2026-02-28 13:00:00,0.0,14.2,,67.3,372.9,,
2026-02-28 14:00:00,0.0,15.1,,62.4,348.1,,
2026-02-28 15:00:00,0.0,15.9,,56.9,338.1,,
2026-02-28 16:00:00,0.0,15.8,,53.2,190.4,,
2026-02-28 17:00:00,0.0,15.3,,54.5,193.4,,
2026-02-28 18:00:00,0.0,15.1,,53.7,81.6,,
2026-02-28 19:00:00,0.0,14.4,,57.1,3.3,,
2026-02-28 20:00:00,0.0,14.0,,61.2,0.4,,
2026-02-28 21:00:00,0.0,13.8,,64.4,0.4,,
2026-02-28 22:00:00,0.0,13.1,,69.9,0.4,,
2026-02-28 23:00:00,0.0,12.9,,71.7,0.4,,
2026-03-01 00:00:00,0.0,12.9,,72.1,1.5,,
2026-03-01 01:00:00,0.0,12.5,,74.0,1.5,,
2026-03-01 02:00:00,0.0,12.4,,74.4,1.2,,
2026-03-01 03:00:00,0.0,11.6,,78.0,1.2,,
2026-03-01 04:00:00,0.0,11.5,,78.3,1.4,,
2026-03-01 05:00:00,0.0,10.9,,90.4,1.2,,
2026-03-01 06:00:00,0.0,10.5,,98.0,1.1,,
2026-03-01 07:00:00,0.0,10.4,,99.2,1.6,,
2026-03-01 08:00:00,0.0,9.9,,99.3,9.6,,
2026-03-01 09:00:00,0.0,9.6,,99.3,26.3,,
2026-03-01 10:00:00,0.0,9.5,,99.4,40.5,,
2026-03-01 11:00:00,0.0,9.8,,99.4,61.9,,
2026-03-01 12:00:00,0.0,10.3,,99.3,79.0,,
2026-03-01 13:00:00,0.0,10.7,,99.2,88.5,,
2026-03-01 14:00:00,0.0,11.1,,99.2,99.1,,
2026-03-01 15:00:00,0.0,11.2,,98.5,96.6,,
2026-03-01 16:00:00,0.0,11.7,,93.2,99.9,,
2026-03-01 17:00:00,0.0,11.8,,93.0,50.0,,
2026-03-01 18:00:00,0.0,11.7,,94.6,24.1,,
2026-03-01 19:00:00,0.0,11.6,,95.6,3.2,,
2026-03-01 20:00:00,0.0,11.5,,95.9,2.2,,
2026-03-01 21:00:00,0.0,11.4,,95.7,1.8,,
2026-03-01 22:00:00,0.0,11.2,,97.2,1.3,,
2026-03-01 23:00:00,0.0,10.9,,99.1,1.4,,
2026-03-02 00:00:00,0.0,10.8,,99.2,2.1,,
2026-03-02 01:00:00,0.0,10.6,,99.2,2.1,,
2026-03-02 02:00:00,0.0,10.3,,99.3,1.5,,
2026-03-02 03:00:00,0.0,10.1,,99.3,1.5,,
2026-03-02 04:00:00,0.0,10.1,,99.3,1.8,,
2026-03-02 05:00:00,0.0,9.9,,99.3,1.9,,
2026-03-02 06:00:00,0.0,9.8,,99.3,1.9,,
2026-03-02 07:00:00,0.0,9.8,,99.3,1.9,,
2026-03-02 08:00:00,0.0,9.8,,99.3,8.8,,
2026-03-02 09:00:00,0.0,9.8,,99.3,32.9,,
2026-03-02 10:00:00,0.0,9.9,,99.3,46.2,,
2026-03-02 11:00:00,0.0,10.2,,99.4,72.4,,
2026-03-02 12:00:00,0.0,11.0,,99.3,125.4,,
2026-03-02 13:00:00,0.0,11.7,,96.4,203.3,,
2026-03-02 14:00:00,0.0,12.7,125,86.3,277.9,,2.9
2026-03-02 15:00:00,0.0,13.5,,79.6,214.1,,1.8
2026-03-02 16:00:00,0.0,13.4,,78.9,154.9,,2.6
2026-03-02 17:00:00,0.0,13.6,83,75.2,97.9,,2.3
2026-03-02 18:00:00,2.6,12.5,121,88.8,27.2,,1.7
2026-03-02 19:00:00,0.4,12.0,,98.7,5.0,,1.7
2026-03-02 20:00:00,0.0,11.7,,94.4,1.7,,1.0
2026-03-02 21:00:00,0.0,11.3,,97.1,1.4,,0.9
2026-03-02 22:00:00,0.0,10.9,,99.0,1.2,,1.0
2026-03-02 23:00:00,0.0,11.0,,99.2,1.5,,1.4
2026-03-03 00:00:00,0.0,10.7,38,99.2,1.8,,3.8
2026-03-03 01:00:00,0.0,10.7,52,99.2,1.6,,2.7
2026-03-03 02:00:00,0.0,10.7,63,99.2,1.5,1.1,3.5
2026-03-03 03:00:00,0.0,10.7,,97.2,1.4,,1.0
2026-03-03 04:00:00,0.0,10.6,,92.0,1.4,,1.2
2026-03-03 05:00:00,0.0,10.4,,90.7,0.8,,1.6
2026-03-03 06:00:00,0.0,10.3,,94.4,1.0,,0.7
2026-03-03 07:00:00,0.0,10.2,,99.0,1.4,,0.7
2026-03-03 08:00:00,0.0,10.0,,99.2,27.1,,0.8
2026-03-03 09:00:00,0.0,10.9,,92.5,121.1,,0.5
2026-03-03 10:00:00,0.0,12.0,,84.4,188.9,,1.7
2026-03-03 11:00:00,0.0,12.6,197,81.3,278.3,,2.7
2026-03-03 12:00:00,0.0,13.7,187,74.1,495.4,,3.3
2026-03-03 13:00:00,0.0,14.1,,69.2,156.2,,1.4
2026-03-03 14:00:00,0.0,13.5,175,72.9,177.0,,3.4
2026-03-03 15:00:00,0.0,14.4,187,67.0,274.8,0.6,3.5
2026-03-03 16:00:00,0.0,15.0,195,62.3,318.3,1.4,4.3
2026-03-03 17:00:00,0.0,15.1,202,61.5,189.6,1.2,4.9
2026-03-03 18:00:00,0.0,14.1,195,66.5,53.0,2.0,4.2
2026-03-03 19:00:00,0.0,13.4,193,73.0,3.0,1.1,3.3
2026-03-03 20:00:00,0.0,12.8,190,76.0,0.4,0.7,2.1
2026-03-03 21:00:00,0.0,12.4,188,77.9,0.4,,1.6
2026-03-03 22:00:00,0.0,12.0,,80.5,0.9,,0.0
2026-03-03 23:00:00,0.0,12.2,,77.8,1.1,,0.3
2026-03-04 00:00:00,0.0,11.8,,79.4,1.2,,0.8
2026-03-04 01:00:00,0.0,11.3,,84.9,0.8,,0.3
2026-03-04 02:00:00,0.0,11.0,55,89.0,0.9,,1.2
2026-03-04 03:00:00,0.0,10.6,,91.5,0.9,,0.9
2026-03-04 04:00:00,0.0,10.5,,93.0,0.9,,1.0
2026-03-04 05:00:00,0.0,10.4,11,93.9,0.5,,1.0
2026-03-04 06:00:00,0.0,10.0,,96.2,0.4,,1.4
2026-03-04 07:00:00,0.0,9.9,,96.9,0.8,,0.1
2026-03-04 08:00:00,0.0,9.7,,99.0,18.9,,0.8
2026-03-04 09:00:00,0.0,10.0,,98.9,60.6,,0.7
2026-03-04 10:00:00,0.0,11.0,,93.8,209.4,,1.3
2026-03-04 11:00:00,0.0,12.5,,79.7,276.6,,1.3
2026-03-04 12:00:00,0.0,14.0,,70.8,396.5,,0.9
2026-03-04 13:00:00,0.0,14.5,,67.1,294.9,,1.6
2026-03-04 14:00:00,0.0,15.1,207,60.5,422.6,,2.1
2026-03-04 15:00:00,0.0,15.3,210,56.0,268.4,,2.3
2026-03-04 16:00:00,0.0,15.1,198,58.8,219.5,1.0,3.8
2026-03-04 17:00:00,0.0,15.0,194,59.2,193.1,1.1,3.5
2026-03-04 18:00:00,0.0,14.3,192,63.4,63.3,1.6,3.8
2026-03-04 19:00:00,0.0,13.6,191,68.7,3.9,1.0,3.3
2026-03-04 20:00:00,0.0,13.0,,72.0,0.4,,1.1
2026-03-04 21:00:00,0.0,12.5,170,75.4,0.4,,1.9
2026-03-04 22:00:00,0.0,12.0,,79.1,0.4,,0.8
2026-03-04 23:00:00,0.0,11.6,,81.7,0.5,,0.5
2026-03-05 00:00:00,0.0,11.1,75,85.8,0.6,,2.2
2026-03-05 01:00:00,0.0,10.4,81,91.8,0.6,0.6,2.9
2026-03-05 02:00:00,0.0,9.4,91,98.6,0.7,0.5,3.2
2026-03-05 03:00:00,0.0,8.7,81,99.3,1.5,1.0,4.1
2026-03-05 04:00:00,0.0,8.3,84,99.3,1.9,,4.3
2026-03-05 05:00:00,0.0,8.5,78,99.3,1.8,0.5,3.2
2026-03-05 06:00:00,0.0,8.5,144,99.3,1.8,,3.0
2026-03-05 07:00:00,0.0,8.5,82,99.3,1.7,,3.0
2026-03-05 08:00:00,0.0,8.9,64,99.3,18.2,0.6,2.6
2026-03-05 09:00:00,0.0,9.3,63,99.3,44.9,1.0,3.7
2026-03-05 10:00:00,0.0,9.5,97,99.2,70.5,,2.6
2026-03-05 11:00:00,0.0,9.6,123,99.2,111.9,,2.6
2026-03-05 12:00:00,0.0,9.9,168,99.2,177.6,,3.7
2026-03-05 13:00:00,0.0,10.4,172,96.6,211.3,,2.3
2026-03-05 14:00:00,0.0,11.5,,84.9,176.0,,2.3
2026-03-05 15:00:00,0.0,11.4,192,84.7,162.9,,2.1
2026-03-05 16:00:00,0.0,11.5,183,82.4,109.0,0.7,3.0
2026-03-05 17:00:00,0.0,11.4,164,82.9,72.7,0.6,3.0
2026-03-05 18:00:00,0.0,11.6,,81.3,37.5,,2.0
2026-03-05 19:00:00,0.0,11.0,162,85.2,3.9,,2.6
2026-03-05 20:00:00,0.0,10.6,175,87.1,1.0,0.5,2.1
2026-03-05 21:00:00,0.0,10.2,,88.1,0.4,,1.1
2026-03-05 22:00:00,0.0,9.9,,88.2,0.4,,1.3
2026-03-05 23:00:00,0.0,10.0,,86.2,1.1,,0.3
2026-03-06 00:00:00,0.0,10.2,,83.1,1.3,,0.0
2026-03-06 01:00:00,0.0,10.1,,83.7,1.7,,0.9
2026-03-06 02:00:00,0.0,9.9,,87.0,1.3,,0.7
2026-03-06 03:00:00,0.0,9.5,188,90.2,1.2,,1.7
2026-03-06 04:00:00,0.0,9.3,,91.0,0.4,,0.7
2026-03-06 05:00:00,0.0,9.4,,91.4,0.8,,0.4
2026-03-06 06:00:00,0.0,9.6,,89.8,0.7,,0.0
2026-03-06 07:00:00,0.0,9.4,,91.5,1.4,,0.1
2026-03-06 08:00:00,0.0,9.3,,93.3,22.4,,0.3
2026-03-06 09:00:00,0.0,9.6,202,89.8,93.3,0.5,1.9
2026-03-06 10:00:00,0.0,10.4,200,84.2,206.5,,1.9
2026-03-06 11:00:00,0.0,12.8,24,72.4,444.4,,2.4
2026-03-06 12:00:00,0.0,14.1,192,64.3,552.6,,2.8
2026-03-06 13:00:00,0.0,15.5,102,51.6,609.6,0.5,3.4
2026-03-06 14:00:00,0.0,16.4,94,47.4,554.3,0.3,3.2
2026-03-06 15:00:00,0.0,15.8,172,49.9,320.7,,3.4
2026-03-06 16:00:00,0.0,15.2,109,52.2,222.8,,2.8
2026-03-06 17:00:00,0.0,14.8,95,54.5,122.0,,2.5
2026-03-06 18:00:00,0.0,14.0,66,57.7,58.3,,2.1
2026-03-06 19:00:00,0.0,12.8,170,63.0,4.5,,2.0
2026-03-06 20:00:00,0.0,12.1,184,70.8,0.4,,2.1
2026-03-06 21:00:00,0.0,11.5,196,74.1,0.4,,1.9
2026-03-06 22:00:00,0.0,11.2,171,77.8,0.4,,1.3
2026-03-06 23:00:00,0.0,10.6,56,82.8,0.4,,1.6
2026-03-07 00:00:00,0.0,10.2,,86.6,0.4,,1.0
2026-03-07 01:00:00,0.0,9.9,,88.2,0.5,,0.0
2026-03-07 02:00:00,0.0,9.9,,87.9,0.6,,0.3
2026-03-07 03:00:00,0.0,9.7,,89.3,0.5,,0.9
2026-03-07 04:00:00,0.0,9.4,,91.0,0.4,,1.0
2026-03-07 05:00:00,0.0,9.1,,90.9,0.4,,0.7
2026-03-07 06:00:00,0.0,8.9,,91.3,0.4,,0.7
2026-03-07 07:00:00,0.0,8.7,,92.3,1.2,,1.0
2026-03-07 08:00:00,0.0,8.7,,90.1,45.7,,0.9
2026-03-07 09:00:00,0.0,9.9,,81.4,164.0,,0.0
2026-03-07 10:00:00,0.0,11.7,,71.2,307.1,,0.9
2026-03-07 11:00:00,0.0,14.0,221,58.9,441.0,,1.8
2026-03-07 12:00:00,0.0,15.5,,52.0,539.5,,1.4
2026-03-07 13:00:00,0.0,16.7,213,46.4,594.4,,3.2
2026-03-07 14:00:00,0.0,16.9,200,42.6,578.7,0.7,3.4
2026-03-07 15:00:00,0.0,17.1,189,39.6,516.6,1.0,3.8
2026-03-07 16:00:00,0.0,17.2,195,36.7,406.6,1.0,4.0
2026-03-07 17:00:00,0.0,16.3,192,39.1,264.1,2.2,5.5
2026-03-07 18:00:00,0.0,15.5,194,42.0,104.3,1.7,5.6
2026-03-07 19:00:00,0.0,14.9,168,46.4,7.1,,3.1
2026-03-07 20:00:00,0.0,14.1,,50.8,0.4,,0.7
2026-03-07 21:00:00,0.0,13.6,,53.1,0.4,,0.5
2026-03-07 22:00:00,0.0,12.9,,56.9,0.4,,1.3
2026-03-07 23:00:00,0.0,12.3,33,61.1,0.4,,0.9
2026-03-08 00:00:00,0.0,11.9,,63.4,0.4,,0.8
2026-03-08 01:00:00,0.0,11.3,,65.4,0.4,,0.4
2026-03-08 02:00:00,0.0,10.9,,67.7,0.4,,1.1
2026-03-08 03:00:00,0.0,10.4,,69.8,0.4,,0.9
2026-03-08 04:00:00,0.0,9.9,,72.7,0.4,,0.9
2026-03-08 05:00:00,0.0,9.7,,72.3,0.4,,0.0
2026-03-08 06:00:00,0.0,9.3,,72.3,0.4,,1.0
2026-03-08 07:00:00,0.0,8.9,,73.8,1.2,,2.1
2026-03-08 08:00:00,0.0,9.0,,74.1,52.8,,0.7
2026-03-08 09:00:00,0.0,10.5,43,65.8,189.6,,2.1
2026-03-08 10:00:00,0.0,12.0,,61.1,331.5,,1.1
2026-03-08 11:00:00,0.0,13.5,203,56.3,462.2,,2.0
2026-03-08 12:00:00,0.0,14.4,190,53.7,556.8,0.5,2.9
2026-03-08 13:00:00,0.0,16.0,193,47.4,602.0,0.5,2.4
2026-03-08 14:00:00,0.0,16.6,181,44.5,594.7,0.8,3.8
2026-03-08 15:00:00,0.0,18.2,52,34.9,518.4,0.6,4.1
2026-03-08 16:00:00,0.0,18.2,92,33.9,411.5,,3.3
2026-03-08 17:00:00,0.0,17.5,163,36.2,259.4,,3.3
2026-03-08 18:00:00,0.0,16.2,182,40.2,101.1,,3.1
2026-03-08 19:00:00,0.0,15.0,,46.0,8.1,,2.4
2026-03-08 20:00:00,0.0,13.8,,53.5,0.4,,1.6
2026-03-08 21:00:00,0.0,13.1,,60.9,0.4,,0.7
2026-03-08 22:00:00,0.0,12.7,,66.8,0.4,,1.4
2026-03-08 23:00:00,0.0,12.1,53,71.5,0.4,,2.6
2026-03-09 00:00:00,0.0,11.6,53,75.0,0.4,0.6,2.7
2026-03-09 01:00:00,0.0,11.2,54,78.7,0.5,,2.5
2026-03-09 02:00:00,0.0,11.1,,81.4,0.6,,1.6
2026-03-09 03:00:00,0.0,10.9,,76.6,0.5,,0.8
2026-03-09 04:00:00,0.0,10.8,,74.0,0.7,,1.0
2026-03-09 05:00:00,0.0,11.1,,74.6,1.0,,0.0
2026-03-09 06:00:00,0.0,11.1,,74.1,1.0,,0.8
2026-03-09 07:00:00,0.0,10.5,,76.9,1.4,,0.0
2026-03-09 08:00:00,0.0,10.9,,73.9,20.4,,0.0
2026-03-09 09:00:00,0.0,11.1,,73.0,92.3,,0.9
2026-03-09 10:00:00,0.0,11.9,,74.1,165.3,,0.3
2026-03-09 11:00:00,0.0,12.9,,69.7,223.0,,0.8
2026-03-09 12:00:00,0.0,14.1,,62.6,327.9,,1.4
2026-03-09 13:00:00,0.0,15.2,180,53.6,396.7,,2.0
2026-03-09 14:00:00,0.0,16.8,187,43.2,527.1,,3.1
2026-03-09 15:00:00,0.0,17.1,186,43.0,439.5,,3.1
2026-03-09 16:00:00,0.0,17.4,167,39.1,307.4,,3.1
2026-03-09 17:00:00,0.0,16.5,178,38.7,121.0,,2.8
2026-03-09 18:00:00,0.0,15.2,207,60.7,44.2,0.8,3.3
2026-03-09 19:00:00,0.0,14.7,205,64.5,4.5,,2.3
2026-03-09 20:00:00,0.0,14.2,212,73.1,1.0,,1.7
2026-03-09 21:00:00,0.0,14.0,288,70.4,0.8,,2.1
2026-03-09 22:00:00,0.0,13.6,300,70.9,0.5,,1.9
2026-03-09 23:00:00,0.0,13.4,,69.0,0.6,,1.1
2026-03-10 00:00:00,0.0,13.2,,72.9,0.4,,0.0
2026-03-10 01:00:00,0.0,13.1,,74.5,1.1,,0.5
2026-03-10 02:00:00,0.0,13.0,,76.2,1.2,,1.2
2026-03-10 03:00:00,0.0,12.8,,73.4,0.7,,0.3
2026-03-10 04:00:00,0.0,12.3,,77.8,0.6,,1.3
2026-03-10 05:00:00,0.0,11.8,209,81.0,0.5,,1.3
2026-03-10 06:00:00,0.0,11.7,51,77.5,1.1,,1.7
2026-03-10 07:00:00,0.0,11.2,59,73.7,1.7,1.3,4.7
2026-03-10 08:00:00,0.0,10.0,56,83.6,53.9,1.8,4.9
2026-03-10 09:00:00,0.0,10.2,78,86.6,135.3,1.5,6.7
2026-03-10 10:00:00,0.0,9.7,84,93.0,114.9,1.5,6.4
2026-03-10 11:00:00,0.0,8.9,76,97.6,94.1,1.4,6.0
2026-03-10 12:00:00,0.0,9.5,127,97.9,170.9,0.6,3.8
2026-03-10 13:00:00,0.0,9.7,185,98.4,107.9,0.8,3.8
2026-03-10 14:00:00,0.0,10.6,100,96.8,184.1,0.5,3.6
2026-03-10 15:00:00,0.0,11.3,175,90.9,164.1,0.5,3.1
2026-03-10 16:00:00,0.0,11.5,,88.4,142.8,,1.3
2026-03-10 17:00:00,0.0,12.0,192,83.4,160.0,,2.2
2026-03-10 18:00:00,0.0,11.6,196,87.7,53.7,0.7,2.9
2026-03-10 19:00:00,0.0,10.8,199,95.2,4.4,1.1,3.2
2026-03-10 20:00:00,0.0,10.6,208,99.2,1.5,,2.3
2026-03-10 21:00:00,0.0,10.5,193,99.3,1.1,,1.9
2026-03-10 22:00:00,0.0,10.6,221,99.2,1.1,0.4,2.1
2026-03-10 23:00:00,0.0,10.5,211,99.2,1.4,0.5,2.3
2026-03-11 00:00:00,0.0,10.4,218,99.2,1.4,0.6,2.5
2026-03-11 01:00:00,0.0,10.6,,99.2,1.5,,1.5
2026-03-11 02:00:00,0.0,10.5,286,99.1,1.1,,2.0
2026-03-11 03:00:00,0.0,10.3,,99.2,1.2,,1.5
2026-03-11 04:00:00,0.0,10.3,,98.4,1.5,,1.4
2026-03-11 05:00:00,0.0,10.4,,93.2,1.0,,0.7
2026-03-11 06:00:00,0.0,10.1,186,94.5,0.6,,1.2
2026-03-11 07:00:00,0.0,10.0,,99.2,1.7,,1.6
2026-03-11 08:00:00,0.0,10.1,238,98.3,19.9,,1.9
2026-03-11 09:00:00,0.0,10.3,222,95.5,49.2,,2.1
2026-03-11 10:00:00,0.0,10.6,227,94.7,75.9,,2.4
2026-03-11 11:00:00,0.0,11.1,213,89.5,131.3,,1.7
2026-03-11 12:00:00,0.0,11.8,272,85.7,216.5,,1.9
2026-03-11 13:00:00,0.0,12.8,199,76.7,351.5,,2.3
2026-03-11 14:00:00,0.0,13.4,198,72.8,292.8,,4.0
2026-03-11 15:00:00,0.0,13.6,216,69.7,260.2,,3.0
2026-03-11 16:00:00,0.0,14.1,190,61.3,229.3,,2.4
2026-03-11 17:00:00,0.0,13.8,190,59.2,139.7,0.7,2.8
2026-03-11 18:00:00,0.0,13.5,199,58.5,55.0,0.8,2.6
2026-03-11 19:00:00,0.0,13.2,208,61.6,6.8,0.7,2.5
2026-03-11 20:00:00,0.0,12.9,,65.8,0.4,,1.1
2026-03-11 21:00:00,0.0,12.7,,68.6,0.6,,0.8
2026-03-11 22:00:00,0.0,12.5,192,70.5,1.1,,1.4
2026-03-11 23:00:00,0.0,12.5,,71.6,0.7,,0.0
2026-03-12 00:00:00,0.0,12.1,,74.2,0.5,,0.3
2026-03-12 01:00:00,0.0,11.6,,78.3,1.3,,1.0
2026-03-12 02:00:00,0.2,11.1,36,84.9,1.1,,2.0
2026-03-12 03:00:00,0.0,10.9,,85.4,0.9,,1.1
2026-03-12 04:00:00,0.0,10.5,205,88.8,0.6,,1.4
2026-03-12 05:00:00,0.4,10.3,,96.5,0.8,,0.1
2026-03-12 06:00:00,0.2,10.3,,96.6,0.4,,0.9
2026-03-12 07:00:00,0.0,10.2,,91.7,1.4,,0.1
2026-03-12 08:00:00,0.0,10.4,62,87.7,21.5,,1.6
2026-03-12 09:00:00,0.0,11.2,,82.3,99.9,,1.4
2026-03-12 10:00:00,0.0,12.2,,78.7,306.4,,1.4
2026-03-12 11:00:00,0.0,14.2,,67.7,487.8,,1.2
2026-03-12 12:00:00,0.0,15.8,185,58.7,603.5,,2.9
2026-03-12 13:00:00,0.0,15.8,185,56.5,436.6,,3.7
2026-03-12 14:00:00,0.0,15.5,194,59.2,424.5,0.9,3.9
2026-03-12 15:00:00,0.0,16.5,201,53.7,551.2,1.0,4.3
2026-03-12 16:00:00,0.0,17.5,202,47.5,439.5,,4.1
2026-03-12 17:00:00,0.0,16.5,194,53.1,283.4,1.5,5.1
2026-03-12 18:00:00,0.0,15.9,189,58.9,117.6,1.3,3.7
2026-03-12 19:00:00,0.0,15.0,193,63.0,12.9,1.5,3.6
2026-03-12 20:00:00,0.0,14.4,191,69.1,0.4,,2.6
2026-03-12 21:00:00,0.0,13.8,191,72.9,0.4,,2.3
2026-03-12 22:00:00,0.0,13.6,,71.9,0.4,,0.0
2026-03-12 23:00:00,0.0,13.4,,72.7,0.4,,0.5
2026-03-13 00:00:00,0.0,12.8,182,75.3,0.4,,1.3
2026-03-13 01:00:00,0.0,12.3,,79.7,0.4,,1.4
2026-03-13 02:00:00,0.0,11.6,62,87.4,0.4,,1.4
2026-03-13 03:00:00,0.0,11.3,,90.8,0.7,,0.2
2026-03-13 04:00:00,0.0,11.3,,89.5,0.4,,1.7
2026-03-13 05:00:00,0.0,10.9,35,91.0,1.0,,1.4
2026-03-13 06:00:00,0.0,11.1,,87.3,0.9,,0.7
2026-03-13 07:00:00,0.0,11.0,33,86.9,2.3,,2.6
2026-03-13 08:00:00,0.0,11.1,,87.2,51.2,,0.0
2026-03-13 09:00:00,0.0,12.3,,81.2,178.2,,0.3
2026-03-13 10:00:00,0.0,13.7,,72.9,324.7,,1.4
2026-03-13 11:00:00,0.0,14.6,194,68.8,517.6,,3.1
2026-03-13 12:00:00,0.0,14.9,198,70.1,593.1,1.5,4.5
2026-03-13 13:00:00,0.0,15.5,199,64.2,623.1,1.6,4.9
2026-03-13 14:00:00,0.0,16.2,193,57.6,600.6,1.4,4.8
2026-03-13 15:00:00,0.0,16.8,191,53.2,528.0,1.5,4.9
2026-03-13 16:00:00,0.0,17.1,192,50.1,423.0,1.5,4.6
2026-03-13 17:00:00,0.0,17.3,193,46.4,284.2,0.9,4.2
2026-03-13 18:00:00,0.0,16.8,188,45.9,111.9,1.1,3.6
2026-03-13 19:00:00,0.0,15.6,178,52.3,7.6,1.5,3.8
2026-03-13 20:00:00,0.0,14.8,171,59.3,0.4,,2.2
2026-03-13 21:00:00,0.0,14.1,,63.8,0.4,,1.7
2026-03-13 22:00:00,0.0,13.9,,63.9,0.9,,1.6
2026-03-13 23:00:00,0.0,13.6,,65.7,1.0,,1.8
2026-03-14 00:00:00,0.0,13.2,41,67.0,1.0,0.7,2.9
2026-03-14 01:00:00,0.0,12.9,59,69.7,0.8,,2.4
2026-03-14 02:00:00,0.0,12.5,45,73.4,1.0,0.6,3.2
2026-03-14 03:00:00,0.0,12.3,62,74.1,0.8,,4.3
2026-03-14 04:00:00,0.0,12.0,82,74.7,1.1,0.5,3.6
2026-03-14 05:00:00,0.0,11.2,115,81.8,1.2,,3.4
2026-03-14 06:00:00,0.2,10.6,61,93.8,0.7,1.4,4.1
2026-03-14 07:00:00,0.0,10.3,74,96.7,2.2,1.7,5.7
2026-03-14 08:00:00,0.0,10.0,79,96.1,38.6,1.6,6.9
2026-03-14 09:00:00,0.0,10.8,80,86.4,167.7,1.7,6.3
2026-03-14 10:00:00,0.0,12.2,85,75.7,230.1,1.8,6.9
2026-03-14 11:00:00,0.0,12.7,88,75.7,186.0,2.1,7.2
2026-03-14 12:00:00,0.2,12.5,97,80.5,81.9,1.1,6.4
2026-03-14 13:00:00,1.6,12.3,82,95.2,56.8,1.2,5.6
2026-03-14 14:00:00,1.6,11.7,97,98.8,54.6,1.0,7.1
2026-03-14 15:00:00,2.4,11.0,99,99.2,45.7,1.1,7.1
2026-03-14 16:00:00,2.4,10.3,100,99.2,36.8,1.8,8.2
2026-03-14 17:00:00,2.2,10.1,86,99.3,21.4,2.1,7.4
2026-03-14 18:00:00,3.0,10.0,75,99.3,9.4,2.7,8.2
2026-03-14 19:00:00,0.8,9.9,70,99.3,3.0,2.6,8.8
2026-03-14 20:00:00,2.4,9.8,90,99.3,1.9,1.1,6.2
2026-03-14 21:00:00,1.6,10.0,107,99.3,1.8,1.1,7.1
2026-03-14 22:00:00,2.8,10.1,130,99.3,1.8,1.6,7.9
2026-03-14 23:00:00,4.6,9.8,162,99.4,1.6,1.3,6.8
2026-03-15 00:00:00,1.8,9.8,109,99.3,1.5,1.1,6.5
2026-03-15 01:00:00,1.0,10.0,79,99.3,1.7,1.9,7.0
2026-03-15 02:00:00,0.8,10.3,82,99.3,1.8,2.7,9.3
2026-03-15 03:00:00,0.2,10.2,69,99.3,2.3,3.1,10.3
2026-03-15 04:00:00,2.2,9.3,47,99.3,1.9,2.1,5.7
2026-03-15 05:00:00,2.0,8.8,38,99.3,1.5,2.4,6.9
2026-03-15 06:00:00,1.0,8.4,5,99.3,1.5,0.9,3.9
2026-03-15 07:00:00,0.6,8.4,14,99.4,1.9,1.9,5.9
2026-03-15 08:00:00,0.0,8.2,358,99.3,27.8,1.6,5.8
2026-03-15 09:00:00,0.0,8.4,339,96.4,41.8,1.1,5.1
2026-03-15 10:00:00,0.0,9.1,337,90.7,128.9,1.6,6.4
2026-03-15 11:00:00,0.0,10.8,345,79.6,242.8,1.2,4.7
2026-03-15 12:00:00,0.0,12.8,352,67.7,358.8,0.8,4.4
2026-03-15 13:00:00,0.0,14.0,357,60.6,258.5,1.1,4.1
2026-03-15 14:00:00,0.4,14.8,29,61.0,204.5,0.5,4.1
2026-03-15 15:00:00,0.0,14.5,47,64.5,128.2,0.6,4.4
2026-03-15 16:00:00,0.0,14.4,63,62.6,52.9,1.1,4.2
2026-03-15 17:00:00,0.0,14.2,65,65.7,55.9,,2.0
2026-03-15 18:00:00,0.2,13.8,75,70.6,38.7,,3.9
2026-03-15 19:00:00,0.0,13.0,61,68.2,7.1,,5.1
2026-03-15 20:00:00,0.0,12.6,7,70.3,0.9,0.9,4.1
2026-03-15 21:00:00,0.0,12.0,5,80.5,1.1,0.9,4.2
2026-03-15 22:00:00,0.0,11.5,350,81.8,0.9,1.0,4.6
2026-03-15 23:00:00,0.0,11.2,349,80.8,0.4,0.6,4.5
2026-03-16 00:00:00,0.0,10.9,342,82.3,0.4,0.6,3.8
2026-03-16 01:00:00,0.0,10.6,335,83.3,0.5,,3.1
2026-03-16 02:00:00,0.0,10.4,,86.7,0.6,,0.6
2026-03-16 03:00:00,0.0,10.2,,86.2,0.6,,0.5
2026-03-16 04:00:00,0.0,9.9,316,86.5,0.4,,3.1
2026-03-16 05:00:00,0.0,9.7,329,84.8,0.4,,2.7
2026-03-16 06:00:00,0.0,9.5,322,84.8,0.4,,1.8
2026-03-16 07:00:00,0.0,9.2,,88.9,4.0,,1.1
2026-03-16 08:00:00,0.0,9.7,,86.1,78.1,,1.3
2026-03-16 09:00:00,0.0,10.8,317,76.8,238.1,,2.0
2026-03-16 10:00:00,0.0,12.7,,66.1,398.9,,1.1
2026-03-16 11:00:00,0.0,15.3,240,54.7,531.6,,2.5
2026-03-16 12:00:00,0.0,17.4,247,46.3,626.7,0.8,4.0
2026-03-16 13:00:00,0.0,18.8,255,37.4,669.2,1.1,4.9
2026-03-16 14:00:00,0.0,19.5,226,36.5,603.2,1.3,5.5
2026-03-16 15:00:00,0.0,18.8,216,42.4,481.2,2.3,7.0
2026-03-16 16:00:00,0.0,19.3,235,39.7,471.8,2.5,6.9
2026-03-16 17:00:00,0.0,18.9,234,39.0,266.4,2.6,6.5
2026-03-16 18:00:00,0.0,19.0,318,25.5,105.2,2.2,8.7
2026-03-16 19:00:00,0.0,18.2,344,15.3,12.0,1.7,7.2
2026-03-16 20:00:00,0.0,17.3,5,14.6,0.4,3.0,8.9
2026-03-16 21:00:00,0.0,16.4,12,15.6,0.3,2.3,6.9
2026-03-16 22:00:00,0.0,15.8,14,16.8,0.4,2.2,5.8
2026-03-16 23:00:00,0.0,15.4,24,16.9,0.4,2.2,6.3
2026-03-17 00:00:00,0.0,15.1,12,17.3,0.4,2.3,7.4
2026-03-17 01:00:00,0.0,15.1,10,18.2,0.4,2.6,7.7
2026-03-17 02:00:00,0.0,14.5,8,20.5,0.4,1.5,5.2
2026-03-17 03:00:00,0.0,12.8,38,26.8,0.4,,3.5
2026-03-17 04:00:00,0.0,11.9,106,31.2,0.4,,4.2
2026-03-17 05:00:00,0.0,10.6,96,44.4,0.4,,4.6
2026-03-17 06:00:00,0.0,10.0,,62.5,0.4,,2.0
2026-03-17 07:00:00,0.0,9.5,64,70.2,5.3,,2.6
2026-03-17 08:00:00,0.0,10.0,67,74.3,84.5,1.2,4.8
2026-03-17 09:00:00,0.0,11.4,72,65.7,251.8,1.6,6.5
2026-03-17 10:00:00,0.0,12.8,97,56.6,419.7,1.4,5.9
2026-03-17 11:00:00,0.0,13.6,113,53.0,550.3,1.2,5.5
2026-03-17 12:00:00,0.0,14.9,114,50.5,636.9,1.0,5.5
2026-03-17 13:00:00,0.0,15.9,117,44.8,676.2,1.1,6.1
2026-03-17 14:00:00,0.0,16.5,137,41.9,661.5,1.0,6.0
2026-03-17 15:00:00,0.0,17.3,169,36.3,623.1,0.8,4.7
2026-03-17 16:00:00,0.0,17.0,156,35.3,471.4,0.8,4.8
2026-03-17 17:00:00,0.0,16.0,183,39.2,309.7,1.7,5.5
2026-03-17 18:00:00,0.0,15.9,131,40.8,138.5,0.6,4.2
2026-03-17 19:00:00,0.0,14.8,131,44.4,17.4,,2.4
2026-03-17 20:00:00,0.0,13.9,98,49.5,0.4,,2.7
2026-03-17 21:00:00,0.0,13.3,92,51.0,0.4,0.4,3.1
2026-03-17 22:00:00,0.0,12.5,89,53.3,1.2,1.4,6.0
2026-03-17 23:00:00,0.0,11.6,91,50.4,1.2,1.2,5.2
2026-03-18 00:00:00,0.0,11.1,93,48.6,1.4,0.9,5.4
2026-03-18 01:00:00,0.0,10.9,87,48.7,1.5,1.4,5.9
2026-03-18 02:00:00,0.0,10.5,89,51.8,1.5,1.4,5.8
2026-03-18 03:00:00,0.0,10.0,84,56.9,1.8,2.2,7.2
2026-03-18 04:00:00,0.0,9.5,84,62.7,1.5,2.0,6.5
2026-03-18 05:00:00,0.0,9.2,74,66.8,1.2,2.1,7.8
2026-03-18 06:00:00,0.0,9.1,68,61.9,1.3,2.4,6.5
2026-03-18 07:00:00,0.0,8.5,39,57.5,5.5,1.9,5.4
2026-03-18 08:00:00,0.0,8.4,26,60.1,45.7,1.5,4.5
2026-03-18 09:00:00,0.0,10.5,39,51.8,270.4,1.5,5.8
2026-03-18 10:00:00,0.0,12.2,37,41.7,413.5,1.3,4.7
2026-03-18 11:00:00,0.0,13.4,1,37.3,539.4,0.8,5.5
2026-03-18 12:00:00,0.0,15.0,106,29.7,652.5,0.7,5.2
2026-03-18 13:00:00,0.0,13.6,152,32.3,321.8,1.9,7.4
2026-03-18 14:00:00,0.0,12.2,179,36.3,201.2,2.0,6.6
2026-03-18 15:00:00,0.0,12.9,196,36.6,488.7,1.3,6.0
2026-03-18 16:00:00,0.0,13.6,206,35.8,348.3,0.8,3.5
2026-03-18 17:00:00,0.0,14.6,292,33.7,308.5,0.9,4.8
2026-03-18 18:00:00,0.0,14.3,253,34.1,148.8,0.6,3.5
2026-03-18 19:00:00,0.0,13.2,240,37.4,15.3,0.7,3.3
2026-03-18 20:00:00,0.0,12.5,226,40.9,0.4,,2.7
2026-03-18 21:00:00,0.0,12.4,308,41.2,0.4,0.8,3.2
2026-03-18 22:00:00,0.0,11.9,306,41.8,0.4,0.8,3.1
2026-03-18 23:00:00,0.0,11.4,349,46.3,0.4,,3.3
2026-03-19 00:00:00,0.0,11.0,360,48.8,0.4,0.8,3.1
2026-03-19 01:00:00,0.0,10.9,351,48.4,0.4,1.0,3.4
2026-03-19 02:00:00,0.0,10.6,359,48.5,0.4,0.9,4.4
2026-03-19 03:00:00,0.0,10.3,359,48.7,0.4,1.2,4.2
2026-03-19 04:00:00,0.0,10.0,354,49.7,0.4,0.5,2.2
2026-03-19 05:00:00,0.0,9.5,352,52.3,0.4,,3.3
2026-03-19 06:00:00,0.0,8.9,342,55.3,0.4,0.5,2.8
2026-03-19 07:00:00,0.0,8.5,355,57.4,6.3,0.6,2.8
2026-03-19 08:00:00,0.0,9.0,356,56.0,94.6,0.7,2.7
2026-03-19 09:00:00,0.0,11.0,13,49.4,257.5,,3.1
2026-03-19 10:00:00,0.0,13.3,192,42.0,417.9,,2.7
2026-03-19 11:00:00,0.0,14.0,189,45.6,549.1,0.7,3.2
2026-03-19 12:00:00,0.0,16.7,218,33.9,635.5,,2.8
2026-03-19 13:00:00,0.0,18.0,16,25.6,673.7,,3.5
2026-03-19 14:00:00,0.0,19.2,230,22.6,595.1,,3.9
2026-03-19 15:00:00,0.0,17.5,191,28.3,547.8,2.1,6.5
2026-03-19 16:00:00,0.0,17.6,196,28.3,461.8,2.4,7.3
2026-03-19 17:00:00,0.0,17.1,197,31.7,313.1,3.1,8.0
2026-03-19 18:00:00,0.0,16.3,196,33.2,145.4,3.4,7.4
2026-03-19 19:00:00,0.0,15.3,191,34.3,21.9,2.5,6.0
2026-03-19 20:00:00,0.0,14.4,185,35.5,0.4,1.1,3.6
2026-03-19 21:00:00,0.0,13.8,177,34.3,0.4,,2.1
2026-03-19 22:00:00,0.0,13.0,,37.8,0.4,,0.9
2026-03-19 23:00:00,0.0,12.0,88,41.0,0.4,1.2,5.3
2026-03-20 00:00:00,0.0,10.9,78,44.9,0.5,1.5,4.6
2026-03-20 01:00:00,0.0,10.5,73,45.5,0.4,0.9,3.9
2026-03-20 02:00:00,0.0,10.1,59,46.4,0.4,1.1,4.1
2026-03-20 03:00:00,0.0,9.8,63,47.3,0.4,0.7,3.6
2026-03-20 04:00:00,0.0,9.7,63,47.2,0.4,,3.0
2026-03-20 05:00:00,0.0,9.6,73,47.9,0.4,,2.2
2026-03-20 06:00:00,0.0,9.5,76,48.2,0.4,,3.7
2026-03-20 07:00:00,0.0,9.1,,48.2,7.8,,0.8
2026-03-20 08:00:00,0.0,9.9,,46.0,95.3,,0.7
2026-03-20 09:00:00,0.0,11.7,69,38.5,259.9,0.8,3.7
2026-03-20 10:00:00,0.0,12.8,93,35.7,430.1,0.5,3.5
2026-03-20 11:00:00,0.0,13.1,171,34.0,566.5,0.9,4.5
2026-03-20 12:00:00,0.0,14.0,171,29.3,656.8,1.0,4.2
2026-03-20 13:00:00,0.0,15.6,159,27.5,685.5,0.4,3.5
2026-03-20 14:00:00,0.0,16.0,191,28.0,669.1,0.8,5.1
2026-03-20 15:00:00,0.0,16.0,191,28.3,594.2,1.2,6.4
2026-03-20 16:00:00,0.0,15.8,185,28.8,472.6,1.4,5.9
2026-03-20 17:00:00,0.0,15.4,187,29.6,318.0,1.5,4.8
2026-03-20 18:00:00,0.0,14.8,190,31.4,147.3,1.9,5.0
2026-03-20 19:00:00,0.0,13.9,185,34.2,21.8,2.0,4.9
2026-03-20 20:00:00,0.0,13.4,176,36.2,0.4,,3.4
2026-03-20 21:00:00,0.0,12.7,,39.1,0.4,,2.2
2026-03-20 22:00:00,0.0,12.1,78,41.7,0.4,,2.6
2026-03-20 23:00:00,0.0,11.5,57,44.7,0.4,,2.7
2026-03-21 00:00:00,0.0,10.9,66,47.6,0.4,0.9,3.3
2026-03-21 01:00:00,0.0,10.4,61,49.0,0.6,1.7,4.1
2026-03-21 02:00:00,0.0,9.9,60,50.6,0.6,1.6,4.1
2026-03-21 03:00:00,0.0,9.5,57,51.4,0.5,1.7,4.8
2026-03-21 04:00:00,0.0,10.1,61,47.9,1.4,1.5,4.5
2026-03-21 05:00:00,0.0,10.5,65,46.5,1.5,1.8,4.5
2026-03-21 06:00:00,0.0,10.4,61,47.3,1.3,1.5,4.3
2026-03-21 07:00:00,0.0,10.0,42,49.0,6.3,,2.9
2026-03-21 08:00:00,0.0,10.2,,49.6,57.3,,1.3
2026-03-21 09:00:00,0.0,9.9,191,52.3,109.0,,1.8
2026-03-21 10:00:00,0.0,10.5,200,52.6,175.6,0.5,1.6
2026-03-21 11:00:00,0.0,11.4,190,46.5,337.6,,2.5
2026-03-21 12:00:00,0.0,13.6,126,36.7,574.8,0.5,3.4
2026-03-21 13:00:00,0.0,14.4,152,32.4,621.9,0.5,4.1
2026-03-21 14:00:00,0.0,14.7,142,34.3,562.0,0.7,4.0
2026-03-21 15:00:00,0.0,16.2,104,31.5,612.2,0.9,5.5
2026-03-21 16:00:00,0.0,15.2,165,35.3,460.0,1.5,6.4
2026-03-21 17:00:00,0.0,14.8,161,36.4,306.0,1.5,6.4
2026-03-21 18:00:00,0.0,14.3,129,38.0,125.4,1.1,5.4
2026-03-21 19:00:00,0.0,13.2,115,39.4,15.4,0.8,4.9
2026-03-21 20:00:00,0.0,12.1,118,42.1,0.5,0.6,5.2
2026-03-21 21:00:00,0.0,11.8,99,44.5,1.2,0.7,4.7
2026-03-21 22:00:00,0.0,11.5,97,47.9,1.5,0.8,4.8
2026-03-21 23:00:00,0.0,11.1,99,49.4,1.5,0.9,5.2
2026-03-22 00:00:00,0.0,10.8,95,50.6,1.5,1.3,6.0
2026-03-22 01:00:00,0.0,10.6,96,48.1,1.5,1.2,6.1
2026-03-22 02:00:00,0.0,10.5,88,46.6,1.2,0.9,4.8
2026-03-22 03:00:00,0.0,10.1,85,46.9,1.1,1.3,5.2
2026-03-22 04:00:00,0.0,9.8,94,50.2,1.1,1.1,5.3
2026-03-22 05:00:00,0.0,9.6,91,54.8,0.9,0.9,4.4
2026-03-22 06:00:00,0.0,9.0,84,57.9,0.4,0.9,4.0
2026-03-22 07:00:00,0.0,8.8,85,59.1,8.5,,3.4
2026-03-22 08:00:00,0.0,9.1,90,58.4,88.2,,2.8
2026-03-22 09:00:00,0.0,9.5,143,56.7,265.3,0.4,3.2
2026-03-22 10:00:00,0.0,10.6,123,51.5,356.7,0.5,3.9
2026-03-22 11:00:00,0.0,11.8,147,44.6,410.1,0.9,5.0
2026-03-22 12:00:00,0.0,12.8,171,37.2,629.2,1.9,7.1
2026-03-22 13:00:00,0.0,13.8,151,35.6,582.5,0.8,6.7
2026-03-22 14:00:00,0.0,14.1,86,35.9,309.6,,4.5
2026-03-22 15:00:00,0.0,13.7,103,36.2,131.8,,3.3
2026-03-22 16:00:00,0.0,13.3,197,36.7,175.1,,3.4
2026-03-22 17:00:00,0.0,13.2,35,38.3,69.6,1.9,6.6
2026-03-22 18:00:00,0.0,13.2,22,36.2,54.8,,2.3
2026-03-22 19:00:00,0.0,12.9,37,36.7,16.9,,3.1
2026-03-22 20:00:00,0.0,12.2,32,42.3,1.1,,2.6
2026-03-22 21:00:00,0.0,11.8,56,45.9,1.1,,2.1
2026-03-22 22:00:00,0.0,11.5,,46.4,1.0,,1.2
2026-03-22 23:00:00,0.0,11.4,360,47.6,1.0,,1.8
2026-03-23 00:00:00,0.0,10.2,183,59.0,0.5,,1.7
2026-03-23 01:00:00,0.0,8.8,,78.0,0.4,,1.4
2026-03-23 02:00:00,0.0,8.3,,84.9,0.4,,1.2
2026-03-23 03:00:00,0.0,8.4,,84.2,0.4,,0.9
2026-03-23 04:00:00,0.0,8.5,,82.6,0.4,,0.4
2026-03-23 05:00:00,0.0,8.4,,78.9,0.4,,0.4
2026-03-23 06:00:00,0.0,8.3,,73.2,0.4,,0.8
2026-03-23 07:00:00,0.0,8.2,,71.2,9.6,,0.5
2026-03-23 08:00:00,0.0,8.3,,69.7,103.5,,0.8
2026-03-23 09:00:00,0.0,9.7,,60.3,263.2,,0.9
2026-03-23 10:00:00,0.0,11.6,186,53.7,424.6,,2.9
2026-03-23 11:00:00,0.0,12.3,180,56.4,558.7,1.2,3.8
2026-03-23 12:00:00,0.0,15.0,251,38.9,627.5,0.6,4.0
2026-03-23 13:00:00,0.0,15.6,247,33.8,685.4,1.0,5.7
2026-03-23 14:00:00,0.0,16.3,244,30.8,674.3,1.3,6.8
2026-03-23 15:00:00,0.0,17.0,236,29.7,604.1,1.0,4.6
2026-03-23 16:00:00,0.0,16.8,216,30.3,487.8,1.5,6.3
2026-03-23 17:00:00,0.0,16.3,205,29.6,343.4,1.8,4.9
2026-03-23 18:00:00,0.0,15.9,203,30.3,146.5,1.3,4.1
2026-03-23 19:00:00,0.0,15.2,204,32.8,20.2,0.8,3.5
2026-03-23 20:00:00,0.0,14.7,188,35.7,0.4,,3.3
2026-03-23 21:00:00,0.0,14.2,190,38.5,0.4,,1.3
2026-03-23 22:00:00,0.0,13.6,,41.2,0.4,,0.3
2026-03-23 23:00:00,0.0,13.0,,44.6,0.4,,0.0
2026-03-24 00:00:00,0.0,12.1,,48.8,0.4,,0.9
2026-03-24 01:00:00,0.0,11.3,,51.0,0.6,,0.5
2026-03-24 02:00:00,0.0,11.2,,51.6,0.4,,0.0
2026-03-24 03:00:00,0.0,10.8,,54.0,0.4,,0.0
2026-03-24 04:00:00,0.0,10.1,,57.1,0.4,,0.0
2026-03-24 05:00:00,0.0,9.4,,62.6,0.4,,0.2
2026-03-24 06:00:00,0.0,9.0,,64.3,0.5,,0.5
2026-03-24 07:00:00,0.0,9.1,40,59.4,12.7,,1.8
2026-03-24 08:00:00,0.0,9.7,35,56.2,110.5,,2.7
2026-03-24 09:00:00,0.0,11.4,44,50.5,275.5,,2.7
2026-03-24 10:00:00,0.0,13.1,105,45.7,441.8,,3.8
2026-03-24 11:00:00,0.0,14.4,183,42.9,569.0,,2.9
2026-03-24 12:00:00,0.0,15.8,7,40.0,622.3,,3.3
2026-03-24 13:00:00,0.0,16.8,177,35.7,684.4,0.7,4.2
2026-03-24 14:00:00,0.0,17.4,201,32.0,653.0,1.1,4.6
2026-03-24 15:00:00,0.0,17.8,170,30.5,571.5,0.8,4.7
2026-03-24 16:00:00,0.0,17.4,174,31.3,432.7,1.2,6.8
2026-03-24 17:00:00,0.0,17.8,189,29.1,306.2,0.7,4.0
2026-03-24 18:00:00,0.0,17.4,193,29.4,152.3,1.0,4.1
2026-03-24 19:00:00,0.0,16.5,197,30.2,18.0,0.9,3.2
2026-03-24 20:00:00,0.0,15.9,203,32.0,0.4,,2.1
2026-03-24 21:00:00,0.0,15.5,,33.6,0.4,,0.8
2026-03-24 22:00:00,0.0,14.8,,36.4,0.4,,0.0
2026-03-24 23:00:00,0.0,14.0,,41.2,0.4,,0.3
2026-03-25 00:00:00,0.0,12.9,,45.7,0.4,,1.3
2026-03-25 01:00:00,0.0,12.2,,49.8,0.4,,0.5
2026-03-25 02:00:00,0.0,11.2,,54.8,0.4,,0.0
2026-03-25 03:00:00,0.0,10.9,,55.3,0.6,,0.1
2026-03-25 04:00:00,0.0,10.8,,55.5,0.5,,0.7
2026-03-25 05:00:00,0.0,10.5,,57.1,0.4,,0.6
2026-03-25 06:00:00,0.0,10.3,,58.0,0.4,,0.2
2026-03-25 07:00:00,0.0,9.8,,63.3,9.9,,0.4
2026-03-25 08:00:00,0.0,10.8,197,60.0,114.5,,2.1
2026-03-25 09:00:00,0.0,11.4,197,54.5,284.9,0.5,2.6
2026-03-25 10:00:00,0.0,12.3,204,50.5,451.6,0.9,3.1
2026-03-25 11:00:00,0.0,14.7,217,42.8,585.5,1.6,6.0
2026-03-25 12:00:00,0.0,16.1,228,41.6,619.5,1.7,6.3
2026-03-25 13:00:00,0.0,17.0,255,37.7,567.3,1.2,5.8
2026-03-25 14:00:00,0.0,17.8,214,39.8,562.1,1.3,6.4
2026-03-25 15:00:00,0.0,17.3,214,44.9,391.4,1.7,5.9
2026-03-25 16:00:00,0.0,16.9,206,47.9,207.3,1.8,6.8
2026-03-25 17:00:00,0.0,16.9,213,48.7,236.4,2.9,9.8
2026-03-25 18:00:00,0.0,16.2,218,53.5,73.9,2.1,7.2
2026-03-25 19:00:00,0.0,15.7,215,54.5,14.5,2.4,6.2
2026-03-25 20:00:00,0.0,14.8,305,56.3,1.0,1.1,14.3
2026-03-25 21:00:00,4.0,10.6,334,70.3,3.6,3.3,10.5
2026-03-25 22:00:00,0.2,10.5,13,70.8,2.9,2.0,8.3
2026-03-25 23:00:00,0.0,11.1,341,57.0,1.5,1.4,5.8
2026-03-26 00:00:00,0.2,12.1,327,26.9,1.2,3.1,10.6
2026-03-26 01:00:00,0.0,11.7,328,21.3,0.6,3.5,9.1
2026-03-26 02:00:00,0.0,11.2,322,22.2,0.4,3.9,9.5
2026-03-26 03:00:00,0.0,10.9,319,23.1,0.4,4.7,11.3
2026-03-26 04:00:00,0.0,10.6,320,24.5,0.4,5.2,11.7
2026-03-26 05:00:00,0.0,10.3,319,25.6,0.6,5.4,12.8
2026-03-26 06:00:00,0.0,10.4,319,24.6,0.7,6.0,12.8
2026-03-26 07:00:00,0.0,10.5,321,24.1,8.1,5.9,14.8
2026-03-26 08:00:00,0.0,10.6,315,23.8,60.0,5.8,12.7
2026-03-26 09:00:00,0.0,11.0,318,22.0,120.6,5.3,13.1
2026-03-26 10:00:00,0.0,11.7,327,20.0,235.7,4.9,12.0
2026-03-26 11:00:00,0.0,12.6,329,18.9,394.1,3.8,12.7
2026-03-26 12:00:00,0.0,13.7,338,16.5,549.4,4.2,15.4
2026-03-26 13:00:00,0.0,13.9,5,13.2,427.2,6.0,19.5
2026-03-26 14:00:00,0.0,14.3,8,12.4,539.9,7.0,18.0
2026-03-26 15:00:00,0.0,14.0,11,12.3,338.4,7.2,19.5
2026-03-26 16:00:00,0.0,13.9,9,12.2,393.8,7.2,20.6
2026-03-26 17:00:00,0.0,13.8,9,11.8,423.0,7.7,19.8
2026-03-26 18:00:00,1.4,12.9,8,11.8,222.6,7.6,22.8
2026-03-26 19:00:00,0.0,11.9,4,12.2,42.9,6.9,19.3
2026-03-26 20:00:00,0.0,11.2,359,13.8,0.6,5.8,17.7
2026-03-26 21:00:00,0.0,10.6,349,15.4,0.4,3.6,13.9
2026-03-26 22:00:00,0.0,9.7,328,18.5,0.4,2.6,8.7
2026-03-26 23:00:00,0.0,9.4,336,17.9,0.4,2.3,9.5
2026-03-27 00:00:00,0.0,9.4,345,16.7,0.4,2.1,10.7
2026-03-27 01:00:00,0.0,9.2,343,17.1,0.4,2.6,10.6
2026-03-27 02:00:00,0.0,9.0,344,18.1,0.4,2.6,11.1
2026-03-27 03:00:00,0.0,8.6,330,19.0,0.4,2.1,6.8
2026-03-27 04:00:00,0.0,8.0,330,20.7,0.4,2.0,6.9
2026-03-27 05:00:00,0.0,7.8,327,21.0,0.4,1.9,5.5
2026-03-27 06:00:00,0.0,7.8,329,20.8,0.4,1.7,7.7
2026-03-27 07:00:00,0.0,8.1,345,20.1,14.3,1.6,7.1
2026-03-27 08:00:00,0.0,9.3,353,18.2,149.9,2.0,8.3
2026-03-27 09:00:00,0.0,10.6,5,16.3,328.1,2.6,8.7
2026-03-27 10:00:00,0.0,11.9,11,14.2,494.0,3.1,9.5
2026-03-27 11:00:00,0.0,13.5,17,12.2,633.4,1.8,7.3
2026-03-27 12:00:00,0.0,14.8,21,11.1,720.9,1.6,6.0
2026-03-27 13:00:00,0.0,16.3,33,10.0,753.1,0.6,5.3
2026-03-27 14:00:00,0.0,17.1,12,9.3,729.8,0.8,5.8
2026-03-27 15:00:00,0.0,17.2,305,9.4,657.1,0.7,6.5
2026-03-27 16:00:00,0.0,17.0,303,11.0,530.4,1.1,6.6
2026-03-27 17:00:00,0.0,17.1,331,12.3,367.2,0.9,4.7
2026-03-27 18:00:00,0.0,16.3,317,14.3,182.7,2.0,6.2
2026-03-27 19:00:00,0.0,14.9,317,17.2,31.3,2.9,7.0
2026-03-27 20:00:00,0.0,13.6,318,20.2,0.5,2.2,6.1
2026-03-27 21:00:00,0.0,12.4,325,23.4,0.4,1.0,4.6
2026-03-27 22:00:00,0.0,11.7,319,25.2,0.4,1.5,4.4
2026-03-27 23:00:00,0.0,11.0,325,26.6,0.4,1.6,5.0
2026-03-28 00:00:00,0.0,10.4,340,27.7,0.4,,4.4
2026-03-28 01:00:00,0.0,10.0,3,29.4,0.4,,2.9
2026-03-28 02:00:00,0.0,9.6,42,32.2,0.4,0.9,3.8
2026-03-28 03:00:00,0.0,9.4,59,34.3,0.4,1.8,4.2
2026-03-28 04:00:00,0.0,9.0,60,35.7,0.4,1.0,2.9
2026-03-28 05:00:00,0.0,8.6,,36.4,0.4,,0.8
2026-03-28 06:00:00,0.0,8.5,,37.1,0.4,,0.1
2026-03-28 07:00:00,0.0,8.6,,37.5,20.6,,0.0
2026-03-28 08:00:00,0.0,9.9,,33.9,145.4,,1.1
2026-03-28 09:00:00,0.0,10.2,,34.7,319.7,,1.7
2026-03-28 10:00:00,0.0,11.3,197,32.2,489.1,0.8,3.1
2026-03-28 11:00:00,0.0,12.3,190,28.6,624.5,1.5,4.4
2026-03-28 12:00:00,0.0,13.4,189,26.5,710.6,1.5,5.7
2026-03-28 13:00:00,0.0,14.8,195,24.1,703.6,1.3,5.8
2026-03-28 14:00:00,0.0,16.6,209,21.5,712.8,0.9,4.9
2026-03-28 15:00:00,0.0,17.4,218,20.7,624.8,0.6,4.9
2026-03-28 16:00:00,0.0,17.6,207,21.3,444.3,1.2,5.5
2026-03-28 17:00:00,0.0,16.8,214,23.0,227.7,1.3,5.7
2026-03-28 18:00:00,0.0,16.1,234,24.2,100.5,1.1,4.8
2026-03-28 19:00:00,0.0,15.7,243,23.5,18.9,0.6,3.4
2026-03-28 20:00:00,0.0,15.2,245,24.4,0.6,1.4,3.9
2026-03-28 21:00:00,0.0,14.8,267,25.4,0.4,0.6,3.5
2026-03-28 22:00:00,0.0,14.4,296,27.3,0.4,0.5,2.7
2026-03-28 23:00:00,0.0,13.9,4,27.7,0.7,1.0,3.5
2026-03-29 00:00:00,0.0,13.2,19,32.9,0.8,,1.8
2026-03-29 01:00:00,0.0,12.7,62,37.1,0.6,,3.7
2026-03-29 02:00:00,0.0,11.2,37,44.2,0.4,1.0,3.8
2026-03-29 03:00:00,0.0,10.8,33,45.1,0.4,0.8,4.2
2026-03-29 04:00:00,0.0,11.2,3,43.3,0.7,,2.0
2026-03-29 05:00:00,0.0,11.7,,36.4,0.5,,1.6
2026-03-29 06:00:00,0.0,12.2,321,27.6,0.4,,1.7
2026-03-29 07:00:00,0.0,12.1,3,25.2,17.4,,3.6
2026-03-29 08:00:00,0.0,12.9,2,23.3,117.8,,2.7
2026-03-29 09:00:00,0.0,13.7,194,24.4,227.0,,2.7
2026-03-29 10:00:00,0.0,14.5,184,26.4,474.7,1.0,4.6
2026-03-29 11:00:00,0.0,15.5,183,24.7,606.5,1.9,6.0
2026-03-29 12:00:00,0.0,16.9,194,20.6,638.2,,4.9
2026-03-29 13:00:00,0.0,16.6,192,20.6,409.7,1.2,4.6
2026-03-29 14:00:00,0.0,17.2,202,18.5,505.5,1.8,5.8
2026-03-29 15:00:00,0.0,18.6,224,14.8,621.1,1.5,5.6
2026-03-29 16:00:00,0.0,20.1,358,11.9,536.2,,5.4
2026-03-29 17:00:00,0.0,19.7,344,12.4,371.9,,4.6
2026-03-29 18:00:00,0.0,18.2,315,14.7,196.3,2.3,7.0
2026-03-29 19:00:00,0.0,17.0,322,16.7,44.4,2.3,6.6
2026-03-29 20:00:00,0.0,15.8,359,19.5,0.5,1.6,5.9
2026-03-29 21:00:00,0.0,14.8,13,21.3,0.4,1.2,4.6
2026-03-29 22:00:00,0.0,13.7,359,24.1,0.4,1.1,5.1
2026-03-29 23:00:00,0.0,12.8,1,26.1,0.4,0.7,4.5
2026-03-30 00:00:00,0.0,12.1,7,28.1,0.4,,2.6
2026-03-30 01:00:00,0.0,11.5,354,29.8,0.4,1.0,4.5
2026-03-30 02:00:00,0.0,11.2,2,30.7,0.4,0.7,3.0
2026-03-30 03:00:00,0.0,11.1,330,31.5,0.4,,2.8
2026-03-30 04:00:00,0.0,10.9,326,31.9,0.4,,2.5
2026-03-30 05:00:00,0.0,11.0,,31.3,0.4,,1.2
2026-03-30 06:00:00,0.0,10.8,,31.7,0.4,,1.3
2026-03-30 07:00:00,0.0,10.3,286,34.2,15.7,0.6,3.2
2026-03-30 08:00:00,0.0,10.6,314,33.7,143.2,0.8,3.1
2026-03-30 09:00:00,0.0,12.3,316,29.2,337.1,1.5,4.9
2026-03-30 10:00:00,0.0,14.6,261,23.7,502.8,1.4,6.9
2026-03-30 11:00:00,0.0,15.5,236,23.6,630.6,2.2,7.6
2026-03-30 12:00:00,0.0,16.8,253,22.5,728.7,2.5,7.7
2026-03-30 13:00:00,0.0,18.2,244,21.0,770.0,2.1,7.8
2026-03-30 14:00:00,0.0,18.5,226,20.9,732.5,2.6,7.6
2026-03-30 15:00:00,0.0,20.3,322,16.4,729.0,2.0,8.2
2026-03-30 16:00:00,0.0,19.3,350,9.3,565.3,4.8,14.1
2026-03-30 17:00:00,0.0,18.3,360,9.5,395.8,4.7,14.0
2026-03-30 18:00:00,0.0,17.3,11,11.2,210.2,4.2,12.0
2026-03-30 19:00:00,0.0,15.7,8,14.5,40.6,4.5,11.5
2026-03-30 20:00:00,0.0,13.9,343,21.9,0.6,3.9,11.7
2026-03-30 21:00:00,0.0,12.7,347,26.3,0.4,3.2,9.6
2026-03-30 22:00:00,0.0,12.0,350,28.9,0.4,3.0,9.4
2026-03-30 23:00:00,0.0,11.8,2,28.8,0.4,2.4,9.2
2026-03-31 00:00:00,0.0,11.4,16,27.2,0.4,2.2,6.9
2026-03-31 01:00:00,0.0,10.9,1,25.5,0.4,2.5,9.6
2026-03-31 02:00:00,0.0,10.4,18,24.7,0.4,2.4,8.2
2026-03-31 03:00:00,0.0,10.0,14,25.1,0.4,3.1,10.5
2026-03-31 04:00:00,0.0,9.9,343,24.6,0.4,3.0,9.1
2026-03-31 05:00:00,0.0,9.3,337,27.9,0.4,2.9,9.4
2026-03-31 06:00:00,0.0,9.0,355,29.5,0.4,1.6,7.7
2026-03-31 07:00:00,0.0,9.5,351,27.2,29.1,3.9,12.4
2026-03-31 08:00:00,0.0,10.5,348,25.4,173.4,2.7,10.9
2026-03-31 09:00:00,0.0,11.9,2,22.9,351.7,2.8,13.7
2026-03-31 10:00:00,0.0,13.2,360,17.2,524.2,4.3,15.2
2026-03-31 11:00:00,0.0,14.0,1,15.1,661.5,5.4,15.4
2026-03-31 12:00:00,0.0,14.6,6,12.9,751.9,6.3,16.9
2026-03-31 13:00:00,0.0,15.2,2,11.0,789.5,6.3,17.7
2026-03-31 14:00:00,0.0,15.5,4,10.3,772.0,6.4,17.6
2026-03-31 15:00:00,0.0,15.6,5,10.9,601.1,6.0,15.7
2026-03-31 16:00:00,0.0,15.6,12,11.0,518.8,6.5,16.0
2026-03-31 17:00:00,0.0,15.4,14,11.2,412.0,5.7,15.2
2026-03-31 18:00:00,0.0,14.4,13,12.6,218.2,6.3,16.0
2026-03-31 19:00:00,0.0,13.0,9,14.5,53.8,5.9,17.2
2026-03-31 20:00:00,0.0,11.9,9,16.3,0.9,5.4,15.2
2026-03-31 21:00:00,0.0,11.3,5,17.1,0.4,3.6,12.3
2026-03-31 22:00:00,0.0,10.8,9,17.8,0.4,4.4,11.3
2026-03-31 23:00:00,0.0,10.7,12,17.6,0.4,4.3,11.3
2026-04-01 00:00:00,0.0,10.4,5,17.9,0.4,3.2,8.0
2026-04-01 01:00:00,0.0,10.0,3,18.1,0.4,1.8,6.8
2026-04-01 02:00:00,0.0,9.6,1,18.1,0.4,1.5,6.3
2026-04-01 03:00:00,0.0,9.4,4,17.9,0.4,1.5,4.6
2026-04-01 04:00:00,0.0,9.1,5,19.0,0.4,0.7,3.5
2026-04-01 05:00:00,0.0,8.7,16,20.3,0.4,0.6,2.6
2026-04-01 06:00:00,0.0,8.4,6,21.7,0.4,0.4,1.6
2026-04-01 07:00:00,0.0,8.3,,23.7,16.1,,0.9
2026-04-01 08:00:00,0.0,9.0,3,22.5,94.1,,2.0
2026-04-01 09:00:00,0.0,10.2,4,19.6,155.8,0.6,3.2
2026-04-01 10:00:00,0.0,12.0,37,16.8,289.5,0.9,5.0
2026-04-01 11:00:00,0.0,13.4,18,14.9,445.2,,4.5
2026-04-01 12:00:00,,,,,,,
2026-04-01 13:00:00,,,,,,,
2026-04-01 14:00:00,,,,,,,
2026-04-01 15:00:00,,,,,,,
2026-04-01 16:00:00,,,,,,,
2026-04-01 17:00:00,,,,,,,
2026-04-01 18:00:00,,,,,,,
2026-04-01 19:00:00,,,,,,,
2026-04-01 20:00:00,,,,,,,
2026-04-01 21:00:00,,,,,,,
2026-04-01 22:00:00,,,,,,,
2026-04-01 23:00:00,,,,,,,
2026-04-02 00:00:00,,,,,,,
2026-04-02 01:00:00,,,,,,,
2026-04-02 02:00:00,,,,,,,
2026-04-02 03:00:00,,,,,,,
2026-04-02 04:00:00,,,,,,,
2026-04-02 05:00:00,,,,,,,
2026-04-02 06:00:00,,,,,,,
2026-04-02 07:00:00,,,,,,,
2026-04-02 08:00:00,,,,,,,
2026-04-02 09:00:00,,,,,,,
2026-04-02 10:00:00,,,,,,,
2026-04-02 11:00:00,,,,,,,
2026-04-02 12:00:00,,,,,,,
2026-04-02 13:00:00,,,,,,,
2026-04-02 14:00:00,,,,,,,
2026-04-02 15:00:00,,,,,,,
2026-04-02 16:00:00,,,,,,,
2026-04-02 17:00:00,,,,,,,
2026-04-02 18:00:00,,,,,,,
2026-04-02 19:00:00,,,,,,,
2026-04-02 20:00:00,,,,,,,
2026-04-02 21:00:00,,,,,,,
2026-04-02 22:00:00,,,,,,,
2026-04-02 23:00:00,,,,,,,
2026-04-03 00:00:00,,,,,,,
2026-04-03 01:00:00,,,,,,,
2026-04-03 02:00:00,,,,,,,
2026-04-03 03:00:00,,,,,,,
2026-04-03 04:00:00,,,,,,,
2026-04-03 05:00:00,,,,,,,
2026-04-03 06:00:00,,,,,,,
2026-04-03 07:00:00,,,,,,,
2026-04-03 08:00:00,,,,,,,
2026-04-03 09:00:00,,,,,,,
2026-04-03 10:00:00,,,,,,,
2026-04-03 11:00:00,,,,,,,
2026-04-03 12:00:00,,,,,,,
2026-04-03 13:00:00,,,,,,,
2026-04-03 14:00:00,,,,,,,
2026-04-03 15:00:00,,,,,,,
2026-04-03 16:00:00,,,,,,,
2026-04-03 17:00:00,,,,,,,
2026-04-03 18:00:00,,,,,,,
2026-04-03 19:00:00,,,,,,,
2026-04-03 20:00:00,,,,,,,
2026-04-03 21:00:00,,,,,,,
2026-04-03 22:00:00,,,,,,,
2026-04-03 23:00:00,,,,,,,
2026-04-04 00:00:00,,,,,,,
2026-04-04 01:00:00,,,,,,,
2026-04-04 02:00:00,,,,,,,
2026-04-04 03:00:00,,,,,,,
2026-04-04 04:00:00,,,,,,,
2026-04-04 05:00:00,,,,,,,
2026-04-04 06:00:00,,,,,,,
2026-04-04 07:00:00,,,,,,,
2026-04-04 08:00:00,,,,,,,
2026-04-04 09:00:00,,,,,,,
2026-04-04 10:00:00,,,,,,,
2026-04-04 11:00:00,,,,,,,
2026-04-04 12:00:00,,,,,,,
2026-04-04 13:00:00,,,,,,,
2026-04-04 14:00:00,,,,,,,
2026-04-04 15:00:00,,,,,,,
2026-04-04 16:00:00,,,,,,,
2026-04-04 17:00:00,,,,,,,
2026-04-04 18:00:00,,,,,,,
2026-04-04 19:00:00,,,,,,,
2026-04-04 20:00:00,,,,,,,
2026-04-04 21:00:00,,,,,,,
2026-04-04 22:00:00,,,,,,,
2026-04-04 23:00:00,,,,,,,
2026-04-05 00:00:00,,,,,,,
2026-04-05 01:00:00,,,,,,,
2026-04-05 02:00:00,,,,,,,
2026-04-05 03:00:00,,,,,,,
2026-04-05 04:00:00,,,,,,,
2026-04-05 05:00:00,,,,,,,
2026-04-05 06:00:00,,,,,,,
2026-04-05 07:00:00,,,,,,,
2026-04-05 08:00:00,,,,,,,
2026-04-05 09:00:00,,,,,,,
2026-04-05 10:00:00,,,,,,,
2026-04-05 11:00:00,,,,,,,
2026-04-05 12:00:00,,,,,,,
2026-04-05 13:00:00,,,,,,,
2026-04-05 14:00:00,,,,,,,
2026-04-05 15:00:00,,,,,,,
2026-04-05 16:00:00,,,,,,,
2026-04-05 17:00:00,,,,,,,
2026-04-05 18:00:00,,,,,,,
2026-04-05 19:00:00,,,,,,,
2026-04-05 20:00:00,,,,,,,
2026-04-05 21:00:00,,,,,,,
2026-04-05 22:00:00,,,,,,,
2026-04-05 23:00:00,,,,,,,
2026-04-06 00:00:00,,,,,,,
2026-04-06 01:00:00,,,,,,,
2026-04-06 02:00:00,,,,,,,
2026-04-06 03:00:00,,,,,,,
2026-04-06 04:00:00,,,,,,,
2026-04-06 05:00:00,,,,,,,
2026-04-06 06:00:00,,,,,,,
2026-04-06 07:00:00,,,,,,,
2026-04-06 08:00:00,,,,,,,
2026-04-06 09:00:00,,,,,,,
2026-04-06 10:00:00,,,,,,,
2026-04-06 11:00:00,,,,,,,
2026-04-06 12:00:00,,,,,,,
2026-04-06 13:00:00,,,,,,,
2026-04-06 14:00:00,,,,,,,
2026-04-06 15:00:00,,,,,,,
2026-04-06 16:00:00,,,,,,,
2026-04-06 17:00:00,,,,,,,
2026-04-06 18:00:00,,,,,,,
2026-04-06 19:00:00,,,,,,,
2026-04-06 20:00:00,,,,,,,
2026-04-06 21:00:00,,,,,,,
2026-04-06 22:00:00,,,,,,,
2026-04-06 23:00:00,,,,,,,
2026-04-07 00:00:00,,,,,,,
2026-04-07 01:00:00,,,,,,,
2026-04-07 02:00:00,,,,,,,
2026-04-07 03:00:00,,,,,,,
2026-04-07 04:00:00,,,,,,,
2026-04-07 05:00:00,,,,,,,
2026-04-07 06:00:00,,,,,,,
2026-04-07 07:00:00,,,,,,,
2026-04-07 08:00:00,,,,,,,
2026-04-07 09:00:00,,,,,,,
2026-04-07 10:00:00,,,,,,,
2026-04-07 11:00:00,,,,,,,
2026-04-07 12:00:00,,,,,,,
2026-04-07 13:00:00,,,,,,,
2026-04-07 14:00:00,,,,,,,
2026-04-07 15:00:00,,,,,,,
2026-04-07 16:00:00,,,,,,,
2026-04-07 17:00:00,,,,,,,
2026-04-07 18:00:00,,,,,,,
2026-04-07 19:00:00,,,,,,,
2026-04-07 20:00:00,,,,,,,
2026-04-07 21:00:00,,,,,,,
2026-04-07 22:00:00,,,,,,,
2026-04-07 23:00:00,,,,,,,
2026-04-08 00:00:00,,,,,,,
2026-04-08 01:00:00,,,,,,,
2026-04-08 02:00:00,,,,,,,
2026-04-08 03:00:00,,,,,,,
2026-04-08 04:00:00,,,,,,,
2026-04-08 05:00:00,,,,,,,
2026-04-08 06:00:00,,,,,,,
2026-04-08 07:00:00,,,,,,,
2026-04-08 08:00:00,,,,,,,
2026-04-08 09:00:00,,,,,,,
2026-04-08 10:00:00,,,,,,,
2026-04-08 11:00:00,,,,,,,
2026-04-08 12:00:00,,,,,,,
2026-04-08 13:00:00,,,,,,,
2026-04-08 14:00:00,,,,,,,
2026-04-08 15:00:00,,,,,,,
2026-04-08 16:00:00,,,,,,,
2026-04-08 17:00:00,,,,,,,
2026-04-08 18:00:00,,,,,,,
2026-04-08 19:00:00,,,,,,,
2026-04-08 20:00:00,,,,,,,
2026-04-08 21:00:00,,,,,,,
2026-04-08 22:00:00,,,,,,,
2026-04-08 23:00:00,,,,,,,
2026-04-09 00:00:00,,,,,,,
2026-04-09 01:00:00,,,,,,,
2026-04-09 02:00:00,,,,,,,
2026-04-09 03:00:00,,,,,,,
2026-04-09 04:00:00,,,,,,,
2026-04-09 05:00:00,,,,,,,
2026-04-09 06:00:00,,,,,,,
2026-04-09 07:00:00,,,,,,,
2026-04-09 08:00:00,,,,,,,
2026-04-09 09:00:00,,,,,,,
2026-04-09 10:00:00,,,,,,,
2026-04-09 11:00:00,,,,,,,
2026-04-09 12:00:00,,,,,,,
2026-04-09 13:00:00,0.0,21.4,142,35.2,777.6,,3.9
2026-04-09 14:00:00,0.0,21.4,188,35.7,756.1,1.0,4.3
2026-04-09 15:00:00,0.0,22.4,193,34.3,678.2,1.0,5.4
2026-04-09 16:00:00,0.0,22.5,176,35.0,551.8,0.9,5.8
2026-04-09 17:00:00,0.0,23.2,149,35.0,386.6,,4.9
2026-04-09 18:00:00,0.0,22.3,171,37.3,210.0,,3.5
2026-04-09 19:00:00,0.0,21.4,169,39.8,57.5,,3.1
2026-04-09 20:00:00,0.0,20.2,,43.9,1.6,,2.4
2026-04-09 21:00:00,0.0,19.1,,46.6,0.4,,3.2
2026-04-09 22:00:00,0.0,18.0,91,47.5,0.4,,2.8
2026-04-09 23:00:00,0.0,17.1,72,50.3,0.4,,4.0
2026-04-10 00:00:00,0.0,15.7,76,57.2,0.5,1.6,5.4
2026-04-10 01:00:00,0.0,14.5,69,62.4,0.4,1.4,5.6
2026-04-10 02:00:00,0.0,13.9,58,63.6,0.4,1.2,4.4
2026-04-10 03:00:00,0.0,13.5,57,62.9,0.5,0.6,3.7
2026-04-10 04:00:00,0.0,13.2,68,62.4,0.4,0.8,3.8
2026-04-10 05:00:00,0.0,12.8,63,63.9,0.6,0.8,3.7
2026-04-10 06:00:00,0.0,12.5,67,64.1,1.1,0.7,3.4
2026-04-10 07:00:00,0.0,12.3,68,64.5,39.5,0.4,3.4
2026-04-10 08:00:00,0.0,13.4,82,61.4,231.9,,3.3
2026-04-10 09:00:00,0.0,13.5,149,63.6,254.9,,2.4
2026-04-10 10:00:00,0.0,14.2,192,58.6,244.3,,2.6
2026-04-10 11:00:00,0.0,15.5,173,54.3,513.5,,3.5
2026-04-10 12:00:00,0.0,17.4,195,46.9,528.2,,2.5
2026-04-10 13:00:00,0.0,18.1,179,45.6,617.3,0.5,3.6
2026-04-10 14:00:00,0.0,19.6,180,43.3,563.9,,3.3
2026-04-10 15:00:00,0.0,21.0,182,41.5,523.1,,3.4
2026-04-10 16:00:00,0.0,21.1,99,43.3,367.6,,4.2
2026-04-10 17:00:00,0.0,21.2,101,44.2,282.4,,3.4
2026-04-10 18:00:00,0.0,20.5,92,45.9,142.9,,3.6
2026-04-10 19:00:00,0.0,19.6,95,48.8,53.3,0.5,3.9
2026-04-10 20:00:00,0.0,18.6,73,53.7,1.9,0.5,3.5
2026-04-10 21:00:00,0.0,17.7,75,55.8,0.6,0.5,3.3
2026-04-10 22:00:00,0.0,16.9,83,59.5,0.6,0.8,4.1
2026-04-10 23:00:00,0.0,16.2,73,62.5,0.7,1.3,6.0
2026-04-11 00:00:00,0.0,15.0,73,63.7,0.7,1.6,6.6
2026-04-11 01:00:00,0.0,14.4,70,60.4,0.7,1.5,4.9
2026-04-11 02:00:00,0.0,14.0,54,58.7,0.4,1.5,5.0
2026-04-11 03:00:00,0.0,13.7,58,57.7,0.4,1.2,5.1
2026-04-11 04:00:00,0.0,13.3,56,58.2,0.4,1.2,3.6
2026-04-11 05:00:00,0.0,12.9,74,55.9,0.4,1.2,4.8
2026-04-11 06:00:00,0.0,12.7,62,55.9,1.1,,3.8
2026-04-11 07:00:00,0.0,12.7,39,57.1,33.6,,2.6
2026-04-11 08:00:00,0.0,13.9,47,51.5,157.4,0.6,3.3
2026-04-11 09:00:00,0.0,15.1,144,49.2,367.9,,3.1
2026-04-11 10:00:00,0.0,16.1,168,42.7,535.7,,4.1
2026-04-11 11:00:00,0.0,18.2,103,32.6,662.9,0.3,4.0
2026-04-11 12:00:00,0.0,19.4,141,29.7,743.7,,4.8
2026-04-11 13:00:00,0.0,20.5,137,29.3,770.8,0.5,5.0
2026-04-11 14:00:00,0.0,20.5,173,30.9,747.2,1.2,5.9
2026-04-11 15:00:00,0.0,21.5,147,30.8,673.8,0.7,5.4
2026-04-11 16:00:00,0.0,22.3,114,31.4,543.4,0.3,4.0
2026-04-11 17:00:00,0.0,22.2,93,33.0,382.7,,4.5
2026-04-11 18:00:00,0.0,21.3,175,35.3,209.6,,3.6
2026-04-11 19:00:00,0.0,20.4,,37.9,26.4,,1.6
2026-04-11 20:00:00,0.0,19.5,182,40.6,1.3,,1.4
2026-04-11 21:00:00,0.0,19.0,,42.3,0.4,,1.0
2026-04-11 22:00:00,0.0,18.5,,43.9,0.4,,0.1
2026-04-11 23:00:00,0.0,17.8,,46.3,0.4,,0.8
2026-04-12 00:00:00,0.0,17.0,48,49.9,0.4,0.6,2.9
2026-04-12 01:00:00,0.0,16.2,55,53.6,0.5,,3.2
2026-04-12 02:00:00,0.0,15.3,67,61.6,0.4,1.1,4.6
2026-04-12 03:00:00,0.0,14.7,55,73.0,0.4,1.7,5.0
2026-04-12 04:00:00,0.0,14.4,72,73.5,0.4,1.1,4.4
2026-04-12 05:00:00,0.0,14.4,74,73.0,0.4,0.7,4.0
2026-04-12 06:00:00,0.0,14.1,75,73.7,1.5,,2.9
2026-04-12 07:00:00,0.0,13.9,89,70.1,37.3,0.6,3.8
2026-04-12 08:00:00,0.0,13.6,97,73.3,117.2,,3.8
2026-04-12 09:00:00,0.0,14.3,77,63.9,208.0,1.1,5.1
2026-04-12 10:00:00,0.0,15.2,72,53.3,287.5,1.6,6.0
2026-04-12 11:00:00,0.0,16.1,77,55.6,377.3,1.5,6.2
2026-04-12 12:00:00,0.0,16.5,73,50.4,241.9,1.2,5.5
2026-04-12 13:00:00,0.0,17.7,60,38.0,334.2,1.8,5.9
2026-04-12 14:00:00,0.0,18.3,78,33.9,349.4,1.6,6.6
2026-04-12 15:00:00,0.0,18.2,125,35.2,334.8,0.8,6.1
2026-04-12 16:00:00,0.0,17.1,145,40.1,126.3,0.8,4.8
2026-04-12 17:00:00,0.0,16.9,111,41.9,89.7,0.7,4.6
2026-04-12 18:00:00,0.0,17.1,77,42.5,66.1,,4.2
2026-04-12 19:00:00,0.0,17.0,76,44.9,16.8,0.5,3.1
2026-04-12 20:00:00,0.0,16.8,74,50.6,1.5,,2.6
2026-04-12 21:00:00,0.0,16.6,53,51.7,1.0,0.7,3.2
2026-04-12 22:00:00,0.0,16.3,59,51.3,0.9,1.1,4.6
2026-04-12 23:00:00,0.0,15.8,78,55.3,1.0,1.6,5.5
2026-04-13 00:00:00,0.0,15.2,81,70.1,1.5,1.7,6.3
2026-04-13 01:00:00,0.0,14.8,78,83.2,1.5,1.9,6.6
2026-04-13 02:00:00,0.0,14.6,78,87.7,1.2,1.6,6.0
2026-04-13 03:00:00,0.0,14.6,68,87.0,1.1,1.8,6.0
2026-04-13 04:00:00,0.0,14.6,67,82.2,0.8,0.8,3.2
2026-04-13 05:00:00,0.0,14.5,48,78.0,0.9,1.2,3.4
2026-04-13 06:00:00,0.0,14.3,46,78.7,0.9,1.1,3.8
2026-04-13 07:00:00,0.2,13.8,41,86.7,10.0,1.8,5.0
2026-04-13 08:00:00,0.4,13.6,56,93.1,25.2,1.1,4.1
2026-04-13 09:00:00,0.2,13.3,28,93.8,55.0,1.8,4.8
2026-04-13 10:00:00,0.2,13.4,7,96.5,79.6,1.2,4.5
2026-04-13 11:00:00,0.0,14.3,10,90.1,96.9,1.2,5.0
2026-04-13 12:00:00,0.0,14.9,6,85.4,114.4,0.6,3.0
2026-04-13 13:00:00,0.0,15.7,5,79.9,196.5,1.5,4.7
2026-04-13 14:00:00,0.0,15.7,356,80.3,95.7,0.8,5.0
2026-04-13 15:00:00,0.0,15.3,328,86.1,84.1,0.9,3.7
2026-04-13 16:00:00,0.0,15.5,345,84.4,147.7,0.6,2.9
2026-04-13 17:00:00,0.0,16.2,335,78.3,118.3,0.7,3.9
2026-04-13 18:00:00,0.0,15.9,355,77.1,89.2,1.1,5.5
2026-04-13 19:00:00,0.0,15.7,357,74.9,39.2,0.9,4.1
2026-04-13 20:00:00,0.0,15.4,338,74.6,2.0,1.1,4.2
2026-04-13 21:00:00,0.0,14.9,12,81.1,0.6,1.2,5.3
2026-04-13 22:00:00,0.6,15.0,44,81.4,2.0,1.2,4.6
2026-04-13 23:00:00,0.0,14.4,24,88.6,2.5,,3.0
2026-04-14 00:00:00,0.0,14.4,359,87.7,1.8,,4.0
2026-04-14 01:00:00,0.4,14.3,10,88.4,2.4,,2.6
2026-04-14 02:00:00,0.2,14.1,,93.3,1.7,,0.9
2026-04-14 03:00:00,0.2,13.2,197,98.9,2.0,,2.3
2026-04-14 04:00:00,0.2,13.0,197,99.3,1.9,,2.3
2026-04-14 05:00:00,0.0,13.1,278,99.3,1.1,,3.0
2026-04-14 06:00:00,0.4,13.0,242,99.3,1.9,,2.9
2026-04-14 07:00:00,0.0,12.9,237,99.3,11.8,0.8,2.8
2026-04-14 08:00:00,0.2,13.0,209,99.3,45.9,0.6,2.2
2026-04-14 09:00:00,0.0,13.3,222,99.3,82.8,0.7,3.0
2026-04-14 10:00:00,0.0,13.5,204,98.8,115.2,0.9,2.6
2026-04-14 11:00:00,0.0,14.3,203,95.5,303.2,,2.1
2026-04-14 12:00:00,0.0,15.8,208,79.7,324.6,,2.0
2026-04-14 13:00:00,0.0,17.0,,73.6,395.2,,1.7
2026-04-14 14:00:00,0.0,17.8,196,65.3,401.2,,3.3
2026-04-14 15:00:00,0.0,17.2,190,66.3,412.1,1.6,4.6
2026-04-14 16:00:00,0.0,17.5,180,60.1,391.7,1.9,5.7
2026-04-14 17:00:00,0.0,17.6,174,62.4,404.2,2.0,6.3
2026-04-14 18:00:00,0.0,16.8,165,69.6,102.9,1.5,5.8
2026-04-14 19:00:00,0.0,15.8,164,78.7,66.2,1.2,5.8
2026-04-14 20:00:00,0.4,14.2,172,93.0,3.1,1.2,6.0
2026-04-14 21:00:00,1.6,13.5,136,99.3,3.1,,3.0
2026-04-14 22:00:00,0.0,13.4,174,99.3,3.5,,2.1
2026-04-14 23:00:00,0.2,13.7,,99.3,3.7,,0.6
2026-04-15 00:00:00,0.0,13.8,,99.2,3.7,,0.5
2026-04-15 01:00:00,0.0,13.8,,99.2,3.3,,1.2
2026-04-15 02:00:00,0.0,13.7,,99.3,3.1,,1.2
2026-04-15 03:00:00,0.0,13.7,,99.3,2.4,,1.2
2026-04-15 04:00:00,0.0,13.6,,99.3,1.9,,1.7
2026-04-15 05:00:00,0.0,14.0,,99.0,1.9,,0.0
2026-04-15 06:00:00,0.0,13.8,,99.2,3.0,,1.6
2026-04-15 07:00:00,0.0,14.1,,99.0,47.1,,0.0
2026-04-15 08:00:00,0.0,14.6,,97.7,111.5,,0.4
2026-04-15 09:00:00,0.0,15.3,,92.4,261.7,,1.6
2026-04-15 10:00:00,0.0,17.3,241,73.2,447.1,,3.7
2026-04-15 11:00:00,0.0,18.3,242,65.9,517.7,0.5,3.3
2026-04-15 12:00:00,0.0,19.6,253,59.3,651.1,0.7,4.7
2026-04-15 13:00:00,0.0,20.3,222,54.6,600.1,,4.6
2026-04-15 14:00:00,0.0,20.4,200,55.2,775.6,1.7,6.2
2026-04-15 15:00:00,0.0,21.1,204,51.9,587.6,1.4,4.6
2026-04-15 16:00:00,0.0,20.7,188,51.8,315.2,1.2,6.3
2026-04-15 17:00:00,0.0,21.0,192,49.6,339.3,1.4,5.4
2026-04-15 18:00:00,0.0,20.6,188,51.4,149.0,0.8,4.3
2026-04-15 19:00:00,0.0,19.9,173,55.4,23.6,0.7,3.3
2026-04-15 20:00:00,0.0,19.5,,57.1,2.2,,0.9
2026-04-15 21:00:00,0.0,18.5,63,65.6,0.5,,3.0
2026-04-15 22:00:00,0.0,17.2,,78.1,0.4,,0.9
2026-04-15 23:00:00,0.0,16.8,,82.2,0.5,,0.8
2026-04-16 00:00:00,0.0,16.3,,84.4,0.4,,0.8
2026-04-16 01:00:00,0.0,15.9,,86.2,0.5,,1.7
2026-04-16 02:00:00,0.0,15.7,6,88.5,0.8,,2.2
2026-04-16 03:00:00,0.0,15.8,,86.2,0.4,,0.0
2026-04-16 04:00:00,0.0,15.5,,87.7,0.4,,0.8
2026-04-16 05:00:00,0.0,15.0,,90.1,0.4,,0.0
2026-04-16 06:00:00,0.0,14.6,,93.1,2.4,,0.0
2026-04-16 07:00:00,0.0,14.6,,95.5,50.2,,0.0
2026-04-16 08:00:00,0.0,15.6,,90.2,155.7,,0.3
2026-04-16 09:00:00,0.0,17.4,,78.7,347.5,,0.7
2026-04-16 10:00:00,0.0,19.1,211,66.7,479.1,,2.0
2026-04-16 11:00:00,0.0,20.4,233,59.2,563.2,0.4,2.9
2026-04-16 12:00:00,0.0,21.5,215,54.3,524.5,0.4,3.4
2026-04-16 13:00:00,0.0,22.3,251,49.6,519.2,,2.5
2026-04-16 14:00:00,0.0,23.7,209,46.1,739.8,,4.7
2026-04-16 15:00:00,0.0,23.4,186,46.0,687.3,1.3,4.6
2026-04-16 16:00:00,0.0,23.6,189,43.7,551.1,1.3,5.3
2026-04-16 17:00:00,0.0,23.5,188,44.1,393.6,1.2,4.2
2026-04-16 18:00:00,0.0,23.4,178,44.0,223.3,,5.6
2026-04-16 19:00:00,0.0,22.8,161,45.3,61.7,,3.9
2026-04-16 20:00:00,0.0,21.8,,50.3,3.4,,1.4
2026-04-16 21:00:00,0.0,20.8,,54.1,0.4,,1.4
2026-04-16 22:00:00,0.0,19.9,161,57.4,0.4,,2.5
2026-04-16 23:00:00,0.0,19.2,,61.6,0.4,,1.8
2026-04-17 00:00:00,0.0,18.3,57,66.8,0.4,,2.5
2026-04-17 01:00:00,0.0,17.6,33,70.8,0.4,0.7,2.8
2026-04-17 02:00:00,0.0,17.2,54,72.8,0.4,0.8,3.0
2026-04-17 03:00:00,0.0,17.0,50,74.1,0.4,,2.3
2026-04-17 04:00:00,0.0,16.8,43,75.6,0.4,,2.4
2026-04-17 05:00:00,0.0,16.7,49,76.1,0.6,0.7,2.6
2026-04-17 06:00:00,0.0,16.6,60,75.4,2.8,0.5,3.1
2026-04-17 07:00:00,0.0,16.9,57,72.5,71.4,0.5,3.3
2026-04-17 08:00:00,0.0,17.9,72,64.9,165.0,0.7,3.5
2026-04-17 09:00:00,0.0,18.5,63,61.1,297.3,0.8,5.0
2026-04-17 10:00:00,0.0,19.9,94,54.8,524.8,,4.3
2026-04-17 11:00:00,0.0,21.5,57,48.6,598.3,0.5,4.3
2026-04-17 12:00:00,0.0,22.0,166,44.7,710.3,0.7,4.1
2026-04-17 13:00:00,0.0,24.2,85,37.9,772.1,,3.2
2026-04-17 14:00:00,0.0,23.9,187,39.4,754.5,1.2,4.7
2026-04-17 15:00:00,0.0,25.0,190,36.9,601.1,,3.1
2026-04-17 16:00:00,0.0,24.6,194,37.8,454.6,0.7,4.2
2026-04-17 17:00:00,0.0,23.9,196,38.4,226.4,0.8,4.0
2026-04-17 18:00:00,0.0,23.5,179,40.0,144.6,,3.4
2026-04-17 19:00:00,0.0,23.1,180,40.8,71.3,0.5,2.5
2026-04-17 20:00:00,0.0,22.5,175,43.2,5.4,0.6,2.2
2026-04-17 21:00:00,0.0,21.7,,46.1,0.3,,1.1
2026-04-17 22:00:00,0.0,21.1,,48.9,0.3,,0.0
2026-04-17 23:00:00,0.0,20.6,,51.1,0.3,,0.0
2026-04-18 00:00:00,0.0,19.3,,57.3,0.4,,3.2
2026-04-18 01:00:00,0.0,18.2,52,63.1,0.4,0.8,3.0
2026-04-18 02:00:00,0.0,17.6,44,66.9,0.4,,2.3
2026-04-18 03:00:00,0.0,17.4,37,66.8,0.4,,2.5
2026-04-18 04:00:00,0.0,17.6,37,65.1,0.5,,1.9
2026-04-18 05:00:00,0.0,17.7,60,64.9,0.7,,2.2
2026-04-18 06:00:00,0.0,17.4,,66.7,3.4,,1.6
2026-04-18 07:00:00,0.0,17.5,22,67.1,63.2,,2.2
2026-04-18 08:00:00,0.0,18.7,22,62.8,200.5,,2.1
2026-04-18 09:00:00,0.0,20.1,73,58.1,373.2,,2.8
2026-04-18 10:00:00,0.0,20.7,160,55.5,531.4,0.5,3.1
2026-04-18 11:00:00,0.0,22.1,181,49.0,650.8,0.9,4.2
2026-04-18 12:00:00,0.0,22.9,178,41.8,733.8,,5.0
2026-04-18 13:00:00,0.0,24.1,194,40.4,768.7,1.1,5.5
2026-04-18 14:00:00,0.0,24.3,192,38.7,750.4,1.2,5.4
2026-04-18 15:00:00,0.0,25.3,191,35.5,687.9,1.1,5.8
2026-04-18 16:00:00,0.0,25.2,193,34.3,558.3,1.3,5.7
2026-04-18 17:00:00,0.0,25.1,183,34.2,391.5,1.5,5.3
2026-04-18 18:00:00,0.0,25.0,186,34.1,211.1,1.1,3.7
2026-04-18 19:00:00,0.0,24.4,190,34.9,55.7,1.1,3.0
2026-04-18 20:00:00,0.0,23.8,189,36.6,2.8,,1.7
2026-04-18 21:00:00,0.0,23.0,,39.0,0.2,,1.6
2026-04-18 22:00:00,0.0,22.0,,41.2,0.3,,1.8
2026-04-18 23:00:00,0.0,21.0,,43.7,0.3,,1.9
2026-04-19 00:00:00,0.0,20.0,37,48.7,0.4,0.7,2.4
2026-04-19 01:00:00,0.0,19.1,43,53.8,0.4,1.7,4.3
2026-04-19 02:00:00,0.0,18.6,49,57.1,0.4,1.2,4.0
2026-04-19 03:00:00,0.0,18.3,62,56.8,0.4,1.0,4.3
2026-04-19 04:00:00,0.0,17.9,68,56.7,0.5,1.1,3.8
2026-04-19 05:00:00,0.0,17.8,68,56.7,0.4,0.7,3.8
2026-04-19 06:00:00,0.0,17.8,59,58.4,1.7,1.0,3.8
2026-04-19 07:00:00,0.0,17.6,27,63.1,4.6,,6.7
2026-04-19 08:00:00,0.0,16.9,44,63.1,58.3,1.9,6.8
2026-04-19 09:00:00,0.0,17.1,46,64.8,135.3,1.1,4.4
2026-04-19 10:00:00,0.0,18.5,126,62.5,506.6,,4.3
2026-04-19 11:00:00,0.0,19.9,152,57.1,668.6,0.3,4.1
2026-04-19 12:00:00,0.0,20.8,175,51.7,764.6,1.2,5.5
2026-04-19 13:00:00,0.0,22.3,168,45.2,795.7,1.0,5.1
2026-04-19 14:00:00,0.0,23.9,174,39.2,778.6,0.7,5.3
2026-04-19 15:00:00,0.0,25.0,63,36.5,618.4,0.7,7.8
2026-04-19 16:00:00,0.0,25.0,70,38.0,535.5,0.8,6.0
2026-04-19 17:00:00,0.0,25.0,62,37.6,415.7,0.8,5.0
2026-04-19 18:00:00,0.0,23.8,68,41.0,282.0,1.6,6.7
2026-04-19 19:00:00,0.0,21.7,88,46.0,75.3,1.1,5.8
2026-04-19 20:00:00,0.0,20.4,69,45.2,4.7,1.8,6.0
2026-04-19 21:00:00,0.0,19.9,47,46.1,0.8,2.0,11.2
2026-04-19 22:00:00,0.0,19.5,86,48.1,0.9,,6.0
2026-04-19 23:00:00,0.0,17.7,77,62.1,0.9,0.9,5.4
2026-04-20 00:00:00,3.6,16.1,354,83.7,2.4,0.7,7.5
2026-04-20 01:00:00,0.0,15.5,21,90.0,3.6,,4.3
2026-04-20 02:00:00,0.0,15.6,44,87.7,2.3,1.0,4.0
2026-04-20 03:00:00,0.0,15.4,,89.3,1.0,,2.4
2026-04-20 04:00:00,0.0,15.3,,89.0,0.6,,1.8
2026-04-20 05:00:00,0.0,15.1,30,86.3,1.1,,2.0
2026-04-20 06:00:00,0.0,14.9,46,85.1,4.5,,2.6
2026-04-20 07:00:00,0.0,14.8,55,85.7,46.2,0.8,3.2
2026-04-20 08:00:00,0.0,15.4,69,83.5,154.5,0.8,3.8
2026-04-20 09:00:00,0.0,16.4,134,81.6,350.4,0.5,4.4
2026-04-20 10:00:00,0.0,16.7,130,79.8,370.1,1.2,5.6
2026-04-20 11:00:00,0.0,18.3,86,71.9,560.5,0.9,5.0
2026-04-20 12:00:00,0.0,18.9,150,67.2,474.0,0.5,4.3
2026-04-20 13:00:00,0.0,20.5,144,57.1,811.5,0.4,3.6
2026-04-20 14:00:00,0.0,21.2,161,52.8,780.8,0.7,4.4
2026-04-20 15:00:00,0.0,22.1,135,49.6,581.1,0.5,3.8
2026-04-20 16:00:00,0.0,21.7,199,50.6,562.0,1.3,5.4
2026-04-20 17:00:00,0.0,21.8,202,51.1,376.4,1.7,5.8
2026-04-20 18:00:00,0.0,21.9,204,48.5,211.3,1.4,4.9
2026-04-20 19:00:00,0.0,22.0,224,47.5,79.2,0.9,4.1
2026-04-20 20:00:00,0.0,20.8,215,56.2,4.7,1.9,6.1
2026-04-20 21:00:00,0.0,19.5,226,61.3,0.5,1.9,6.1
2026-04-20 22:00:00,0.0,18.8,209,64.4,0.7,,3.2
2026-04-20 23:00:00,0.0,18.4,200,63.6,0.4,,1.9
2026-04-21 00:00:00,0.0,17.8,296,64.5,0.2,0.4,2.6
2026-04-21 01:00:00,0.0,17.2,240,68.4,0.7,,2.7
2026-04-21 02:00:00,0.0,16.9,62,64.7,0.6,,4.4
2026-04-21 03:00:00,0.0,16.3,68,72.1,1.0,1.7,8.3
2026-04-21 04:00:00,0.0,15.4,73,83.7,0.9,2.0,7.5
2026-04-21 05:00:00,2.4,14.5,74,94.1,2.6,1.6,8.4
2026-04-21 06:00:00,0.0,13.9,109,99.3,10.8,0.9,5.9
2026-04-21 07:00:00,0.0,13.9,75,98.2,77.5,1.6,6.3
2026-04-21 08:00:00,0.0,14.2,80,86.2,222.1,2.3,7.6
2026-04-21 09:00:00,0.0,14.5,91,78.3,295.8,1.3,6.6
2026-04-21 10:00:00,0.0,15.5,82,74.1,331.7,1.4,6.0
2026-04-21 11:00:00,0.0,16.2,110,69.8,496.1,1.5,6.6
2026-04-21 12:00:00,0.0,17.5,97,62.3,631.4,1.3,6.4
2026-04-21 13:00:00,0.0,18.7,111,56.0,795.7,1.2,7.3
2026-04-21 14:00:00,0.0,19.3,111,53.5,673.6,0.9,6.7
2026-04-21 15:00:00,0.0,20.1,85,49.3,558.6,1.4,5.8
2026-04-21 16:00:00,0.0,19.5,121,50.6,371.8,1.0,5.5
2026-04-21 17:00:00,0.0,19.7,94,49.9,323.7,1.6,6.9
2026-04-21 18:00:00,0.0,18.9,110,51.8,198.8,1.1,6.3
2026-04-21 19:00:00,0.0,18.2,109,54.7,80.0,0.9,6.3
2026-04-21 20:00:00,0.0,16.6,77,59.4,4.7,1.9,9.1
2026-04-21 21:00:00,0.0,14.9,80,65.2,1.0,2.7,8.7
2026-04-21 22:00:00,0.0,14.3,90,65.0,1.0,1.5,6.8
2026-04-21 23:00:00,0.0,14.1,84,63.9,1.0,1.7,6.8
2026-04-22 00:00:00,0.6,13.6,83,74.1,0.6,0.7,4.0
2026-04-22 01:00:00,0.2,13.1,85,83.4,0.4,1.7,7.7
2026-04-22 02:00:00,0.0,12.7,86,79.8,0.4,1.7,6.9
2026-04-22 03:00:00,0.0,12.3,85,80.6,0.4,1.4,6.3
2026-04-22 04:00:00,0.0,12.1,89,80.7,0.9,0.8,4.6
2026-04-22 05:00:00,0.0,12.0,72,80.5,0.4,1.1,5.1
2026-04-22 06:00:00,0.0,11.7,95,81.3,2.6,0.9,5.2
2026-04-22 07:00:00,0.0,11.5,86,75.2,23.0,1.4,6.1
2026-04-22 08:00:00,0.0,11.6,101,70.9,67.8,0.8,4.3
2026-04-22 09:00:00,0.0,12.5,93,64.0,210.2,,4.5
2026-04-22 10:00:00,0.0,13.8,76,57.7,330.8,1.3,6.2
2026-04-22 11:00:00,0.0,15.8,81,50.9,621.4,1.4,6.6
2026-04-22 12:00:00,0.0,16.7,77,46.1,627.5,1.1,5.3
2026-04-22 13:00:00,0.0,17.5,72,42.8,642.6,1.3,7.3
2026-04-22 14:00:00,0.0,18.6,121,38.8,817.4,0.5,5.1
2026-04-22 15:00:00,0.0,18.6,150,37.8,615.7,0.5,4.6
2026-04-22 16:00:00,0.0,19.2,71,37.3,444.3,,4.5
2026-04-22 17:00:00,0.0,18.3,148,37.6,255.8,,2.1
2026-04-22 18:00:00,0.0,18.8,103,37.2,271.6,0.6,4.7
2026-04-22 19:00:00,0.0,18.1,85,38.2,78.6,,4.6
2026-04-22 20:00:00,0.0,16.8,,40.8,3.7,,1.8
2026-04-22 21:00:00,0.0,16.1,161,43.9,0.3,,2.6
2026-04-22 22:00:00,0.0,15.5,177,47.0,0.3,0.5,2.7
2026-04-22 23:00:00,0.0,15.4,187,46.8,0.4,0.7,2.9
2026-04-23 00:00:00,0.0,15.1,186,46.8,0.4,,2.6
2026-04-23 01:00:00,0.0,14.5,79,50.7,0.4,,2.1
2026-04-23 02:00:00,0.0,14.2,60,53.3,0.4,,2.9
2026-04-23 03:00:00,0.0,13.9,76,54.6,0.4,,1.7
2026-04-23 04:00:00,0.0,13.7,76,53.7,0.4,0.6,3.2
2026-04-23 05:00:00,0.0,12.9,83,54.6,0.4,0.6,3.8
2026-04-23 06:00:00,0.0,12.6,76,55.1,6.9,,3.1
2026-04-23 07:00:00,0.0,12.2,178,57.6,84.3,,1.7
2026-04-23 08:00:00,0.0,12.9,126,53.1,249.5,0.7,3.9
2026-04-23 09:00:00,0.0,13.9,116,49.7,418.9,0.7,4.0
2026-04-23 10:00:00,0.0,15.1,136,46.0,499.9,0.4,3.5
2026-04-23 11:00:00,0.0,17.2,185,39.4,726.0,,3.1
2026-04-23 12:00:00,0.0,18.9,213,36.2,807.0,0.6,4.9
2026-04-23 13:00:00,0.0,20.4,290,33.2,834.9,0.7,6.3
2026-04-23 14:00:00,0.0,21.4,269,31.2,809.2,0.6,4.7
2026-04-23 15:00:00,0.0,21.9,254,31.0,741.2,0.7,5.5
2026-04-23 16:00:00,0.0,22.2,223,29.0,610.9,0.7,5.3
2026-04-23 17:00:00,0.0,22.4,229,29.4,379.7,0.7,4.5
2026-04-23 18:00:00,0.0,21.9,235,29.8,267.1,0.7,4.2
2026-04-23 19:00:00,0.0,21.6,280,28.7,98.3,0.8,4.0
2026-04-23 20:00:00,0.0,20.5,230,33.1,7.4,0.7,2.6
2026-04-23 21:00:00,0.0,19.7,205,35.9,0.2,,2.5
2026-04-23 22:00:00,0.0,18.9,,39.3,0.2,,1.6
2026-04-23 23:00:00,0.0,18.4,,40.3,0.3,,1.5
2026-04-24 00:00:00,0.0,17.5,,43.0,0.3,,1.0
2026-04-24 01:00:00,0.0,16.3,,50.7,0.3,,0.0
2026-04-24 02:00:00,0.0,15.8,,54.0,0.3,,0.0
2026-04-24 03:00:00,0.0,15.3,,56.5,0.3,,0.3
2026-04-24 04:00:00,0.0,14.2,,63.0,0.4,,0.8
2026-04-24 05:00:00,0.0,13.3,,69.3,0.4,,0.0
2026-04-24 06:00:00,0.0,13.0,,70.2,5.5,,1.1
2026-04-24 07:00:00,0.0,13.2,,68.4,89.4,,1.0
2026-04-24 08:00:00,0.0,14.7,55,60.9,264.5,,2.4
2026-04-24 09:00:00,0.0,16.6,75,54.2,441.0,,2.6
2026-04-24 10:00:00,0.0,18.4,,50.0,607.3,,2.6
2026-04-24 11:00:00,0.0,20.2,,44.5,734.4,,1.9
2026-04-24 12:00:00,0.0,22.3,203,33.5,819.0,,5.2
2026-04-24 13:00:00,0.0,23.6,222,22.0,857.6,1.1,7.2
2026-04-24 14:00:00,0.0,24.1,210,19.2,835.5,1.8,7.3
2026-04-24 15:00:00,0.0,25.2,217,17.6,755.8,1.5,6.1
2026-04-24 16:00:00,0.0,25.6,216,17.6,626.8,1.6,6.2
2026-04-24 17:00:00,0.0,25.6,217,17.7,386.2,1.7,6.0
2026-04-24 18:00:00,0.0,25.0,209,22.2,271.3,2.7,7.0
2026-04-24 19:00:00,0.0,23.5,212,25.7,105.8,2.7,8.1
2026-04-24 20:00:00,0.0,21.6,220,28.8,9.4,2.2,6.8
2026-04-24 21:00:00,0.0,19.9,232,28.7,0.3,2.9,7.1
2026-04-24 22:00:00,0.0,18.9,241,31.2,0.1,2.2,6.4
2026-04-24 23:00:00,0.0,17.8,269,36.8,0.1,1.1,5.1
2026-04-25 00:00:00,0.0,16.8,304,44.3,0.1,1.0,4.0
2026-04-25 01:00:00,0.0,16.3,313,46.8,0.2,1.4,4.3
2026-04-25 02:00:00,0.0,16.0,308,44.7,0.2,1.1,5.0
2026-04-25 03:00:00,0.0,15.8,314,43.3,0.2,0.6,3.4
2026-04-25 04:00:00,0.0,15.5,310,44.5,0.2,,3.1
2026-04-25 05:00:00,0.0,15.1,,47.4,0.3,,1.0
2026-04-25 06:00:00,0.0,14.8,216,53.4,5.9,,2.6
2026-04-25 07:00:00,0.0,14.8,231,60.2,91.8,,2.7
2026-04-25 08:00:00,0.0,16.3,282,53.9,265.4,,2.6
2026-04-25 09:00:00,0.0,17.1,213,46.6,445.5,0.7,3.7
2026-04-25 10:00:00,0.0,18.3,215,37.4,613.1,1.6,5.4
2026-04-25 11:00:00,0.0,20.1,212,33.0,737.0,0.9,4.7
2026-04-25 12:00:00,0.0,21.2,201,29.7,818.2,1.1,4.6
2026-04-25 13:00:00,0.0,23.1,211,26.7,845.2,1.0,4.6
2026-04-25 14:00:00,0.0,23.8,200,26.5,821.2,1.1,5.2
2026-04-25 15:00:00,0.0,25.2,212,24.7,743.0,1.0,4.6
2026-04-25 16:00:00,0.0,25.4,203,23.2,619.8,0.7,4.0
2026-04-25 17:00:00,0.0,25.4,207,22.5,380.8,1.0,5.5
2026-04-25 18:00:00,0.0,24.8,202,25.3,273.9,1.8,6.5
2026-04-25 19:00:00,0.0,24.6,227,26.7,101.9,0.8,3.8
2026-04-25 20:00:00,0.0,22.2,214,43.9,9.5,2.7,6.7
2026-04-25 21:00:00,0.0,20.0,228,48.7,0.4,2.5,6.8
2026-04-25 22:00:00,0.0,18.4,236,54.4,0.4,2.8,7.1
2026-04-25 23:00:00,0.0,17.4,268,58.1,0.2,1.3,5.3
2026-04-26 00:00:00,0.0,16.6,288,61.2,0.1,1.1,4.9
2026-04-26 01:00:00,0.0,16.0,289,63.9,0.2,0.9,4.4
2026-04-26 02:00:00,0.0,15.5,285,65.7,0.1,0.9,4.4
2026-04-26 03:00:00,0.0,15.3,290,66.6,0.1,0.6,3.6
2026-04-26 04:00:00,0.0,15.0,273,69.8,0.2,,3.8
2026-04-26 05:00:00,0.0,14.7,273,74.0,0.2,0.5,2.6
2026-04-26 06:00:00,0.0,14.4,280,77.1,7.1,,3.6
2026-04-26 07:00:00,0.0,15.0,273,75.7,93.0,0.4,2.9
2026-04-26 08:00:00,0.0,16.3,233,70.4,266.6,0.7,4.5
2026-04-26 09:00:00,0.0,16.9,216,66.9,437.0,1.5,4.8
2026-04-26 10:00:00,0.0,18.1,205,61.5,603.9,1.5,4.8
2026-04-26 11:00:00,0.0,20.2,200,54.1,726.6,0.8,3.8
2026-04-26 12:00:00,0.0,22.1,192,48.7,805.3,0.6,3.9
2026-04-26 13:00:00,0.0,23.2,184,44.7,841.2,1.3,5.0
2026-04-26 14:00:00,0.0,24.1,199,39.9,761.8,1.7,5.1
2026-04-26 15:00:00,0.0,25.2,194,34.8,704.8,1.6,5.6
2026-04-26 16:00:00,0.0,25.5,189,33.3,561.5,1.4,5.8
2026-04-26 17:00:00,0.0,25.5,188,31.2,292.1,1.1,4.8
2026-04-26 18:00:00,0.0,25.4,180,31.8,209.9,,3.8
2026-04-26 19:00:00,0.0,24.7,205,35.2,63.3,,3.1
2026-04-26 20:00:00,0.0,24.1,,36.7,14.9,,2.1
2026-04-26 21:00:00,0.0,23.0,,42.1,0.1,,4.3
2026-04-26 22:00:00,0.0,21.0,234,56.2,0.3,1.3,4.3
2026-04-26 23:00:00,0.0,19.9,267,56.0,0.0,0.8,4.3
2026-04-27 00:00:00,0.0,19.3,290,57.6,0.0,,2.5
2026-04-27 01:00:00,0.0,18.7,315,61.0,0.1,,3.5
2026-04-27 02:00:00,0.0,18.2,305,60.1,0.1,,2.4
2026-04-27 03:00:00,0.0,17.6,299,56.0,0.1,,2.2
2026-04-27 04:00:00,0.0,17.3,,54.6,0.1,,1.4
2026-04-27 05:00:00,0.0,16.9,,57.8,0.1,,0.0
2026-04-27 06:00:00,0.0,16.2,,64.8,8.6,,0.0
2026-04-27 07:00:00,0.0,16.6,,65.8,94.4,,0.0
2026-04-27 08:00:00,0.0,17.8,,57.9,256.7,,1.9
2026-04-27 09:00:00,0.0,19.3,,50.6,424.2,,1.6
2026-04-27 10:00:00,0.0,21.3,51,46.8,584.8,0.8,5.5
2026-04-27 11:00:00,0.0,22.6,66,44.7,705.1,,4.8
2026-04-27 12:00:00,0.0,24.0,71,40.5,789.3,0.6,4.1
2026-04-27 13:00:00,0.0,25.1,83,39.0,816.7,0.3,4.1
2026-04-27 14:00:00,0.0,26.1,159,37.0,808.1,0.6,5.1
2026-04-27 15:00:00,0.0,25.9,187,31.9,714.3,1.1,4.2
2026-04-27 16:00:00,0.0,26.5,185,29.1,604.9,0.9,5.0
2026-04-27 17:00:00,0.0,26.1,195,29.5,381.1,1.2,5.0
2026-04-27 18:00:00,0.0,26.0,205,28.9,264.0,0.8,4.1
2026-04-27 19:00:00,0.0,25.6,176,29.2,103.5,,3.0
2026-04-27 20:00:00,0.0,24.5,191,36.0,8.2,1.6,4.0
2026-04-27 21:00:00,0.0,23.6,193,40.4,0.2,,2.4
2026-04-27 22:00:00,0.0,22.0,202,42.3,0.5,1.9,7.2
2026-04-27 23:00:00,0.0,20.8,226,41.8,0.1,,4.4
2026-04-28 00:00:00,0.0,20.4,260,42.4,0.0,,2.1
2026-04-28 01:00:00,0.0,19.7,4,46.3,0.3,,2.6
2026-04-28 02:00:00,0.0,19.3,28,48.6,0.1,,3.6
2026-04-28 03:00:00,0.0,18.6,60,58.0,0.0,0.6,3.6
2026-04-28 04:00:00,0.0,18.0,77,60.0,0.0,,2.3
2026-04-28 05:00:00,0.0,17.8,61,57.8,0.2,0.4,3.0
2026-04-28 06:00:00,0.0,17.4,65,57.8,7.7,0.7,3.9
2026-04-28 07:00:00,0.0,17.7,66,55.3,88.4,,3.8
2026-04-28 08:00:00,0.0,18.3,44,53.7,154.8,0.9,3.7
2026-04-28 09:00:00,0.0,19.0,59,51.7,236.0,2.0,6.3
2026-04-28 10:00:00,0.0,20.3,71,48.6,378.9,1.7,8.5
2026-04-28 11:00:00,0.0,21.5,99,45.0,524.4,1.0,7.4
2026-04-28 12:00:00,0.0,22.5,90,42.2,470.7,0.9,4.7
2026-04-28 13:00:00,0.0,23.3,129,38.2,487.5,0.4,4.8
2026-04-28 14:00:00,0.0,23.2,185,35.8,469.1,0.7,4.1
2026-04-28 15:00:00,0.0,24.2,193,34.0,501.2,,3.5
2026-04-28 16:00:00,0.0,23.9,204,34.3,456.6,1.1,4.5
2026-04-28 17:00:00,0.0,23.0,185,35.4,221.5,0.8,3.9
2026-04-28 18:00:00,0.0,23.0,176,35.4,118.7,,2.5
2026-04-28 19:00:00,0.0,23.3,,34.2,50.2,,0.0
2026-04-28 20:00:00,0.0,22.5,,38.3,5.7,,2.6
2026-04-28 21:00:00,0.0,21.4,6,48.3,0.5,,1.4
2026-04-28 22:00:00,,,,,,,
2026-04-28 23:00:00,0.0,20.3,37,56.0,0.2,,3.5
2026-04-29 00:00:00,0.4,19.1,77,64.3,1.3,0.7,4.8
2026-04-29 01:00:00,0.0,17.4,40,82.4,0.4,3.1,8.8
2026-04-29 02:00:00,0.2,16.7,57,83.9,0.4,3.0,7.9
2026-04-29 03:00:00,0.0,16.6,40,82.0,0.7,1.4,5.9
2026-04-29 04:00:00,0.0,16.6,56,85.7,0.4,,3.5
2026-04-29 05:00:00,0.0,16.2,60,90.1,0.4,,2.6
2026-04-29 06:00:00,0.0,16.4,53,88.6,6.2,0.9,3.5
2026-04-29 07:00:00,0.0,17.0,54,80.8,54.8,1.0,4.0
2026-04-29 08:00:00,0.0,17.5,84,66.8,155.5,,3.8
2026-04-29 09:00:00,0.0,18.4,93,59.3,304.1,,4.4
2026-04-29 10:00:00,0.0,19.3,67,55.4,315.6,0.5,3.7
2026-04-29 11:00:00,0.0,21.1,55,51.0,646.8,1.0,4.0
2026-04-29 12:00:00,0.0,21.6,148,48.2,708.3,0.4,4.3
2026-04-29 13:00:00,0.0,23.2,68,43.1,832.0,0.8,5.6
2026-04-29 14:00:00,0.0,22.8,191,43.7,776.8,1.1,4.5
2026-04-29 15:00:00,0.0,23.1,190,41.1,347.2,,3.0
2026-04-29 16:00:00,0.0,22.7,,40.3,188.2,,1.4
2026-04-29 17:00:00,0.0,23.8,,38.4,252.1,,1.5
2026-04-29 18:00:00,0.0,22.9,80,44.7,200.0,,8.1
2026-04-29 19:00:00,0.0,20.6,85,53.1,59.4,2.0,6.9
2026-04-29 20:00:00,0.0,19.5,94,55.8,5.9,1.9,9.0
2026-04-29 21:00:00,0.0,18.8,89,56.3,1.1,1.9,8.2
2026-04-29 22:00:00,0.0,18.0,100,55.0,0.7,1.9,11.3
2026-04-29 23:00:00,0.0,17.3,115,56.8,0.6,1.5,8.2
2026-04-30 00:00:00,0.0,17.0,92,58.7,1.0,1.7,6.7
2026-04-30 01:00:00,0.2,15.6,107,72.5,0.4,1.8,7.1
2026-04-30 02:00:00,0.2,14.3,88,82.7,1.0,2.8,10.6
2026-04-30 03:00:00,0.0,13.4,88,91.5,0.9,2.3,8.1
2026-04-30 04:00:00,0.0,13.2,86,92.3,0.8,1.8,6.9
2026-04-30 05:00:00,0.0,13.1,81,85.2,0.5,1.7,7.7
2026-04-30 06:00:00,0.0,13.0,86,81.3,8.4,1.5,6.4
2026-04-30 07:00:00,0.0,13.1,87,75.0,51.7,1.2,5.8
2026-04-30 08:00:00,0.0,13.5,91,61.7,144.4,2.0,8.0
2026-04-30 09:00:00,0.0,14.4,84,49.7,250.6,1.9,8.7
2026-04-30 10:00:00,0.0,15.1,83,44.0,282.5,2.1,9.2
2026-04-30 11:00:00,0.0,16.7,95,34.2,667.6,2.4,9.4
2026-04-30 12:00:00,0.0,18.2,79,31.2,682.2,2.4,8.7
2026-04-30 13:00:00,0.0,19.5,69,29.0,866.9,2.3,8.9
2026-04-30 14:00:00,0.0,19.8,83,31.5,796.0,1.6,7.3
2026-04-30 15:00:00,0.0,20.1,89,32.4,741.2,0.9,6.7
2026-04-30 16:00:00,0.0,20.3,87,30.2,621.3,0.7,6.2
2026-04-30 17:00:00,0.0,20.4,94,30.1,394.4,,3.5
2026-04-30 18:00:00,0.0,19.6,102,33.1,279.5,0.7,4.8
2026-04-30 19:00:00,0.0,19.1,112,34.9,110.7,,4.7
2026-04-30 20:00:00,0.0,18.0,100,38.4,11.9,,2.8
2026-04-30 21:00:00,0.0,17.2,128,40.8,0.2,,3.0
2026-04-30 22:00:00,0.0,16.4,164,38.9,0.2,1.5,5.1
2026-04-30 23:00:00,0.0,15.3,150,36.2,0.3,,4.1
2026-05-01 00:00:00,0.0,14.5,76,37.4,0.3,,4.3
2026-05-01 01:00:00,0.0,13.7,78,40.9,0.3,1.5,4.4
2026-05-01 02:00:00,0.0,13.2,57,43.0,0.3,0.9,3.8
2026-05-01 03:00:00,0.0,12.7,57,42.7,0.3,0.9,3.5
2026-05-01 04:00:00,0.0,12.3,58,42.6,0.3,1.2,4.1
2026-05-01 05:00:00,0.0,11.9,58,43.7,0.4,1.1,3.6
2026-05-01 06:00:00,0.0,12.1,59,44.1,7.3,1.1,3.9
2026-05-01 07:00:00,0.0,12.9,69,41.2,45.7,1.0,4.5
2026-05-01 08:00:00,0.0,13.7,88,37.8,186.4,1.0,5.1
2026-05-01 09:00:00,0.0,14.7,101,32.0,456.5,1.5,6.3
2026-05-01 10:00:00,0.0,15.6,112,32.2,633.4,1.0,5.6
2026-05-01 11:00:00,0.0,17.4,87,29.6,756.9,1.3,5.6
2026-05-01 12:00:00,0.0,18.2,110,27.0,838.7,0.9,5.2
2026-05-01 13:00:00,0.0,19.6,77,25.2,859.8,,4.5
2026-05-01 14:00:00,0.0,20.7,86,25.1,833.3,,5.4
2026-05-01 15:00:00,0.0,21.0,95,25.2,756.2,,4.4
2026-05-01 16:00:00,0.0,21.3,156,25.0,631.9,,3.7
2026-05-01 17:00:00,0.0,21.3,124,25.4,398.0,,4.1
2026-05-01 18:00:00,0.0,20.7,177,26.4,287.2,,3.7
2026-05-01 19:00:00,0.0,20.1,180,27.5,119.6,1.1,3.7
2026-05-01 20:00:00,0.0,19.3,183,29.0,12.7,0.9,3.1
2026-05-01 21:00:00,0.0,18.5,191,30.7,0.3,0.9,3.4
2026-05-01 22:00:00,0.0,17.7,199,32.3,0.3,,2.6
2026-05-01 23:00:00,0.0,17.3,,33.2,0.3,,1.5
2026-05-02 00:00:00,0.0,16.6,,34.8,0.4,,1.2
2026-05-02 01:00:00,0.0,15.7,,40.4,0.3,,1.1
2026-05-02 02:00:00,0.0,14.7,64,46.8,0.3,,1.5
2026-05-02 03:00:00,0.0,14.0,63,51.0,0.3,1.0,3.8
2026-05-02 04:00:00,0.0,13.3,60,53.3,0.4,0.8,3.2
2026-05-02 05:00:00,0.0,13.1,37,54.0,0.4,,2.0
2026-05-02 06:00:00,0.0,12.8,,56.0,13.0,,1.1
2026-05-02 07:00:00,0.0,13.4,,55.7,122.5,,0.7
2026-05-02 08:00:00,0.0,14.8,,51.3,295.5,,1.2
2026-05-02 09:00:00,0.0,16.6,,43.5,474.2,,2.1
2026-05-02 10:00:00,0.0,18.7,204,33.2,631.5,,2.5
2026-05-02 11:00:00,0.0,20.2,194,28.3,732.4,,3.2
2026-05-02 12:00:00,0.0,21.5,195,26.3,829.6,0.6,3.9
2026-05-02 13:00:00,0.0,22.5,158,23.9,856.8,,4.3
2026-05-02 14:00:00,0.0,23.3,174,22.1,832.7,0.7,4.7
2026-05-02 15:00:00,0.0,23.7,182,21.0,764.8,1.0,5.1
2026-05-02 16:00:00,0.0,24.4,187,18.8,645.0,,4.8
2026-05-02 17:00:00,0.0,24.2,197,19.2,410.6,1.0,6.0
2026-05-02 18:00:00,0.0,23.6,187,20.1,265.3,1.1,5.0
2026-05-02 19:00:00,0.0,23.4,200,20.4,109.2,,3.6
2026-05-02 20:00:00,0.0,22.4,200,21.3,10.6,,3.2
2026-05-02 21:00:00,0.0,21.6,,24.2,0.2,,1.3
2026-05-02 22:00:00,0.0,20.6,,27.0,0.2,,0.0
2026-05-02 23:00:00,0.0,19.8,,29.9,0.1,,0.0
2026-05-03 00:00:00,0.0,18.6,,35.3,0.2,,2.3
2026-05-03 01:00:00,0.0,17.4,,40.7,0.2,,2.3
2026-05-03 02:00:00,0.0,16.9,,43.0,0.2,,0.0
2026-05-03 03:00:00,0.0,16.5,,45.7,0.2,,0.0
2026-05-03 04:00:00,0.0,16.1,,49.1,0.3,,0.0
2026-05-03 05:00:00,0.0,15.6,,51.8,0.3,,0.0
2026-05-03 06:00:00,0.0,15.3,,53.2,22.8,,0.0
2026-05-03 07:00:00,0.0,16.1,,52.1,122.9,,0.0
2026-05-03 08:00:00,0.0,17.7,,47.2,246.8,,0.0
2026-05-03 09:00:00,0.0,18.8,188,37.2,437.4,0.7,3.2
2026-05-03 10:00:00,0.0,19.9,186,32.6,600.3,0.7,3.4
2026-05-03 11:00:00,0.0,21.9,196,25.4,734.4,0.7,3.4
2026-05-03 12:00:00,0.0,22.0,202,26.2,489.5,1.4,6.1
2026-05-03 13:00:00,0.0,21.9,211,24.7,541.1,2.2,7.7
2026-05-03 14:00:00,0.0,23.6,229,24.3,671.5,1.4,6.3
2026-05-03 15:00:00,0.0,23.7,209,24.0,510.8,1.5,5.3
2026-05-03 16:00:00,0.0,23.8,213,25.3,292.3,0.9,4.4
2026-05-03 17:00:00,0.0,24.2,229,25.7,302.4,,3.9
2026-05-03 18:00:00,0.0,23.9,265,26.8,157.6,,3.0
2026-05-03 19:00:00,0.0,23.0,217,24.3,46.5,1.1,4.5
2026-05-03 20:00:00,0.0,21.9,231,27.6,7.2,2.0,5.7
2026-05-03 21:00:00,0.0,20.9,242,27.7,0.5,1.8,5.1
2026-05-03 22:00:00,0.0,20.1,251,28.9,0.4,1.1,4.4
2026-05-03 23:00:00,0.0,19.5,263,30.4,0.4,0.9,4.7
2026-05-04 00:00:00,0.0,19.1,265,28.7,0.3,0.7,4.1
2026-05-04 01:00:00,0.0,18.7,279,29.5,0.3,0.7,4.2
2026-05-04 02:00:00,0.0,18.4,302,32.1,0.3,0.7,3.2
2026-05-04 03:00:00,0.0,17.7,312,36.7,0.3,,3.4
2026-05-04 04:00:00,0.0,17.2,,39.1,0.3,,1.7
2026-05-04 05:00:00,0.0,16.8,274,39.5,0.3,,2.2
2026-05-04 06:00:00,0.0,16.7,,36.0,15.0,,1.7
2026-05-04 07:00:00,0.0,17.4,286,34.0,104.2,,3.5
2026-05-04 08:00:00,0.0,17.5,275,34.1,156.4,0.6,3.6
2026-05-04 09:00:00,0.0,18.4,288,32.9,239.3,0.8,4.0
2026-05-04 10:00:00,0.0,19.3,269,32.7,271.2,0.6,3.7
2026-05-04 11:00:00,0.0,20.8,256,31.0,577.0,0.7,4.4
2026-05-04 12:00:00,0.0,21.1,252,31.0,361.1,0.8,5.1
2026-05-04 13:00:00,0.0,21.2,242,30.8,547.9,1.6,6.4
2026-05-04 14:00:00,0.0,22.0,250,31.1,529.2,0.9,5.9
2026-05-04 15:00:00,0.0,23.0,215,29.9,550.4,,3.9
2026-05-04 16:00:00,0.0,22.8,217,29.1,350.9,0.9,4.8
2026-05-04 17:00:00,0.0,22.7,259,30.4,257.1,,4.2
2026-05-04 18:00:00,0.0,22.1,256,31.6,109.3,0.4,3.7
2026-05-04 19:00:00,0.0,21.6,279,33.3,55.3,,4.1
2026-05-04 20:00:00,0.0,21.1,249,34.4,4.1,0.7,5.9
2026-05-04 21:00:00,0.0,19.8,237,32.8,0.9,3.1,8.0
2026-05-04 22:00:00,0.0,19.0,240,31.2,0.4,2.0,6.3
2026-05-04 23:00:00,0.0,18.3,247,39.4,0.4,1.0,4.1
2026-05-05 00:00:00,0.0,17.6,253,47.9,0.4,0.9,5.4
