date,hour,R_roi,G_roi,B_roi,S_mean,B_R_ratio,contrast,image_path
2025-01-29,16:00,72.89029126213592,102.64311190597854,127.90583035258048,0.44505907360879055,1.7547718136811932,39.29721148941373,Images/20250129-1600.jpg
2025-01-29,17:00,77.45636688809402,108.50577414409811,131.5828002043945,0.40914223405325534,1.698798998611712,45.872099904166106,Images/20250129-1700.jpg
2025-01-29,18:00,61.86531936637711,81.2099386816556,99.88921819110884,0.43967729611934303,1.6146237924502393,37.84759691444453,Images/20250129-1800.jpg
2025-01-29,19:00,76.28597342871743,96.94593254982115,117.473484925907,0.3845571318417558,1.539909345140183,39.75875314807148,Images/20250129-1900.jpg
2025-01-29,20:00,82.09190597853858,102.34281042411855,122.67087378640777,0.34902122673620334,1.4943114163309401,36.31898291377635,Images/20250129-2000.jpg
2025-01-29,21:00,79.78163004598876,98.66784363822177,118.57724578436383,0.34391747139037,1.4862725194977775,33.71607009854282,Images/20250129-2100.jpg
2025-01-29,22:00,80.66691875319367,97.83806847215125,118.24547777210016,0.33347532213852876,1.46584843122659,30.8005708928253,Images/20250129-2200.jpg
2025-01-29,23:00,81.39655595298927,96.94184466019418,116.31726622381196,0.3181406457741404,1.4290194890060424,30.627028424793806,Images/20250129-2300.jpg
2025-01-30,04:00,90.8207715891671,105.02020439448135,122.82564128768523,0.2824070556539513,1.3523959088444883,34.097171502550296,Images/20250130-0400.jpg
2025-01-30,05:00,87.02356668369954,103.57960143076137,122.29159938681656,0.30543436801363283,1.4052698900061655,32.373595759549566,Images/20250130-0500.jpg
2025-01-30,06:00,88.85271333673991,105.55534491568727,123.9922892181911,0.2991805268762618,1.3954811638986842,32.51680129092288,Images/20250130-0600.jpg
2025-01-30,07:00,86.02902401635156,103.6673326520184,122.48270311701584,0.3146473992381379,1.4237369666079038,32.51265020618672,Images/20250130-0700.jpg
2025-01-30,08:00,109.06490546755238,138.37977005620849,165.9147879407256,0.36578887692957335,1.5212481568494858,47.25421145957641,Images/20250130-0800.jpg
2025-01-30,09:00,108.53710270822688,140.50866121614717,169.75840572304548,0.37787750941773673,1.5640587404966673,45.745343724695395,Images/20250130-0900.jpg
2025-01-30,10:00,119.52747061829331,147.47692897291773,171.25336739908022,0.32787924798262835,1.432753199582199,49.37093176778232,Images/20250130-1000.jpg
2025-01-30,11:00,111.42988247317322,139.5511037301993,163.5540112416965,0.34449186599932485,1.4677751258805918,47.23140983140542,Images/20250130-1100.jpg
2025-01-30,12:00,123.11732754215636,150.0971946857435,172.20737353091465,0.314083004087406,1.3987257161119238,50.97828932607708,Images/20250130-1200.jpg
2025-01-30,13:00,120.6777567705672,144.8738221768012,163.35414409810934,0.30447866707185584,1.3536392050694095,52.65727337753178,Images/20250130-1300.jpg
2025-01-30,14:00,139.9609862033725,168.9912570260603,191.3680889115994,0.3046434821974782,1.3672959353561074,59.070624397601726,Images/20250130-1400.jpg
2025-01-30,15:00,120.9873019928462,148.94722023505366,169.0571640265713,0.3131375069292842,1.3973132704393567,55.19748643924934,Images/20250130-1500.jpg
2025-02-03,14:00,125.78654062340317,153.17368932038835,180.56642820643842,0.322738855090332,1.4354987892666826,48.417591467662405,Images/20250203-1400.jpg
2025-02-03,15:00,98.58672457843639,130.6267756770567,156.09732243229433,0.3798272238679411,1.5833503092472836,43.51520819527813,Images/20250203-1500.jpg
2025-02-03,16:00,78.54850792028616,107.2060143076137,130.1509402146142,0.40610869711536607,1.6569498518004466,36.16300939792465,Images/20250203-1600.jpg
2025-02-03,17:00,83.67998978027593,111.14518650996423,135.0814716402657,0.38415282533609574,1.6142625062538312,41.699124374155026,Images/20250203-1700.jpg
2025-02-03,18:00,62.721446090955546,97.80316300459887,125.68500766479305,0.5221614289646136,2.0038601386624717,34.08630611768226,Images/20250203-1800.jpg
2025-02-03,19:00,82.19733776188043,98.85248850281043,118.42122125702606,0.3214277812499826,1.4406941032492977,29.47613252364049,Images/20250203-1900.jpg
2025-02-03,20:00,74.21363822176801,92.3056821665815,113.57669391926417,0.3645445867977291,1.5304018925668097,29.681369090562427,Images/20250203-2000.jpg
2025-02-03,21:00,72.04440470107308,91.60655084312724,114.66187531936637,0.3924058760868445,1.591544467659597,31.912929941865617,Images/20250203-2100.jpg
2025-02-03,22:00,78.60624425140522,95.60411343893715,119.97140521205928,0.3589600015598034,1.5262324873597064,29.684576776500133,Images/20250203-2200.jpg
2025-02-03,23:00,78.57539601430761,93.21391415431783,114.29506387327542,0.3298190462231263,1.4545909816079414,28.737827080061138,Images/20250203-2300.jpg
2025-02-04,04:00,91.8422278998467,106.28585590189064,126.36616249361268,0.2832384097830031,1.3759047881058515,28.218079376572838,Images/20250204-0400.jpg
2025-02-04,05:00,90.48741440981094,106.64258048032703,125.97029126213592,0.2926692054435618,1.3921305044643568,28.905016018846606,Images/20250204-0500.jpg
2025-02-04,06:00,84.30149718957588,99.69446090955545,119.19516096065406,0.30424437599928283,1.4139150966523735,28.389806652478832,Images/20250204-0600.jpg
2025-02-04,07:00,84.81149718957589,108.409545222279,137.69289218191108,0.38468635214402414,1.6235168004476404,29.5260426462012,Images/20250204-0700.jpg
2025-02-04,08:00,139.4003168114461,158.10323454266734,175.21357690342361,0.23566862277226933,1.256909450812148,51.319342907374775,Images/20250204-0800.jpg
2025-02-04,09:00,147.02334184977005,170.31503832396524,184.5859376596832,0.23295179721880527,1.2554872857726749,53.18220784306623,Images/20250204-0900.jpg
2025-02-04,10:00,129.76300459887582,157.5898773633112,178.47707204905467,0.3021697380255248,1.3754079695160888,52.272984259977086,Images/20250204-1000.jpg
2025-02-04,11:00,116.47967296882985,143.77493101686255,165.96127746550843,0.32955615830972435,1.4248089113807096,51.07239538034353,Images/20250204-1100.jpg
2025-02-04,12:00,146.1958048032703,174.24669391926417,197.30595809913132,0.2989830475793262,1.3496006743492892,62.31536224665691,Images/20250204-1200.jpg
2025-02-04,13:00,128.86997956055185,153.57896269800716,171.4196065406234,0.3224562223859011,1.3301748459570757,69.66748801883905,Images/20250204-1300.jpg
2025-02-05,16:00,86.40495656617271,112.16154828819622,132.83945324476238,0.36004167172282336,1.53740545666061,36.206264216714615,Images/20250205-1600.jpg
2025-02-05,17:00,78.7738477261114,108.21376085845682,138.04320899335718,0.4385319262033177,1.7523989398222661,37.82126969052391,Images/20250205-1700.jpg
2025-02-05,18:00,66.0560909555442,101.75996423096576,138.32556463975473,0.548934515273249,2.0940621908551287,38.47441233145169,Images/20250205-1800.jpg
2025-02-05,19:00,80.46618293306081,95.67220746039857,118.10760347470618,0.3415735058091801,1.467791781612994,33.8303585547641,Images/20250205-1900.jpg
2025-02-05,20:00,75.4557894736842,93.58774655084312,115.7239090444558,0.36793132223457015,1.533665054967722,32.39777824827095,Images/20250205-2000.jpg
2025-02-05,21:00,73.93262646908533,92.15682677567706,112.89200306591722,0.36498528961755733,1.5269578118689562,31.060739864853673,Images/20250205-2100.jpg
2025-02-05,22:00,75.57744506898314,93.13120592743996,115.23043433827287,0.35676195328981963,1.5246669520043925,26.473586523537413,Images/20250205-2200.jpg
2025-02-05,23:00,77.45347470618293,93.72055697496168,112.60520694941236,0.3258308582213785,1.4538431738890105,25.97374967540103,Images/20250205-2300.jpg
2025-02-06,04:00,78.92200306591722,92.65988758303526,107.35799693408278,0.28170967411796927,1.3603050024479264,24.649707912561606,Images/20250206-0400.jpg
2025-02-06,05:00,78.63227899846704,92.58845682166582,109.04449667858968,0.295544995167255,1.3867650369633888,25.378015719313545,Images/20250206-0500.jpg
2025-02-06,06:00,80.03974450689832,92.26543689320388,108.51903423607563,0.2834011953055635,1.3558143338514588,26.964370487480767,Images/20250206-0600.jpg
2025-02-06,07:00,88.07882984159427,113.98172202350537,140.1054215636178,0.36516470414266683,1.5906821221956382,27.748282795553408,Images/20250206-0700.jpg
2025-02-06,08:00,141.8457281553398,158.56379662749106,172.7630914665304,0.21104215680671035,1.2179647035923937,46.46191536304906,Images/20250206-0800.jpg
2025-02-06,09:00,148.7824374041901,175.01735820132856,190.81957077158916,0.23130191495927338,1.2825409558969507,40.37773991657654,Images/20250206-0900.jpg
2025-02-06,10:00,152.73079713847727,182.16168625447114,202.6409248850281,0.26004249304221577,1.3267849533615255,40.42594385640545,Images/20250206-1000.jpg
2025-02-06,11:00,148.5524833929484,179.4070005109862,203.28277465508432,0.2872719659104199,1.368423931015279,45.06084000491336,Images/20250206-1100.jpg
2025-02-06,13:00,140.05369443025037,172.8321359223301,198.40880940214615,0.31032265439933154,1.416662436450724,51.44925325468831,Images/20250206-1300.jpg
2025-02-06,14:00,133.75196218702095,163.04028104241186,189.0085436893204,0.3110607919484866,1.4131272482710104,53.522750532361236,Images/20250206-1400.jpg
2025-02-06,15:00,107.60429739397036,138.41390393459378,161.93179867143587,0.3501436180115469,1.5048822499502472,48.9298330672283,Images/20250206-1500.jpg
2025-02-09,17:00,104.27992846193153,135.74974961676034,165.88472151251915,0.3766873129895976,1.5907636528760511,26.444218245244873,Images/20250209-1700.jpg
2025-02-09,18:00,95.42503321410322,121.4099233520695,148.8576034747062,0.36200203525470054,1.5599428881599078,26.56988694085582,Images/20250209-1800.jpg
2025-02-09,19:00,90.75779253960143,108.05117526826776,130.2128308635667,0.3131231014289951,1.4347289173215674,29.458370768957376,Images/20250209-1900.jpg
2025-02-09,20:00,84.78370464997445,102.19347981604497,117.11111905978538,0.28381801082471947,1.381292763296678,21.939951974940044,Images/20250209-2000.jpg
2025-02-09,21:00,81.08773122125703,98.05530914665304,116.34519161982627,0.3007368034302989,1.4348063317687227,12.75675166091755,Images/20250209-2100.jpg
2025-02-09,22:00,84.26289218191108,102.27414409810935,117.76961676034747,0.2856294846156893,1.397645064312002,18.18255251915462,Images/20250209-2200.jpg
2025-02-09,23:00,85.85545733265202,102.46332141032192,118.19682166581502,0.27907791649633473,1.3766954828644031,20.00742863474835,Images/20250209-2300.jpg
2025-02-10,04:00,83.10382217680123,98.41455799693408,110.80507920286152,0.2531322207885625,1.3333331123301824,15.322910406251316,Images/20250210-0400.jpg
2025-02-10,05:00,84.9908175779254,100.13993357179356,113.34741440981094,0.2517559452809932,1.333643048818106,14.56209768476184,Images/20250210-0500.jpg
2025-02-10,06:00,84.64832907511497,100.28687787429739,113.78834951456311,0.260240346528805,1.344248013086495,19.288153860676996,Images/20250210-0600.jpg
2025-02-10,07:00,87.30659683188554,107.1211803781298,129.1273173224323,0.3237812247353351,1.479009840368253,20.89832579396264,Images/20250210-0700.jpg
2025-02-10,08:00,108.18686254471129,140.7229228410833,171.18347981604498,0.37148067316209493,1.5822945060728058,27.99282345235653,Images/20250210-0800.jpg
2025-02-10,09:00,112.83270822687787,144.34102197240674,173.17614205416453,0.35234017916251503,1.53480443074314,27.98069485840984,Images/20250210-0900.jpg
2025-02-10,10:00,106.88225855901891,138.14603985692386,167.08037301992846,0.363109167113199,1.5632189449332234,25.58677545808497,Images/20250210-1000.jpg
2025-02-10,11:00,113.3494839039346,145.30655595298927,173.0228206438426,0.3487524262567732,1.5264544059506056,27.549490483576424,Images/20250210-1100.jpg
2025-02-10,12:00,109.35809913132346,140.16895758814513,168.08703628002044,0.3587363449937897,1.5370332520240562,34.104434556844964,Images/20250210-1200.jpg
2025-02-10,13:00,105.92077669902913,136.11537557485948,163.1993050587634,0.36388909654954216,1.5407676246721826,38.10796930224526,Images/20250210-1300.jpg
2025-02-10,14:00,83.24270822687788,110.61171691364333,136.9161062851303,0.40535634676050025,1.6447819581648364,32.909620469271864,Images/20250210-1400.jpg
2025-02-10,15:00,95.11406745017885,124.39217680122637,151.45153295861013,0.390699067512672,1.5923147377292675,38.506535859174505,Images/20250210-1500.jpg
2025-02-10,16:00,102.94933571793561,133.65420541645375,162.54261113949923,0.3761734029829685,1.5788602075683058,35.86038813994687,Images/20250210-1600.jpg
2025-02-17,18:00,103.02385794583546,133.2469085334696,162.02776188042924,0.38138575610608366,1.5727207613686354,43.44898460233605,Images/20250217-1800.jpg
2025-02-17,19:00,79.66788451711804,98.75027082268778,115.49788962698007,0.33105488736354266,1.4497421247883293,35.06193615202164,Images/20250217-1900.jpg
2025-02-17,20:00,78.89006131834441,98.22545222278998,116.35075114971896,0.3401752429892654,1.4748467390000246,33.59539940906071,Images/20250217-2000.jpg
2025-02-17,21:00,79.71545222278999,97.91281553398058,117.4303934593766,0.3347315752920711,1.4731195610364318,30.736686304054686,Images/20250217-2100.jpg
2025-02-17,22:00,78.06485436893203,96.0794685743485,116.5625907000511,0.34294990682488147,1.4931506649077873,29.68092460172197,Images/20250217-2200.jpg
2025-02-17,23:00,77.73904956566173,96.21970362800204,116.36207460398569,0.3453897626581735,1.4968291194359429,29.21930604290147,Images/20250217-2300.jpg
2025-02-18,04:00,79.38486969851814,96.74848748083802,117.60000510986204,0.3371990672752573,1.481390648811087,29.43084149571828,Images/20250218-0400.jpg
2025-02-18,05:00,80.94827797649464,98.40961165048543,119.719545222279,0.3342248050697804,1.4789634410515704,28.856827547111646,Images/20250218-0500.jpg
2025-02-18,06:00,81.66702095043433,98.8964230965764,119.06588145120082,0.3256533856808311,1.4579432261343477,29.479645958900655,Images/20250218-0600.jpg
2025-02-18,07:00,90.43306591722023,118.05821665815023,146.85794583546243,0.3907905945815204,1.6239407867245272,34.58746760966339,Images/20250218-0700.jpg
2025-02-18,08:00,109.65944302503833,141.54112416964742,172.18153295861012,0.3763950577558621,1.5701477833436421,38.37131548412869,Images/20250218-0800.jpg
2025-02-18,09:00,112.96136944302503,143.79002043944814,171.12479816044967,0.3509353979390743,1.5148966189885316,38.61430047874382,Images/20250218-0900.jpg
2025-02-18,10:00,112.7429535002555,141.9694685743485,167.72235564639755,0.3488999057812702,1.4876526554572194,42.34426306065849,Images/20250218-1000.jpg
2025-02-18,11:00,114.818334184977,144.98918753193664,170.68561573837508,0.34223497433673467,1.4865710730206427,38.99995208797959,Images/20250218-1100.jpg
2025-02-18,12:00,110.80049054675524,140.56440470107307,166.44889115993868,0.3481924109643475,1.50223964565808,38.230183005559184,Images/20250218-1200.jpg
2025-02-18,13:00,107.09501277465509,136.73545733265203,162.4801073071027,0.3563305687989699,1.5171584705987027,38.533320110050965,Images/20250218-1300.jpg
2025-02-18,14:00,108.79064895247828,139.13548799182422,165.56794583546244,0.3594947514860041,1.521894996562531,40.46250393641409,Images/20250218-1400.jpg
2025-02-18,15:00,110.1917577925396,140.79773633111907,168.2508329075115,0.3580808479819687,1.5268912553095824,38.68802117479707,Images/20250218-1500.jpg
2025-02-18,16:00,107.29620848237097,137.98233520694941,165.7224833929484,0.3646921040900888,1.5445325067161575,35.66814449087579,Images/20250218-1600.jpg
2025-02-18,17:00,108.87470618293307,139.18687276443535,168.2936228921819,0.36991061216636123,1.5457549989954251,40.22419404478203,Images/20250218-1700.jpg
2025-02-20,11:00,148.28270311701584,178.15904956566172,200.85882473173226,0.28744761732020774,1.354566777884132,48.90177924187924,Images/20250220-1100.jpg
2025-02-20,12:00,141.97059785385795,172.12067450178844,195.56255493101688,0.3041588800145378,1.3774863000495303,50.67346965609971,Images/20250220-1200.jpg
2025-02-20,13:00,151.87576903423607,181.71110373019928,207.4284108329075,0.2968978195076246,1.3657768502911865,53.16359621988667,Images/20250220-1300.jpg
2025-02-20,14:00,145.0733776188043,174.918783852836,198.55931016862544,0.29786552139069117,1.3686819184818264,52.67025756192222,Images/20250220-1400.jpg
2025-02-20,15:00,125.39647419519673,151.7541083290751,172.76844149207972,0.3011509272272527,1.3777774951260955,48.93773015684187,Images/20250220-1500.jpg
2025-02-20,16:00,90.08847726111395,113.44439959121104,133.00233520694943,0.34795479369131366,1.476352334662078,39.54792992487919,Images/20250220-1600.jpg
2025-02-20,17:00,81.41779253960144,107.01899846704138,133.88882473173226,0.4158783491518879,1.6444663864123146,37.64421177515572,Images/20250220-1700.jpg
2025-03-02,15:00,108.72503321410322,136.90044966785896,158.5450894225856,0.324669116132826,1.4582206441101306,50.982187066952456,Images/20250302-1500.jpg
2025-03-02,16:00,88.44412876852326,112.10650485436894,131.19722023505366,0.3453499184706058,1.4833909336710551,44.49626654276931,Images/20250302-1600.jpg
2025-03-02,17:00,85.75856412876853,109.6151354113439,130.82260091977517,0.3614556723740477,1.5254756271089882,44.49596366337179,Images/20250302-1700.jpg
2025-03-02,18:00,89.94997956055187,120.89011241696474,148.52315789473684,0.4382967527222905,1.6511749860218716,48.73064258519551,Images/20250302-1800.jpg
2025-03-02,19:00,72.38204394481349,91.38493612672458,113.5208942258559,0.39096843240770623,1.5683571017150464,33.26228989477859,Images/20250302-1900.jpg
2025-03-02,20:00,70.89276954522228,91.55685232498722,115.12363822176802,0.40851046551549103,1.6239122457251267,33.75393808533606,Images/20250302-2000.jpg
2025-03-02,21:00,70.36108840061318,90.79811957077159,114.83658661216147,0.40946075811583627,1.6321035900726217,32.65589084552351,Images/20250302-2100.jpg
2025-03-02,22:00,70.53503832396525,89.89588145120082,112.18360756259581,0.395973369034948,1.5904663644878678,31.69071886948182,Images/20250302-2200.jpg
2025-03-02,23:00,70.30330097087379,89.25318855390904,111.32715380684722,0.3915107435312982,1.583526672089589,31.15764761601158,Images/20250302-2300.jpg
2025-03-03,04:00,70.64363311190598,88.11438937148696,109.70495145631068,0.37453121522314753,1.5529347100480135,28.346702154359544,Images/20250303-0400.jpg
2025-03-03,05:00,75.541819110884,88.90140521205927,110.06632600919775,0.3431285150499022,1.4570250736299044,29.806766571011043,Images/20250303-0500.jpg
2025-03-03,06:00,73.76864588656106,91.19984670413899,114.7600613183444,0.3743869313478293,1.5556752924425814,29.391827297073363,Images/20250303-0600.jpg
2025-03-03,07:00,123.02980582524272,149.40936637710783,173.54477772100154,0.32615783447577545,1.4105913209106526,49.09593485833958,Images/20250303-0700.jpg
2025-03-03,08:00,131.81558507920286,157.58642820643843,175.026213592233,0.25861720480972084,1.3278112156408162,44.923979940542324,Images/20250303-0800.jpg
2025-03-03,09:00,138.62841594276955,168.16339805825243,189.35529381706695,0.2811856885455707,1.3659197586829486,46.413237254769356,Images/20250303-0900.jpg
2025-03-03,10:00,140.46611650485437,171.50412876852326,195.09118548799182,0.2965392505002874,1.3888843014490642,49.77166451151668,Images/20250303-1000.jpg
2025-03-03,11:00,140.66050587634135,172.07502299437914,198.1394839039346,0.3128737745125616,1.4086362142724587,55.53297551308189,Images/20250303-1100.jpg
2025-03-03,12:00,137.9051200817578,169.31843638221767,196.56509453244763,0.3224264677795925,1.4253647217053889,54.677775361553785,Images/20250303-1200.jpg
2025-03-03,13:00,129.69626980071538,159.07616760347472,187.7662544711293,0.3328974250189701,1.4477382681236939,53.58777148073166,Images/20250303-1300.jpg
2025-03-03,14:00,118.55969340827798,148.82137455288708,174.00742973939703,0.3394919404773616,1.4676777855058947,52.89858745958747,Images/20250303-1400.jpg
2025-03-06,12:00,139.15746550843127,168.63037301992847,193.136361778232,0.30518285863820505,1.3878979448546531,51.87887297091219,Images/20250306-1200.jpg
2025-03-06,13:00,133.80670413898824,163.5765917220235,190.63920797138476,0.3234945233663823,1.4247358364692058,51.80155617673922,Images/20250306-1300.jpg
2025-03-06,14:00,127.05964741951968,156.18032703117015,179.1167245784364,0.3200285326445178,1.409705809881018,55.660179539475486,Images/20250306-1400.jpg
2025-03-06,15:00,108.4590444557997,134.15827797649465,156.70579969340827,0.32874775676826345,1.4448384552422653,51.389263564305935,Images/20250306-1500.jpg
2025-03-06,16:00,85.67482881962187,110.21974961676035,132.1679253960143,0.37661386039534506,1.5426692492331542,43.565319344586726,Images/20250306-1600.jpg
2025-03-06,17:00,85.81292795094532,113.82452222789985,138.681364333163,0.40620031225058223,1.6160893938539231,43.803631769587604,Images/20250306-1700.jpg
2025-03-06,18:00,83.92721512519162,117.07971384772611,150.48999489013798,0.4809462208481695,1.7931012350708349,45.38790878365078,Images/20250306-1800.jpg
2025-03-06,19:00,73.10458865610629,93.61592233009709,110.5198773633112,0.37046479388269526,1.5118049069588024,35.92617401919313,Images/20250306-1900.jpg
2025-03-06,20:00,72.98291262135922,92.74352580480327,113.53692897291774,0.38364191915809753,1.5556645156968625,36.289317188053836,Images/20250306-2000.jpg
2025-03-06,21:00,72.60063873275422,91.51490035769034,114.21019928461932,0.3886171491562665,1.5731293788185823,34.248830877643684,Images/20250306-2100.jpg
2025-03-06,22:00,70.92683188553909,88.35282064384262,109.78917220235054,0.376670843543997,1.5479215373894821,30.91005645906265,Images/20250306-2200.jpg
2025-03-06,23:00,70.4908482370976,88.14986203372509,110.85895758814512,0.3827181384825201,1.5726716132368963,29.755920607615696,Images/20250306-2300.jpg
2025-03-07,04:00,74.10331630045988,88.91647419519673,108.92745017884518,0.34316901559654944,1.469940269167534,29.089790281672233,Images/20250307-0400.jpg
2025-03-07,05:00,76.2199233520695,89.35150740929996,109.8152120592744,0.3312520155507046,1.4407677912670709,29.591428867149236,Images/20250307-0500.jpg
2025-03-07,06:00,75.0725140521206,93.66341338783853,119.29712825753704,0.38550576754256716,1.589091935639996,29.81320110776807,Images/20250307-0600.jpg
2025-03-07,07:00,124.17605007664793,149.36212570260602,174.23649463464486,0.3190939890899936,1.4031408884721017,49.368459074597816,Images/20250307-0700.jpg
2025-03-07,08:00,130.13791517629025,155.59824731732243,173.03070516096065,0.26796366306539227,1.3295948655468406,49.44059368882586,Images/20250307-0800.jpg
2025-03-07,09:00,134.96355646397546,163.45352580480326,184.35608584568217,0.2899355084392685,1.365969372101729,52.836540760881746,Images/20250307-0900.jpg
2025-03-07,10:00,137.62281553398057,166.53003576903424,189.5518957588145,0.29710769562367473,1.377328996257042,52.38532874679756,Images/20250307-1000.jpg
2025-03-07,11:00,140.6620286152274,169.6173939703628,193.41870720490547,0.2998738221498747,1.375059834796859,54.59622118509452,Images/20250307-1100.jpg
2025-03-11,16:00,108.93795094532447,140.53600408788964,169.07502299437914,0.36609292708628993,1.5520304905239748,41.3119376491473,Images/20250311-1600.jpg
2025-03-11,17:00,112.1291670924885,140.89261113949922,167.81532958610117,0.35205227847140474,1.496625119413002,45.034189068382865,Images/20250311-1700.jpg
2025-03-11,18:00,110.10208993357179,140.244241185488,169.7692897291773,0.36917461144655994,1.5419261186565902,40.76182929322995,Images/20250311-1800.jpg
2025-03-11,19:00,76.89667347981604,98.19413387838529,120.023484925907,0.3757028101337731,1.5608410342557915,34.42094391525756,Images/20250311-1900.jpg
2025-03-11,21:00,83.45463975472663,103.13591722023506,122.87757281553398,0.3310418880866899,1.4723875353639282,31.50829187430105,Images/20250311-2100.jpg
2025-03-11,22:00,83.67190086867654,100.5152580480327,119.56202861522739,0.30693807842564574,1.4289388187073908,24.782601904045492,Images/20250311-2200.jpg
2025-03-11,23:00,86.33448134900358,101.8182268778743,120.57432805314257,0.28871778421428546,1.3965952510808581,22.67565097366455,Images/20250311-2300.jpg
2025-03-12,04:00,90.39641798671435,104.63600919775166,120.8265763924374,0.265696246060463,1.3366301203833684,29.121431067074408,Images/20250312-0400.jpg
2025-03-12,05:00,89.60905467552377,104.07493612672458,120.56710781808891,0.26218381365581905,1.3454790579945948,20.7182961917609,Images/20250312-0500.jpg
2025-03-12,06:00,89.96548288196219,104.35520694941236,124.44927950945325,0.2846021785797327,1.383300285170866,27.91156460021071,Images/20250312-0600.jpg
2025-03-12,07:00,112.61381195707716,145.38384261624935,175.1355288707205,0.35761656685783444,1.5551869195431074,31.122996973554137,Images/20250312-0700.jpg
2025-03-12,08:00,95.50543178334185,121.36702095043434,146.25106796116503,0.354654099917941,1.5313376809981254,37.600911014655324,Images/20250312-0800.jpg
2025-03-12,09:00,117.15414409810936,142.22700562084825,163.53495656617272,0.30387405605169765,1.3958956076989193,48.194942058629216,Images/20250312-0900.jpg
2025-03-12,10:00,124.00659683188555,152.52079202861523,176.86597342871744,0.32907806743754375,1.4262626063533554,60.59644363955788,Images/20250312-1000.jpg
2025-03-12,11:00,112.15721512519163,145.0427439959121,174.27023505365355,0.3736056909062277,1.553803144143043,49.183079022193645,Images/20250312-1100.jpg
2025-03-12,12:00,110.67751660705161,141.364241185488,170.27132856412877,0.3705031991951638,1.5384454968411783,47.55462720380111,Images/20250312-1200.jpg
2025-03-12,13:00,102.29182422074604,132.1338323965253,160.43334184977004,0.37845131665502263,1.5683886909198703,42.4583121108772,Images/20250312-1300.jpg
2025-03-12,14:00,101.49679611650485,129.0554062340317,154.68453755748595,0.36475502886434635,1.5240336833479449,43.89301748518856,Images/20250312-1400.jpg
2025-03-12,15:00,118.06043433827287,148.74397547266224,176.72597342871742,0.3470216463296254,1.4969110771305647,47.96620384931096,Images/20250312-1500.jpg
2025-03-24,15:00,95.54888094021462,121.41594787940726,143.99546244251405,0.37262228635781347,1.5070345096514337,55.08671038310418,Images/20250324-1500.jpg
2025-03-24,16:00,92.92799693408278,119.18150229943791,142.77879918242206,0.37837733201055923,1.5364454454695158,49.084491629978444,Images/20250324-1600.jpg
2025-03-24,17:00,93.42984670413898,120.50519161982626,144.6323198773633,0.3767087822309734,1.5480312066371487,49.274581056774764,Images/20250324-1700.jpg
2025-03-24,18:00,86.54011241696475,116.9743638221768,144.02375063873276,0.41998874940899095,1.6642426841388829,47.85274270510073,Images/20250324-1800.jpg
2025-03-24,19:00,73.56241696474196,106.41694430250384,139.1026826775677,0.4862334103897174,1.890947667656042,44.80566022581749,Images/20250324-1900.jpg
2025-03-24,20:00,62.3096371997956,83.38283597342871,107.94865610628513,0.47105542471963674,1.7324551903214107,38.46519647687746,Images/20250324-2000.jpg
2025-03-24,21:00,63.160848237097596,82.39950434338273,109.50115482881962,0.46844499139679663,1.7336871836185508,37.91707794944706,Images/20250324-2100.jpg
2025-03-24,22:00,67.38386305569749,83.76489013796628,111.34926928972918,0.4342466942817544,1.6524619187420182,35.09060634454515,Images/20250324-2200.jpg
2025-03-24,23:00,65.49328053142565,83.51165559529893,110.04356157383751,0.43644507510376435,1.6802267194541975,33.1878416437257,Images/20250324-2300.jpg
2025-03-25,04:00,70.7978334184977,87.3361216147164,109.84213081246806,0.38257758376432094,1.551489981503856,31.493725717974723,Images/20250325-0400.jpg
2025-03-25,05:00,71.95290240163516,88.87700562084824,112.58716913643332,0.38671363567295497,1.5647342054841213,31.776882749168102,Images/20250325-0500.jpg
2025-03-25,06:00,108.25417475728155,134.29784363822176,156.50471640265712,0.32822854049243194,1.4457152835707594,39.012858842920956,Images/20250325-0600.jpg
2025-03-25,07:00,120.56961676034747,145.6787583035258,164.21974961676034,0.29992768571943296,1.36203259716038,46.29569441400633,Images/20250325-0700.jpg
2025-03-25,08:00,120.12320899335718,150.75863055697496,175.55984670413898,0.3266670717165808,1.4614981294110225,50.500088011667195,Images/20250325-0800.jpg
2025-03-25,09:00,121.45698007153807,154.46921819110884,181.62297393970363,0.34254871311046625,1.495368749802268,52.87747424013966,Images/20250325-0900.jpg
2025-03-25,10:00,126.0021819110884,158.14208993357178,185.58213081246805,0.33565375132305086,1.4728485374211444,53.29739850211569,Images/20250325-1000.jpg
2025-03-25,11:00,133.28135922330097,163.7417271333674,190.46876341338785,0.32613321005126633,1.429072775775056,58.13112017987969,Images/20250325-1100.jpg
2025-03-25,12:00,129.8788196218702,159.2985283597343,184.67908022483394,0.330341624883937,1.4219337636465723,62.24689733946588,Images/20250325-1200.jpg
2025-03-25,13:00,119.7589984670414,150.1066939192642,176.02587123147674,0.36447978539252857,1.469834183776063,60.914893491339406,Images/20250325-1300.jpg
2025-03-25,14:00,110.4999693408278,141.03845682166582,167.97568727644352,0.3635729950796508,1.520142374322244,50.45779656405008,Images/20250325-1400.jpg
2025-03-25,15:00,97.45351047521717,123.15873275421563,147.77030148186,0.3769176672055001,1.5163158232573137,53.4591203968947,Images/20250325-1500.jpg
2025-03-25,16:00,91.85016862544711,116.46297904956566,138.577271333674,0.3539417957802429,1.5087317954748898,46.52689062410301,Images/20250325-1600.jpg
2025-03-27,10:00,133.24746550843128,163.30418497700563,188.8425600408789,0.31435485794245677,1.4172318993316833,48.99517488725539,Images/20250327-1000.jpg
2025-03-27,11:00,125.66626469085335,156.46789984670414,182.98576392437406,0.3396561746339058,1.456124783516128,50.610233743193476,Images/20250327-1100.jpg
2025-03-27,12:00,124.02582013285641,152.9865763924374,178.53885028104241,0.3384360599010704,1.4395296773709054,54.06004402817335,Images/20250327-1200.jpg
2025-03-27,13:00,105.26606540623403,135.32424629535004,162.8132447623914,0.3796145054393232,1.5466830890600214,49.35858655633957,Images/20250327-1300.jpg
2025-03-27,14:00,105.85966785896781,136.7987123147675,163.93995912110373,0.3803422169903616,1.5486536174557068,56.62838381646664,Images/20250327-1400.jpg
2025-03-27,15:00,100.44574348492591,130.15097598364844,156.3798824731732,0.38086918277124987,1.5568592106621446,53.085516676114686,Images/20250327-1500.jpg
2025-03-27,16:00,87.4246806336229,117.14557996934083,143.765758814512,0.40431094847341575,1.6444527578264665,48.81498702692947,Images/20250327-1600.jpg
2025-03-27,17:00,85.60709248850281,115.028788962698,142.45618804292283,0.41936210512519967,1.664069906333813,47.59849952745962,Images/20250327-1700.jpg
2025-03-27,18:00,92.20752171691365,122.10005620848237,147.40675012774656,0.4082864613291395,1.5986412581574292,52.94405727909357,Images/20250327-1800.jpg
2025-03-27,19:00,59.86741951967297,94.2516811446091,132.48138477261114,0.5423364583015505,2.2129128601603365,32.2799603290158,Images/20250327-1900.jpg
2025-03-27,20:00,70.84047521716914,91.41564639754726,112.8817118037813,0.40317512912633235,1.5934634806481285,34.96319684688823,Images/20250327-2000.jpg
2025-03-27,21:00,66.03835462442514,87.02766990291262,110.68307102708226,0.43532870810655877,1.676042202755041,34.68756497763457,Images/20250327-2100.jpg
2025-03-27,22:00,65.04599386816555,85.15238119570772,110.58332141032191,0.4414906473397471,1.7000788693362423,30.3223765368449,Images/20250327-2200.jpg
2025-03-27,23:00,65.21801226366888,83.7104087889627,110.1789984670414,0.4398519962615727,1.6893951985565776,32.74600203722489,Images/20250327-2300.jpg
2025-03-28,04:00,64.38675523760858,82.45487991824221,107.99830863566683,0.4380057865220455,1.6773373119949868,32.10007641400793,Images/20250328-0400.jpg
2025-03-28,05:00,65.34507920286153,83.21366377107817,109.90192130812468,0.43791829285940637,1.6818698663608338,32.23780315039609,Images/20250328-0500.jpg
2025-03-28,06:00,101.147424629535,130.63733776188042,158.79268778742974,0.38263043133361935,1.5699132904185586,41.41707903039522,Images/20250328-0600.jpg
2025-03-28,07:00,124.42802248339295,145.29629535002556,161.32532447623913,0.2765789467415795,1.2965352977560618,54.220047141461876,Images/20250328-0700.jpg
2025-03-28,08:00,126.3051660705161,152.4499540112417,173.3672100153296,0.29951940545242656,1.3726058405713426,55.901290270558945,Images/20250328-0800.jpg
2025-03-28,09:00,122.69210015329585,151.07082779764946,173.90467041389883,0.32224717385441914,1.4174072232785073,55.90904981192414,Images/20250328-0900.jpg
2025-04-01,16:00,94.60136944302504,122.61755237608584,147.25208482370977,0.38561519163462593,1.5565534001687042,52.44213425622709,Images/20250401-1600.jpg
2025-04-01,18:00,98.00993357179357,129.67149207971386,159.20986714358713,0.40452477442167806,1.6244258078446507,50.91338734048791,Images/20250401-1800.jpg
2025-04-01,19:00,98.71807869187532,129.17619826264692,157.6318906489525,0.39891494416839607,1.596788462062496,49.27853462040747,Images/20250401-1900.jpg
2025-04-01,20:00,91.91808380173735,122.55328053142566,152.4044098109351,0.41128473684527667,1.6580459671202212,44.80725622085113,Images/20250401-2000.jpg
2025-04-01,21:00,67.37417475728155,87.21624936126724,110.56977516607051,0.42756317131289084,1.6411299125113312,35.20800041692859,Images/20250401-2100.jpg
2025-04-01,22:00,67.29496678589678,87.04201839550332,113.08282575370465,0.4328066650486219,1.6804053776128531,32.784183886527714,Images/20250401-2200.jpg
2025-04-01,23:00,67.62134900357691,86.96352069494124,113.08639754726623,0.4282517117405905,1.672347528425333,32.18068448800753,Images/20250401-2300.jpg
2025-04-02,04:00,73.94944302503832,91.49786918753193,112.9031527848748,0.3693035907691559,1.5267613472069819,30.552023339469947,Images/20250402-0400.jpg
2025-04-02,05:00,75.42290240163516,94.11450178845172,116.8700766479305,0.37582565531341044,1.5495303333204324,31.026920597517183,Images/20250402-0500.jpg
2025-04-02,06:00,73.60832396525294,92.0226366888094,115.0044251405212,0.37917015020706984,1.562383401535213,30.24881047865379,Images/20250402-0600.jpg
2025-04-02,07:00,96.10245273377619,126.0661982626469,156.81559529892692,0.39413009991409365,1.6317543330718567,37.48580062691689,Images/20250402-0700.jpg
2025-04-02,08:00,85.01231476750128,121.04944813490036,160.98012774655083,0.48517311031913224,1.893609488145372,30.97779673633776,Images/20250402-0800.jpg
2025-04-02,09:00,110.43008686765458,137.50635666836996,161.41620848237096,0.34856127210971305,1.4617049718897346,54.148919535832725,Images/20250402-0900.jpg
2025-04-02,10:00,112.43915687276443,145.21017884517119,175.81370464997445,0.37702816946966444,1.5636341286807247,51.81414448224816,Images/20250402-1000.jpg
2025-04-02,11:00,114.2882728666326,143.17737353091468,168.46956566172713,0.341995714518564,1.4740756856501376,48.37756183325832,Images/20250402-1100.jpg
2025-04-02,12:00,111.41880429228411,140.03329586101177,165.78351558507921,0.35471335892487066,1.4879311903424255,51.99637132410259,Images/20250402-1200.jpg
2025-04-02,13:00,107.35477772100154,136.1857741440981,162.4321972406745,0.36228470026305215,1.5130411442867453,51.186224383230766,Images/20250402-1300.jpg
2025-04-02,14:00,129.12381706693918,156.32347470618294,180.433638221768,0.3191129692746605,1.3973691370265187,63.4119355331769,Images/20250402-1400.jpg
2025-04-02,15:00,105.02252938170669,133.7116964741952,159.3106796116505,0.3720520081814467,1.5169190747226557,52.50637047252465,Images/20250402-1500.jpg
2025-04-07,09:00,117.97634133878385,146.0113796627491,171.8850740929995,0.33323414522343964,1.4569452712765918,54.7024555764325,Images/20250407-0900.jpg
2025-04-07,10:00,122.3747572815534,150.61589678078693,176.6508175779254,0.33307901507250703,1.4435233217907284,56.10296895073599,Images/20250407-1000.jpg
2025-04-07,11:00,131.91015329586102,157.59292795094532,182.58399591211037,0.30499522621424746,1.3841542138036855,59.80563447834088,Images/20250407-1100.jpg
2025-04-07,12:00,129.07883495145632,157.81914154317835,187.06909555442002,0.3262789701479476,1.4492623378225424,58.47340278886935,Images/20250407-1200.jpg
2025-04-07,13:00,118.04669391926419,149.09267756770566,179.37350536535513,0.35379590079186457,1.5195131510292115,57.14551909723927,Images/20250407-1300.jpg
2025-04-07,14:00,113.88035769034236,143.63127746550842,171.75321921308125,0.364398182533798,1.5081900091314588,59.73161210468085,Images/20250407-1400.jpg
2025-04-07,15:00,106.0052733776188,135.6176341338784,164.2129994890138,0.3688593027394202,1.5491021598042727,52.98022129058629,Images/20250407-1500.jpg
2025-04-07,16:00,94.59129279509453,123.62044966785896,150.63337250894224,0.3879232529362281,1.5924655057076091,48.98920283226338,Images/20250407-1600.jpg
2025-04-07,17:00,87.96101175268268,114.51984670413898,140.07369954011241,0.38510323427766163,1.5924521007273233,43.981950474846286,Images/20250407-1700.jpg
2025-04-07,18:00,88.50227899846705,114.48941236586612,140.35422074603986,0.38763212521983315,1.585882541652836,45.18763018327553,Images/20250407-1800.jpg
2025-04-07,19:00,92.41066428206439,120.18017884517118,145.63987225344917,0.3796194003076397,1.5760071828171962,46.47244775774204,Images/20250407-1900.jpg
2025-04-07,20:00,95.33708226877874,124.05399080224834,154.51786918753194,0.415545705488543,1.6207530573586773,48.74288823097928,Images/20250407-2000.jpg
2025-04-07,21:00,74.79319366377108,94.07037301992847,119.55885028104241,0.40455802243304295,1.5985257859155906,35.95254348426557,Images/20250407-2100.jpg
2025-04-07,22:00,74.07858967807869,92.84823709759837,119.82316811446091,0.40800292211210143,1.61751414298867,33.75474889363432,Images/20250407-2200.jpg
2025-04-07,23:00,72.57611650485437,92.13887072049054,119.00987736331119,0.41115562103806724,1.6397939357303184,32.35718439273272,Images/20250407-2300.jpg
2025-04-08,04:00,76.03160960654063,94.06680633622892,119.60908533469596,0.3822740675148757,1.573149435879589,29.770442210791273,Images/20250408-0400.jpg
2025-04-08,05:00,75.76699029126213,93.91399591211038,119.8008942258559,0.38788874149699504,1.5811752873400953,31.171279207738227,Images/20250408-0500.jpg
2025-04-08,06:00,76.4869545222279,94.90951967296883,120.49785385794584,0.3852262325747249,1.5754039762104,31.36547720022458,Images/20250408-0600.jpg
2025-04-08,07:00,116.97641798671435,142.31548799182423,169.97503832396526,0.35201116139508165,1.4530709676047637,55.34161148869663,Images/20250408-0700.jpg
2025-04-08,08:00,123.55779253960144,149.52605007664792,173.52469596320898,0.3177109660462178,1.4044010579356347,57.9682707343409,Images/20250408-0800.jpg
2025-04-21,15:00,105.16190086867654,130.5651967296883,155.39652018395503,0.34800980250769814,1.4776883778500904,49.88926215206938,Images/20250421-1500.jpg
2025-04-21,16:00,108.63582013285641,131.11376596831886,152.29344915687275,0.31801050996388286,1.4018713861482683,52.68803972638352,Images/20250421-1600.jpg
2025-04-21,17:00,110.42867143587124,132.1745631067961,152.99556974961675,0.31376408196919375,1.3854696101546018,53.71209252586067,Images/20250421-1700.jpg
2025-04-21,18:00,96.39770567194685,125.80823709759837,153.34389882473172,0.39538069238700363,1.5907421879503805,51.524536683553286,Images/20250421-1800.jpg
2025-04-21,19:00,87.00464486458866,125.3914716402657,160.347271333674,0.4624418814426495,1.8429736681330047,48.893962519739155,Images/20250421-1900.jpg
2025-04-21,20:00,97.03101175268267,127.40572304547777,150.00500255493102,0.3736043427066256,1.5459490558680555,52.88063125600268,Images/20250421-2000.jpg
2025-04-21,21:00,65.54832907511498,95.09736842105264,120.68258048032703,0.5032279185024368,1.8411236463542409,34.12962061462912,Images/20250421-2100.jpg
2025-04-21,22:00,67.5999233520695,87.63502810424119,114.1042565150741,0.45472089330217863,1.687934677571587,37.302695163495926,Images/20250421-2200.jpg
2025-04-21,23:00,67.66635155850793,87.46755748594788,114.52365866121615,0.4543329250662068,1.6924757184479968,36.03481614950845,Images/20250421-2300.jpg
2025-04-22,04:00,72.32291773122125,89.77356157383751,113.39469085334696,0.40635191215639976,1.567894283619327,35.79982992256454,Images/20250422-0400.jpg
2025-04-22,05:00,74.82167092488503,93.04143076136944,116.8538477261114,0.40110519684795065,1.5617647229725542,36.07016086521284,Images/20250422-0500.jpg
2025-04-22,06:00,94.46422074603986,123.66435360245274,145.4885283597343,0.38363456521636474,1.5401442543068797,36.37357183708848,Images/20250422-0600.jpg
2025-04-22,07:00,111.71340316811447,139.0907409299949,158.37324987225344,0.3660338187117354,1.4176745490086564,50.35331237808518,Images/20250422-0700.jpg
2025-04-22,08:00,105.3655748594788,137.9891517629024,165.68539090444557,0.403168450300124,1.5724812354787727,49.64573427286828,Images/20250422-0800.jpg
2025-04-22,09:00,111.43020439448135,143.6425907000511,172.63413898824732,0.37858344433796315,1.5492580165054344,51.2917462934366,Images/20250422-0900.jpg
2025-04-22,10:00,115.15223300970874,147.43473684210525,177.60908022483392,0.36990500655708974,1.5423850153863217,54.4029294560989,Images/20250422-1000.jpg
2025-04-22,11:00,118.24875319366377,151.59400102197242,182.8235155850792,0.37357397039079643,1.546092530375898,57.102340285492176,Images/20250422-1100.jpg
2025-04-22,12:00,120.58020439448134,151.471819110884,180.68973939703628,0.3585671459869038,1.498502501350906,59.057991425874064,Images/20250422-1200.jpg
2025-04-22,13:00,122.8469545222279,151.33944813490035,177.9447419519673,0.3386002150122523,1.4485075449816094,58.734002469984134,Images/20250422-1300.jpg
2025-04-22,14:00,113.83126213592233,142.6084363822177,169.08557996934084,0.3639445190538703,1.485405461656356,58.81755258514742,Images/20250422-1400.jpg
2025-04-28,11:00,124.38516096065406,153.47654062340317,180.99953500255492,0.3419058250848502,1.4551537510544008,58.66402465240574,Images/20250428-1100.jpg
2025-04-28,12:00,125.610454777721,154.54515074092998,181.4856361778232,0.335833599040102,1.4448290554647645,59.50362856860451,Images/20250428-1200.jpg
2025-04-28,13:00,125.50914154317833,152.7780173735309,178.5923658661216,0.326846531998535,1.4229430800603335,59.98300518485658,Images/20250428-1300.jpg
2025-04-28,14:00,115.8263464486459,142.44453755748594,168.1052120592744,0.34640637399315594,1.4513555487347771,58.576416257048265,Images/20250428-1400.jpg
2025-04-28,15:00,108.40462442514053,134.29852324987226,159.52294839039345,0.3405081242852911,1.4715511239928871,52.557508630697534,Images/20250428-1500.jpg
2025-04-28,16:00,101.81582524271845,126.1421052631579,150.4128615227389,0.34584955570954745,1.4773033532544353,49.23948334365017,Images/20250428-1600.jpg
2025-04-28,17:00,94.66843638221768,119.0848032703117,142.2069085334696,0.3634375008830625,1.5021575560534335,49.44119679129338,Images/20250428-1700.jpg
2025-04-28,18:00,93.95798671435871,120.23924885028104,147.35008686765457,0.389470545825047,1.5682550302760097,48.14423664511679,Images/20250428-1800.jpg
2025-04-28,19:00,92.46429228410832,119.3596371997956,145.96141543178334,0.3880553511798155,1.5785706054476434,47.027082250337074,Images/20250428-1900.jpg
2025-04-28,20:00,101.27450689831375,129.60200306591722,155.00526315789475,0.3811907222502603,1.5305457056728453,52.42794003774883,Images/20250428-2000.jpg
2025-04-28,21:00,73.98339294839039,101.57024527337762,124.60640776699029,0.43328290225260174,1.6842483308337233,34.436058115924446,Images/20250428-2100.jpg
2025-04-28,22:00,77.54013285641288,96.47262646908534,118.15060296371998,0.3804801031880371,1.5237348336605747,35.83738507677082,Images/20250428-2200.jpg
2025-04-28,23:00,78.41335206949412,97.32636688809401,119.65833418497701,0.37951514091534316,1.5259943555650448,35.41609613542083,Images/20250428-2300.jpg
2025-04-29,04:00,79.0074859478794,95.73014818599898,117.70402657128257,0.3589741461030141,1.4897831980016143,34.2858152046774,Images/20250429-0400.jpg
2025-04-29,05:00,78.53667347981605,96.85665304036792,120.29271844660194,0.37378241185542477,1.5316757329407578,34.19112079650318,Images/20250429-0500.jpg
2025-04-29,06:00,103.82940214614206,131.80583035258047,159.52731732243228,0.37250938300997144,1.5364368135478372,41.26556942221639,Images/20250429-0600.jpg
2025-04-29,07:00,111.7321359223301,136.41516096065405,156.9784108329075,0.3514594618674294,1.4049530883136163,45.855690541106156,Images/20250429-0700.jpg
2025-04-29,08:00,109.51686254471129,139.03497700562085,164.46114460909556,0.3662049663660201,1.5016969924631995,45.24215254611305,Images/20250429-0800.jpg
2025-04-29,09:00,116.73473173224323,146.23852324987226,173.82532958610116,0.34530762844208585,1.4890626424340025,45.00623298057204,Images/20250429-0900.jpg
2025-04-29,10:00,123.4683495145631,152.23867143587123,179.72636688809402,0.3326605766433096,1.4556472661947102,48.690168740910295,Images/20250429-1000.jpg
2025-04-29,17:00,97.61886050076647,119.87368932038835,143.358942258559,0.3410572770275182,1.468557818177724,45.686863579446666,Images/20250429-1700.jpg
2025-04-29,18:00,95.75929483903934,120.27375063873275,145.72776188042923,0.3668702667452378,1.5218132151408181,47.280619475883555,Images/20250429-1800.jpg
2025-04-29,19:00,94.88805825242719,122.65795094532447,149.43658661216148,0.3880777335245216,1.5748724106014316,49.23827142957697,Images/20250429-1900.jpg
2025-04-29,20:00,104.41481349003577,130.831216147164,152.3799540112417,0.3481248582725938,1.4593710169909195,54.44869573457635,Images/20250429-2000.jpg
2025-04-29,21:00,72.83400613183444,102.04416453755749,126.18070005109863,0.44512537766856575,1.7324420970372136,34.709791602424836,Images/20250429-2100.jpg
2025-04-29,22:00,73.30234542667348,93.02754215636178,114.94574348492591,0.4066917976019367,1.5681045571973546,36.33932955998533,Images/20250429-2200.jpg
2025-04-29,23:00,76.047726111395,94.42380173735309,116.72313745528871,0.3898961162731209,1.5348668775374736,36.02701491499269,Images/20250429-2300.jpg
2025-04-30,04:00,82.5282881962187,95.2595912110373,114.51462442514052,0.32812260754885575,1.3875802532737755,34.70526530086182,Images/20250430-0400.jpg
2025-04-30,05:00,81.68019928461932,98.99980071538069,121.39663260091977,0.35561553736037765,1.4862430818963015,34.08861248634068,Images/20250430-0500.jpg
2025-04-30,06:00,106.01915687276444,134.1609248850281,161.8664230965764,0.366088029260755,1.5267657878478462,41.663575901440446,Images/20250430-0600.jpg
2025-04-30,07:00,111.47148185998978,137.819545222279,159.61279509453246,0.355996378670885,1.431871102809398,46.16303347169724,Images/20250430-0700.jpg
2025-04-30,08:00,111.52364333163004,140.83650996423097,166.41327031170158,0.3623915981730119,1.4921792711225443,46.59282556435478,Images/20250430-0800.jpg
2025-04-30,09:00,116.62424629535002,145.37122125702606,172.50109862033725,0.34734770996636755,1.4791186448859088,48.64645139287124,Images/20250430-0900.jpg
2025-04-30,10:00,123.63532958610118,151.48747061829332,178.08702606029638,0.33146345036912706,1.4404218051269282,52.803467768963046,Images/20250430-1000.jpg
2025-04-30,11:00,128.65987736331118,156.60275421563617,182.93432294328053,0.3233666280861223,1.4218443641514147,54.83892116466705,Images/20250430-1100.jpg
2025-04-30,12:00,131.6206234031681,158.78075114971895,184.64263157894737,0.3127811932599944,1.4028396569018482,55.05936663259391,Images/20250430-1200.jpg
2025-04-30,13:00,127.81811957077159,155.07643331630047,181.1221512519162,0.31911011159956193,1.4170303118455785,55.70784280267009,Images/20250430-1300.jpg
2025-04-30,14:00,115.38767501277465,143.0238630556975,169.5891364333163,0.344374903891567,1.4697335304208827,54.19781451000922,Images/20250430-1400.jpg
2025-04-30,15:00,111.08020439448134,136.55484925907,161.88199284619316,0.33594275317900674,1.457343297766676,52.04806669686952,Images/20250430-1500.jpg
2025-04-30,16:00,98.13978538579458,122.02890648952479,146.6041543178334,0.3497061192319354,1.4938299716846937,47.27255750026713,Images/20250430-1600.jpg
2025-05-13,15:00,108.00548799182422,133.64208993357178,156.24385794583546,0.3442856116389709,1.4466288649242889,52.51752406671355,Images/20250513-1500.jpg
2025-05-13,16:00,102.62469596320899,126.86111394992335,149.91686254471128,0.34562326620026435,1.4608263603297806,48.05222823546693,Images/20250513-1600.jpg
2025-05-13,17:00,97.68318855390905,119.52420030659172,142.92914154317833,0.3442124357957863,1.4631907720857038,45.669117600577124,Images/20250513-1700.jpg
2025-05-13,18:00,95.2614563106796,117.92134389371488,141.87521716913642,0.35425142989962227,1.4893244463648472,44.06311034567226,Images/20250513-1800.jpg
2025-05-13,19:00,93.01070005109862,120.56995401124169,146.35323965252937,0.39808301295508336,1.5735096929559234,51.0457165143535,Images/20250513-1900.jpg
2025-05-13,20:00,97.3139703628002,132.93969851814,166.21526315789473,0.4642862819975747,1.7080308287719632,60.8856985714043,Images/20250513-2000.jpg
2025-05-13,21:00,92.38191108840061,112.31574859478793,132.14357179356156,0.3017109540989582,1.4304052471560977,29.963417577943527,Images/20250513-2100.jpg
2025-05-13,23:00,84.06939192641799,102.66435871231477,122.32629024016352,0.32887685741915407,1.4550633230720484,32.37605800875498,Images/20250513-2300.jpg
2025-05-14,04:00,82.09855901890649,100.65110373019928,121.59071027082268,0.3495412986775475,1.4810334096337567,33.45030261145674,Images/20250514-0400.jpg
2025-05-14,05:00,77.8451967296883,97.95256515074092,120.56393459376596,0.37766705401594164,1.5487652175078972,32.83941868145895,Images/20250514-0500.jpg
2025-05-14,06:00,113.7618037812979,141.8034082779765,167.20586612161472,0.3644418009973429,1.4697891479751108,56.00821266103513,Images/20250514-0600.jpg
2025-05-14,07:00,111.75566172713337,143.70261624936126,171.57640265712826,0.3859927112571322,1.5352815103074942,62.270265184035686,Images/20250514-0700.jpg
2025-05-14,08:00,119.76737353091467,146.16913132345428,169.70473684210526,0.3177987788104972,1.4169529682584854,46.772996797273485,Images/20250514-0800.jpg
2025-05-14,09:00,119.18601430761369,144.8048952478283,168.79851814001023,0.3207574498943297,1.4162611083552792,48.239004690896465,Images/20250514-0900.jpg
2025-05-14,10:00,117.65375063873276,145.866816555953,172.66244762391415,0.3403451448142003,1.4675473176077796,45.08213162064951,Images/20250514-1000.jpg
2025-05-14,11:00,108.77201839550332,139.95324987225345,169.377424629535,0.37257183956485784,1.557178266716423,40.22153804118767,Images/20250514-1100.jpg
2025-05-14,12:00,122.86960143076136,152.65652529381705,180.45194685743485,0.34042480898095173,1.4686459733531074,49.54301686435161,Images/20250514-1200.jpg
2025-05-14,13:00,124.90494123658661,151.76551865099643,176.34696474195198,0.32151441565598715,1.4118493758872033,53.29383745894921,Images/20250514-1300.jpg
2025-05-14,14:00,115.79408277976495,144.6508635666837,171.41603985692387,0.3495448084312159,1.4803523138794323,53.12330646355807,Images/20250514-1400.jpg
2025-05-14,15:00,108.08713847726112,136.77320899335717,163.10269289729177,0.36744116843005886,1.5089925932548578,55.824360765788114,Images/20250514-1500.jpg
2025-05-14,16:00,95.25800715380684,122.64871231476751,148.791211037302,0.39620953434347606,1.5619811281069262,48.21242455220894,Images/20250514-1600.jpg
2025-05-14,17:00,89.48672457843638,114.7590444557997,141.0124425140521,0.3891116137218307,1.57579173450092,43.78338644062075,Images/20250514-1700.jpg
2025-05-14,18:00,87.85466530403679,113.45545222278999,140.5408022483393,0.399692406068501,1.5996965006044497,43.45556367876773,Images/20250514-1800.jpg
2025-05-14,19:00,92.59066939192641,119.35812468063362,146.3640010219724,0.39470447640784834,1.5807640273304993,45.99261705506778,Images/20250514-1900.jpg
2025-05-14,20:00,100.70518140010219,128.52594276954522,153.77450178845172,0.37604603465383424,1.5269770445130109,48.75384304450644,Images/20250514-2000.jpg
2025-05-14,21:00,91.90967296882984,123.08850281042412,155.6792743995912,0.42765495268648024,1.693829035367791,44.67834342937867,Images/20250514-2100.jpg
2025-05-14,22:00,77.74100664282065,95.68691875319367,116.04094021461421,0.36724762076301226,1.4926606141736902,35.879437950161176,Images/20250514-2200.jpg
2025-05-14,23:00,80.64135411343894,98.09560040878897,120.29342871742463,0.3648239939194202,1.4917089196753548,35.26783078592374,Images/20250514-2300.jpg
2025-05-15,04:00,90.77655084312724,104.33631067961166,125.62190597853858,0.3126317221882546,1.3838585342570435,35.56792626160577,Images/20250515-0400.jpg
2025-05-15,05:00,81.36296371997956,102.51988247317323,123.64476750127747,0.35841798781565787,1.5196689049718852,32.72053143882315,Images/20250515-0500.jpg
2025-05-15,06:00,110.17544200306591,136.39776699029127,163.9335615738375,0.3648843960863904,1.487931948404107,49.581834720000444,Images/20250515-0600.jpg
2025-05-15,07:00,104.72649463464487,134.5410015329586,158.4330148185999,0.3952073985673193,1.5128264710710728,45.896178824090256,Images/20250515-0700.jpg
2025-05-15,08:00,103.89141543178334,134.81261624936127,162.83820643842617,0.39936998299115556,1.5673884525902886,45.7689133186131,Images/20250515-0800.jpg
2025-05-15,09:00,112.14038323965254,142.0116811446091,169.85491568727645,0.36625459901575047,1.5146632218085108,47.79422510597394,Images/20250515-0900.jpg
2025-05-15,10:00,118.05785385794583,146.44192130812468,173.2388962698007,0.34264737673931045,1.4674067767727268,51.91831647183065,Images/20250515-1000.jpg
2025-05-15,11:00,125.42243740419009,153.32474706182933,179.77500766479304,0.3285694222127171,1.4333560242661265,56.37862263507834,Images/20250515-1100.jpg
2025-05-15,12:00,127.81377107818089,154.8968318855391,180.03942769545222,0.31622779430981385,1.4086074197491492,58.009894681584264,Images/20250515-1200.jpg
2025-05-15,13:00,125.30843127235565,151.67753704649974,176.18583035258047,0.3160210957575626,1.4060173538014082,58.84919711815696,Images/20250515-1300.jpg
2025-05-15,14:00,115.61343382728667,142.70204394481348,168.33178334184976,0.33494903265430614,1.4559880829880913,56.264429428336385,Images/20250515-1400.jpg
2025-05-18,14:00,113.4665304036791,141.94997956055187,166.81360756259582,0.34636369855649085,1.4701569308497164,58.716997719607505,Images/20250518-1400.jpg
2025-05-18,15:00,101.90631067961165,131.09119059785385,158.82926928972918,0.37699170341026006,1.558581275996726,54.063294033363526,Images/20250518-1500.jpg
2025-05-18,16:00,102.29035258048033,127.96914665304037,151.85120081757793,0.34883419828887086,1.4845114470946077,51.3310055713563,Images/20250518-1600.jpg
2025-05-18,17:00,98.5543178334185,125.63753704649974,150.9852120592744,0.3725577855977446,1.5319999554202923,49.329601153073604,Images/20250518-1700.jpg
2025-05-18,18:00,99.26071538068472,126.17216147164027,151.908937148697,0.37334695370188087,1.5304033930814664,48.08544711538641,Images/20250518-1800.jpg
2025-05-18,19:00,105.91828308635667,131.85588145120082,155.79310679611652,0.35687725528653785,1.4708801992023985,51.41426991779373,Images/20250518-1900.jpg
2025-05-18,20:00,106.3490291262136,134.06276954522227,158.3314716402657,0.36783457220229654,1.4887909316367065,50.798112129002035,Images/20250518-2000.jpg
2025-05-18,21:00,99.42014307613694,129.57638732754216,160.3082422074604,0.4166614040248242,1.6124322057378508,42.465199582437045,Images/20250518-2100.jpg
2025-05-18,22:00,69.35981093510475,89.7760449667859,113.13135922330098,0.42885578997310336,1.6310793825270213,33.63316519239001,Images/20250518-2200.jpg
2025-05-18,23:00,70.98237097598364,88.48429739397037,109.886969851814,0.40769461740428514,1.5480881631990748,36.425045389380855,Images/20250518-2300.jpg
2025-05-19,04:00,76.96444557996934,93.2426060296372,112.45067450178846,0.36234568084206054,1.4610729953725767,34.98673098897667,Images/20250519-0400.jpg
2025-05-19,05:00,77.75826264690853,102.61843127235565,126.38120592743996,0.3999563834711505,1.6253090025430956,32.39346404921584,Images/20250519-0500.jpg
2025-05-19,06:00,113.2778947368421,137.80200817577926,162.63854879918242,0.35494495527209186,1.4357483226649173,50.48892584949717,Images/20250519-0600.jpg
2025-05-19,07:00,94.2627133367399,125.8168472151252,154.49272355646397,0.4310333530403286,1.6389589950121857,42.45263150887842,Images/20250519-0700.jpg
2025-05-19,08:00,111.60668880940214,137.3712570260603,161.54238119570772,0.35289244249774343,1.4474256110595516,47.249865208130416,Images/20250519-0800.jpg
2025-05-19,09:00,112.43903934593766,140.15509964230966,166.38762902401635,0.35373720506421097,1.479802998247733,48.77346530107067,Images/20250519-0900.jpg
2025-05-19,10:00,120.84098109351048,149.42752682677568,175.8308635666837,0.3436706179691625,1.4550598689327132,54.36335336125197,Images/20250519-1000.jpg
2025-05-19,11:00,120.06744506898313,149.4532856412877,176.71214103219214,0.34803798942461805,1.4717739638658138,55.52015573980306,Images/20250519-1100.jpg
2025-05-19,12:00,119.25608584568216,147.82505365355135,172.02144098109352,0.3483214750514235,1.4424541801685136,61.96352337903788,Images/20250519-1200.jpg
2025-05-19,13:00,118.26796627491058,147.0009708737864,172.0392130812468,0.3507528485522778,1.4546560412368166,60.30644720053799,Images/20250519-1300.jpg
2025-05-20,17:00,123.20782830863567,154.29405723045477,183.48810424118548,0.3475274280218122,1.4892568538120066,50.89469759438348,Images/20250520-1700.jpg
2025-05-20,18:00,130.80061318344406,157.37868676545733,182.85588656106285,0.3061489376265146,1.3979742197893106,52.23629509271468,Images/20250520-1800.jpg
2025-05-20,19:00,97.9151814001022,127.24952989269289,157.31635666836996,0.3796287853618722,1.6066594864271608,20.889443687677478,Images/20250520-1900.jpg
2025-05-20,20:00,154.7095605518651,177.89923863055697,199.65204905467553,0.26679152092804215,1.2904958623888532,64.42888825746918,Images/20250520-2000.jpg
2025-05-20,21:00,120.66770056208482,149.18419008686766,174.5213336739908,0.345482745827971,1.4462969909491292,59.67025090216413,Images/20250520-2100.jpg
2025-05-20,22:00,78.77836995401124,99.78425140521206,121.88712825753704,0.36611975211769204,1.5472156479180252,33.41940474043287,Images/20250520-2200.jpg
2025-05-20,23:00,81.2114103219213,99.49741440981093,120.17022994379151,0.34275527646839543,1.47972098979339,33.38654263073493,Images/20250520-2300.jpg
2025-05-21,04:00,84.67220235053654,102.33545733265201,121.47028615227389,0.32543820608109375,1.434594605379478,34.208700980032624,Images/20250521-0400.jpg
2025-05-21,05:00,90.17263157894737,105.40205416453756,129.14349003576905,0.3368830918309165,1.4321805446092766,30.779008010316133,Images/20250521-0500.jpg
2025-05-21,06:00,114.50538068472152,146.46454266734798,178.28376085845682,0.38276538852953096,1.5569902325581721,44.214627402324645,Images/20250521-0600.jpg
2025-05-21,07:00,123.15062340316811,146.7185590189065,167.5584670413899,0.28457377805424294,1.3605977870874633,44.16757871677314,Images/20250521-0700.jpg
2025-05-21,08:00,115.86417986714359,140.52056208482372,163.32672968829843,0.31130822781253753,1.4096395319583546,42.99674514059226,Images/20250521-0800.jpg
2025-05-21,09:00,115.88791517629024,144.8996371997956,172.54884517118037,0.3520327100609415,1.4889287068437471,47.490484172592886,Images/20250521-0900.jpg
2025-05-21,10:00,119.77053653551354,148.37455799693407,175.23288707204907,0.32920486567520213,1.4630717259667487,42.82657344209281,Images/20250521-1000.jpg
2025-05-21,11:00,119.46818599897803,149.90975472662237,178.71251405212058,0.3446760251719928,1.495900444640123,44.73387610228614,Images/20250521-1100.jpg
2025-05-21,12:00,126.02157894736843,151.67349003576902,175.7268778742974,0.307767935720963,1.3944189395791409,52.46738017439315,Images/20250521-1200.jpg
2025-05-21,13:00,125.82569238630558,150.87119059785385,174.28749105774145,0.3065190825002785,1.3851502532368345,55.18610879864,Images/20250521-1300.jpg
2025-05-21,14:00,114.37888605007664,141.8778487480838,167.6959989780276,0.3461815151897558,1.4661446994549614,55.09004201923575,Images/20250521-1400.jpg
2025-05-21,15:00,106.3639703628002,132.33068983137454,156.15482370975982,0.3477137157454372,1.468117650262667,50.68102720090432,Images/20250521-1500.jpg
2025-05-27,17:00,93.52649463464486,124.84554420030659,155.66921819110885,0.4183587805410186,1.6644397626018244,50.66314355702979,Images/20250527-1700.jpg
2025-05-27,18:00,92.07283597342872,121.5077874297394,151.0495605518651,0.41338004442859405,1.6405442203921279,48.5670726675517,Images/20250527-1800.jpg
2025-05-27,19:00,99.0600306591722,131.1131374552887,160.40575370464998,0.4021181219968062,1.619278239851013,53.00892492443632,Images/20250527-1900.jpg
2025-05-27,20:00,102.82222278998466,132.57279509453244,158.87295861011754,0.38507891304675207,1.5451227638746368,49.405251451736454,Images/20250527-2000.jpg
2025-05-27,21:00,100.37996423096577,129.4962851303015,159.3286509964231,0.3955980988200473,1.5872554909719427,49.29813810536372,Images/20250527-2100.jpg
2025-05-27,22:00,74.26794072560041,97.17760347470619,118.08838528359735,0.4087317805646722,1.5900317490943994,35.966701543062186,Images/20250527-2200.jpg
2025-05-27,23:00,77.09885539090445,97.49356668369954,118.08809913132346,0.386522689448171,1.5316452754188274,35.9254162163324,Images/20250527-2300.jpg
2025-05-28,04:00,86.01868676545733,102.63823709759836,120.4508329075115,0.30999929182289293,1.4002867985610115,33.065493812554614,Images/20250528-0400.jpg
2025-05-28,05:00,83.78154828819622,109.70233009708738,134.8131374552887,0.3888336801340557,1.6091029421233467,29.322774125495634,Images/20250528-0500.jpg
2025-05-28,06:00,102.38808891159938,134.51035769034237,168.307424629535,0.41040691040456917,1.6438183852716617,37.89062418084645,Images/20250528-0600.jpg
2025-05-28,07:00,95.96886050076648,127.93270311701583,158.08575881451202,0.42920508345760633,1.6472609588397527,37.11902324934151,Images/20250528-0700.jpg
2025-05-28,08:00,105.11536535513541,137.60666326009198,168.93796627491056,0.3892293636659164,1.607167173866365,37.85415373928061,Images/20250528-0800.jpg
2025-05-28,09:00,113.83633111905978,144.6244711292795,173.99046499744506,0.36555100347555985,1.5284264852759921,43.96322438857982,Images/20250528-0900.jpg
2025-05-28,10:00,114.09892181911088,144.24672968829842,173.59574348492592,0.36425859826421575,1.5214494510183902,46.95400928141915,Images/20250528-1000.jpg
2025-05-28,11:00,112.6600613183444,141.47072049054677,168.24257026060297,0.3557468488038601,1.4933647896021809,48.1999102418035,Images/20250528-1100.jpg
2025-05-28,12:00,118.39379662749106,147.72720490546754,174.802427184466,0.34663078903722533,1.4764491948679317,50.48734853624922,Images/20250528-1200.jpg
2025-05-28,13:00,112.42444047010731,141.67556974961676,168.21079202861523,0.35586492300194483,1.4962119431417502,48.300258412120264,Images/20250528-1300.jpg
2025-05-28,14:00,114.40322943280532,144.03475217169137,170.9692743995912,0.35754684074574705,1.4944444641360886,51.209839296513096,Images/20250528-1400.jpg
2025-05-28,15:00,107.6678180889116,134.65971384772612,159.81661727133368,0.35338020631376726,1.4843489784014092,49.65936785017472,Images/20250528-1500.jpg
2025-05-28,16:00,98.76587123147675,125.60760347470618,151.52154317833418,0.36782145833927554,1.5341487879863442,44.72506196718152,Images/20250528-1600.jpg
2025-06-08,17:00,91.43659172202351,118.5740010219724,145.26671946857434,0.38961729335689593,1.5887153615861416,41.96089504296324,Images/20250608-1700.jpg
2025-06-08,18:00,90.24702606029638,118.69395503321411,147.15451200817577,0.4030030268627741,1.6305746216975994,40.29327762802703,Images/20250608-1800.jpg
2025-06-08,19:00,93.6240010219724,123.22600408788962,152.0632089933572,0.399615156085302,1.6241904395164588,40.65319999256043,Images/20250608-1900.jpg
2025-06-08,20:00,99.3358048032703,129.5583188553909,157.95346448645887,0.3920421093605394,1.5900959700198936,43.872490804495776,Images/20250608-2000.jpg
2025-06-08,21:00,101.2199846704139,133.63755748594787,166.04082268778743,0.40989548534623826,1.6403956351904558,45.260838894465195,Images/20250608-2100.jpg
2025-06-08,22:00,82.83644864588656,103.8439243740419,120.35109862033725,0.3290407205922535,1.4528761087035986,31.76895034944757,Images/20250608-2200.jpg
2025-06-08,23:00,83.05148696985181,102.77798160449667,124.17118037812979,0.349135238065253,1.4951108452530637,33.41968057346481,Images/20250608-2300.jpg
2025-06-09,04:00,85.0608942258559,100.71668369954011,117.99936126724579,0.2992823976554316,1.38723394520985,31.614759793585268,Images/20250609-0400.jpg
2025-06-09,05:00,88.89795605518651,113.10406234031682,136.36517629024016,0.35824075491165946,1.5339517443082153,29.24380815368476,Images/20250609-0500.jpg
2025-06-09,06:00,111.68104752171692,141.10824731732242,170.52321921308123,0.35581170078880914,1.526876954239216,40.95661682134747,Images/20250609-0600.jpg
2025-06-09,07:00,115.30017373530914,142.62093510475216,166.14198773633112,0.32196210849870194,1.4409517428550118,40.08134770886031,Images/20250609-0700.jpg
2025-06-09,08:00,115.17429228410833,143.14898824731733,168.2769391926418,0.32957045465993834,1.461063353586564,39.17041857813207,Images/20250609-0800.jpg
2025-06-09,09:00,118.13185998978028,147.34261624936127,173.38572815533982,0.33053810784990917,1.467730438703066,40.77561243152403,Images/20250609-0900.jpg
2025-06-09,10:00,118.76496678589677,147.96584057230456,174.9320439448135,0.3312722798843501,1.472926294731724,42.69893022593962,Images/20250609-1000.jpg
2025-06-09,11:00,123.52888605007665,151.8871538068472,178.04709759836484,0.31931738744570715,1.441339769589176,45.48631672722984,Images/20250609-1100.jpg
2025-06-09,12:00,125.63829330608074,154.3123658661216,180.4784261624936,0.3219583116778225,1.4364921711115484,48.40236920559629,Images/20250609-1200.jpg
2025-06-09,13:00,119.01857945835462,147.43243229432807,173.07974961676035,0.33160895826004405,1.454224617284207,48.76800351827686,Images/20250609-1300.jpg
2025-06-09,14:00,111.24129279509454,139.25303014818599,163.35896269800716,0.3480369970177916,1.4685100930137769,52.26016145058233,Images/20250609-1400.jpg
2025-06-09,15:00,107.22892181911088,134.87778231987735,159.24408277976494,0.3465846724513675,1.4850851672584708,48.799484181766985,Images/20250609-1500.jpg
2025-06-09,16:00,100.6191977516607,128.3550178845171,154.52634644864588,0.368477980733654,1.5357540943059382,45.117942092402274,Images/20250609-1600.jpg
2025-06-11,17:00,90.13919264179867,118.36895758814512,146.14973939703629,0.3976295263928207,1.6213783759572575,38.512625330751106,Images/20250611-1700.jpg
2025-06-11,18:00,89.5236228921819,118.30911599386816,146.78013285641288,0.40334942673500496,1.639568713540775,38.46370690488748,Images/20250611-1800.jpg
2025-06-11,19:00,92.453331630046,121.8678487480838,150.3907102708227,0.396518024813204,1.6266661892288337,39.63622028971123,Images/20250611-1900.jpg
2025-06-11,20:00,99.07119570771589,129.4794839039346,157.77997445068982,0.3880521478175815,1.592591789480237,42.86483709507274,Images/20250611-2000.jpg
2025-06-11,21:00,103.35330608073582,135.09191108840062,167.54297904956567,0.4046027866110805,1.6210703245198264,45.18005309803073,Images/20250611-2100.jpg
2025-06-11,22:00,81.85056208482371,103.8178027593255,120.65285641287686,0.3369573089797277,1.4740626315281595,32.1487415808369,Images/20250611-2200.jpg
2025-06-11,23:00,87.43048032703118,107.0882881962187,128.56167603474705,0.3365247052119239,1.4704445644519082,36.04333343754468,Images/20250611-2300.jpg
2025-06-12,04:00,84.4187123147675,100.87408788962698,115.4212570260603,0.2897216373079446,1.3672472902506259,30.750861072892384,Images/20250612-0400.jpg
2025-06-12,05:00,90.77702095043433,114.42764435360245,138.12719979560552,0.35392815161806845,1.521609729288378,29.69377469915917,Images/20250612-0500.jpg
2025-06-12,06:00,110.88739908022484,141.23752682677568,170.85921819110885,0.3642814950455293,1.540835280360939,42.25431101567078,Images/20250612-0600.jpg
2025-06-12,07:00,113.24399080224833,141.34967807869188,167.3947419519673,0.3416914490802238,1.4781776877335744,41.5742961249933,Images/20250612-0700.jpg
2025-06-12,08:00,112.22419519672968,141.79765457332653,168.11029126213592,0.3487836427345269,1.4979861470109137,40.7116729158446,Images/20250612-0800.jpg
2025-06-12,09:00,117.77114460909556,147.0841389882473,173.81206949412365,0.3343849187595036,1.4758459603597505,41.5301590692131,Images/20250612-0900.jpg
2025-06-12,10:00,120.76419008686766,149.8570771589167,177.44156361778232,0.3327294154669325,1.4693226694173416,43.94661165287791,Images/20250612-1000.jpg
2025-06-12,11:00,124.58553909044456,153.72205927439958,180.90135922330097,0.3233578207021224,1.4520253240622722,44.76970245526515,Images/20250612-1100.jpg
2025-06-12,12:00,127.15452222789985,156.4394992335207,183.28946346448646,0.32251719677392077,1.4414702584820802,46.38356457083434,Images/20250612-1200.jpg
2025-06-12,13:00,123.03721001532959,151.69305058763413,178.08814512008175,0.3283721577119686,1.4474332086241226,47.13607551307858,Images/20250612-1300.jpg
2025-06-12,14:00,114.8396371997956,143.848937148697,170.13763413387838,0.3438749583174477,1.48152359935057,45.28619472132619,Images/20250612-1400.jpg
2025-06-12,15:00,106.63361267245784,135.83153806847216,162.2346806336229,0.3636662364645862,1.5214215766142243,44.52465123043106,Images/20250612-1500.jpg
2025-06-18,16:00,102.6742718446602,129.75579458354625,155.83805825242717,0.36258428686204436,1.5177907175266825,48.02157996894487,Images/20250618-1600.jpg
2025-06-18,17:00,96.03161982626469,121.94153806847216,147.44469085334697,0.3690759800459643,1.5353764685498341,44.777569214257184,Images/20250618-1700.jpg
2025-06-18,18:00,98.80135922330098,126.3338477261114,152.2096678589678,0.37784176054946045,1.540562473178089,48.31289360250528,Images/20250618-1800.jpg
2025-06-18,19:00,94.82593254982116,123.53144609095554,150.85291262135922,0.3964562013541975,1.5908402582939163,46.632844884660315,Images/20250618-1900.jpg
2025-06-18,20:00,103.08286663260093,131.4875574859479,155.78226877874297,0.37443662110334586,1.511233363568898,51.36832472785666,Images/20250618-2000.jpg
2025-06-18,21:00,109.21397036280021,135.4057741440981,158.8133469596321,0.349563771356276,1.4541486311496417,54.29667729550523,Images/20250618-2100.jpg
2025-06-18,22:00,75.35931527848749,102.41857945835463,124.24638732754215,0.40830365135808394,1.6487196734693605,32.03943239671832,Images/20250618-2200.jpg
2025-06-18,23:00,75.18861011752682,95.59661727133367,114.3956668369954,0.3848046322267185,1.5214493942198812,35.52439296326955,Images/20250618-2300.jpg
2025-06-19,04:00,81.39844149207971,99.28814001021972,117.28585079202861,0.3385342188551954,1.4408856877506082,35.32650917887169,Images/20250619-0400.jpg
2025-06-19,05:00,90.89510986203372,116.59577925396015,138.48854368932038,0.3610493959459443,1.5236082818527714,33.94638675620369,Images/20250619-0500.jpg
2025-06-19,06:00,114.84997445068983,138.13538068472153,160.45556974961676,0.32971226710124835,1.3970884113815716,49.31323879418984,Images/20250619-0600.jpg
2025-06-19,07:00,103.01321410321921,132.8844864588656,157.14520183955034,0.3884733099873632,1.5254858484136322,43.7951851473315,Images/20250619-0700.jpg
2025-06-19,08:00,104.32150740929995,135.3022125702606,163.1666019417476,0.3907571000028645,1.56407441216793,43.437618563287074,Images/20250619-0800.jpg
2025-06-19,09:00,111.37399080224834,142.19071027082268,171.2211803781298,0.3676246288485199,1.5373533587818597,43.38744999949814,Images/20250619-0900.jpg
2025-06-19,10:00,118.97850792028615,148.76718446601942,177.84094532447625,0.34862281064316375,1.4947316699323159,46.75622731875722,Images/20250619-1000.jpg
2025-06-19,11:00,123.6797138477261,153.15528359734287,180.72335717935616,0.3338799346313578,1.4612206811914301,48.65295532874847,Images/20250619-1100.jpg
2025-06-19,12:00,125.93563106796117,154.92823198773632,182.32774655084313,0.33158115747279343,1.4477852181855089,52.40840555283205,Images/20250619-1200.jpg
2025-06-19,13:00,120.53602963719979,148.32666326009198,175.5390137966275,0.3382518774587795,1.4563198478385326,53.147240789714104,Images/20250619-1300.jpg
2025-06-19,14:00,115.06585079202861,142.51977005620847,168.84178334184978,0.3453952725383978,1.4673491805980494,53.339001219179494,Images/20250619-1400.jpg
2025-06-19,15:00,110.46950434338272,137.92173224322943,164.97307102708226,0.3545635645748026,1.4933810965685144,52.01019398182288,Images/20250619-1500.jpg
2025-10-13,15:00,131.36685232498724,155.7429688298416,175.80603474706183,0.2890902480024233,1.3382830622587643,49.97566499955108,Images/20251013-1500.jpg
2025-10-13,16:00,118.03968318855391,149.91575370464997,173.90206438426162,0.37131979122459063,1.4732508442370484,57.45861190018043,Images/20251013-1600.jpg
2025-10-13,17:00,76.53330097087378,105.45796627491058,133.15221257026062,0.43620639873080697,1.7397944311998228,32.10777394836475,Images/20251013-1700.jpg
2025-10-13,18:00,80.38367910066428,118.97130812468063,153.4138323965253,0.49594585165616756,1.908519642350357,36.54318403792204,Images/20251013-1800.jpg
2025-10-13,19:00,80.01008175779253,115.34113949923352,147.07878385283598,0.46490798674177586,1.8382531148989636,34.6338534403498,Images/20251013-1900.jpg
2025-10-13,20:00,86.53636177823199,105.72981093510475,130.57152784874808,0.3480596124010303,1.508863137492451,34.41059584441396,Images/20251013-2000.jpg
2025-10-13,21:00,88.11555442003066,105.02427695452222,131.7408482370976,0.3409981862763282,1.4950918439895564,33.357720960698515,Images/20251013-2100.jpg
2025-10-13,22:00,87.28064895247829,106.04963719979561,134.31217680122637,0.3553089286631159,1.5388539942628217,31.14779762248545,Images/20251013-2200.jpg
2025-10-13,23:00,87.60681144609096,106.49904445579969,137.80596320899335,0.36621687076950477,1.5730051049830462,29.77786725251559,Images/20251013-2300.jpg
2025-10-14,04:00,87.64553909044456,104.81730710270823,127.01085845682167,0.3162027587535759,1.449142287511203,25.644150609897586,Images/20251014-0400.jpg
2025-10-14,05:00,88.5682728666326,103.45964741951967,125.95687787429739,0.3047813555427278,1.422144435872885,25.629315483830613,Images/20251014-0500.jpg
2025-10-14,06:00,89.2195145631068,105.95514563106796,129.22508431272357,0.31657922710369213,1.4483948214370208,27.215164631781096,Images/20251014-0600.jpg
2025-10-14,07:00,90.08992335206949,110.30996423096576,137.24440470107308,0.3456775393181549,1.5234156947976212,26.787835179326777,Images/20251014-0700.jpg
2025-10-14,08:00,108.39283597342872,142.1914409810935,175.97031681144608,0.38863715026242746,1.6234496828843332,31.21932021254946,Images/20251014-0800.jpg
2025-10-14,09:00,100.81736842105263,132.7814103219213,163.58241185487992,0.3883143815379097,1.6225617946020394,31.803246758450925,Images/20251014-0900.jpg
2025-10-14,10:00,117.82332652018395,150.0806642820644,178.61152273888604,0.35164366427160054,1.5159266547474535,42.04229876611881,Images/20251014-1000.jpg
2025-10-14,11:00,135.32548799182422,161.38538068472153,181.8899386816556,0.29197170218134255,1.3440922330060423,59.47682687331911,Images/20251014-1100.jpg
2025-10-14,12:00,128.23227388860502,154.84727644353603,176.32598364844148,0.30619775172922314,1.375051513369901,55.29178681205719,Images/20251014-1200.jpg
2025-10-14,13:00,122.05345937659683,150.0053346959632,171.94113949923351,0.3269173969506034,1.40873629447873,55.77952029098214,Images/20251014-1300.jpg
2025-10-14,14:00,128.67282575370464,154.19138477261114,175.02499233520695,0.3033346828346073,1.360232744946421,56.53704123908881,Images/20251014-1400.jpg
2025-10-15,19:00,76.11402657128258,107.49207971384773,135.29011241696475,0.46610367454122686,1.7774662139677522,41.267646995962124,Images/20251015-1900.jpg
2025-10-15,20:00,81.5913030148186,102.50791006642821,121.63084312723556,0.35756439024589404,1.490732923022593,37.34936040791697,Images/20251015-2000.jpg
2025-10-15,21:00,78.36264690853346,100.31976494634645,119.96530403679101,0.376579025380257,1.5308990601851158,35.60120968688554,Images/20251015-2100.jpg
2025-10-15,22:00,79.77035258048032,101.34309146653041,124.71864588656106,0.38139686183127697,1.5634711429570436,34.84498478343121,Images/20251015-2200.jpg
2025-10-15,23:00,80.13219213081247,101.1764537557486,124.4404701073071,0.37737151617025816,1.5529397767032687,34.14599417893184,Images/20251015-2300.jpg
2025-10-16,04:00,80.52921308124681,93.89008175779254,114.8083495145631,0.3434820250635837,1.4256732891833728,33.98656036409707,Images/20251016-0400.jpg
2025-10-16,05:00,77.71611139499234,96.93410321921309,117.85823198773633,0.36794968990053006,1.5165224862088003,32.47017552037305,Images/20251016-0500.jpg
2025-10-16,06:00,76.20211037301993,96.31404190086867,117.9313030148186,0.3814817652948762,1.5476120134982674,32.93097039149168,Images/20251016-0600.jpg
2025-10-16,07:00,79.058788962698,105.63952478283086,134.3803781297905,0.42320095945753383,1.6997525283803947,33.29908475729803,Images/20251016-0700.jpg
2025-10-16,08:00,127.37071027082268,145.2822278998467,163.38209504343382,0.2829088739596764,1.2827289210628787,53.42895677250023,Images/20251016-0800.jpg
2025-10-16,09:00,121.93030148185998,148.5331527848748,170.55309657639245,0.3126071944003823,1.39877530937616,54.07934390426408,Images/20251016-0900.jpg
2025-10-16,10:00,144.66714869698518,170.14543178334185,189.24333673990802,0.2816728756703553,1.3081292963626545,69.17691481354414,Images/20251016-1000.jpg
2025-10-16,11:00,127.93961165048543,152.3659274399591,171.3334542667348,0.2919876276641089,1.339174402026648,56.13423898252792,Images/20251016-1100.jpg
2025-10-16,12:00,115.21759325498212,145.0025038323965,171.90118548799182,0.34673701100444393,1.4919699252491436,46.79568708959016,Images/20251016-1200.jpg
2025-10-16,13:00,116.81721512519162,148.15422074603987,175.7870158405723,0.36821297489998756,1.504804014950874,56.19417583333261,Images/20251016-1300.jpg
2025-10-16,14:00,138.26215636177824,165.79498722534493,190.24823198773632,0.32322778839937055,1.3759964086914307,67.84332234525404,Images/20251016-1400.jpg
2025-10-16,15:00,125.96400613183444,154.22859478794072,178.13473173224324,0.3379264764575373,1.4141716811676746,63.84481949835224,Images/20251016-1500.jpg
2025-10-16,16:00,102.76954011241696,127.90343382728666,148.38222278998467,0.35008211581460646,1.4438346341127783,55.01873822195164,Images/20251016-1600.jpg
2025-10-16,17:00,77.84746039856924,99.15091466530404,119.33064384261625,0.3781122073679756,1.532877780453987,42.407436030388034,Images/20251016-1700.jpg
2025-10-16,18:00,79.70867654573327,109.93466530403678,144.09495656617273,0.4860293806273649,1.8077700070170841,46.91514777388205,Images/20251016-1800.jpg
2025-10-19,16:00,97.7908329075115,123.11330097087378,143.8274552887072,0.35307618000337654,1.470766221553404,48.88383065624616,Images/20251019-1600.jpg
2025-10-19,17:00,104.50068472151251,133.1282881962187,158.52397547266224,0.36999622997073844,1.5169658876221948,48.34618014473734,Images/20251019-1700.jpg
2025-10-19,18:00,96.44884006131835,128.73301481859988,157.9879100664282,0.409840274142435,1.6380488176730477,44.14774475940807,Images/20251019-1800.jpg
2025-10-19,19:00,80.91502299437916,107.17862033725089,130.597572815534,0.3943826715368361,1.614008948753523,34.67014949733203,Images/20251019-1900.jpg
2025-10-19,20:00,78.89072049054676,98.56694941236587,120.8378334184977,0.3666284280747184,1.531711602269696,33.26436746540361,Images/20251019-2000.jpg
2025-10-19,21:00,82.88514052120593,100.87583035258048,125.22942258559019,0.35747257205887845,1.510879034374944,33.229183040532206,Images/20251019-2100.jpg
2025-10-19,22:00,80.46578947368421,101.24448134900358,126.62865099642309,0.376785738727621,1.5736954829001044,32.41341918959116,Images/20251019-2200.jpg
2025-10-19,23:00,80.28719979560552,100.70851814001021,125.29700562084824,0.3703737793881265,1.5606099649660015,30.037977088770507,Images/20251019-2300.jpg
2025-10-20,04:00,86.31369954011242,105.94232498722535,129.01226877874296,0.3408993939061679,1.494690506506407,30.27531231881509,Images/20251020-0400.jpg
2025-10-20,05:00,86.7240623403168,106.26637199795606,129.35307102708228,0.33960043807121804,1.4915476287069664,30.952112691616996,Images/20251020-0500.jpg
2025-10-20,06:00,90.48633622892181,105.21858967807869,127.45910066428206,0.30729230945794517,1.408600508846133,31.736207149448465,Images/20251020-0600.jpg
2025-10-20,07:00,87.54334695963209,107.08243740419009,129.84313234542668,0.33618098021119636,1.4831867340200404,31.97357763338686,Images/20251020-0700.jpg
2025-10-20,08:00,115.0795912110373,144.85228921819112,174.86017373530916,0.3580035554968455,1.5194716141732931,44.34007400089867,Images/20251020-0800.jpg
2025-10-20,09:00,115.50493101686254,145.32193152784876,173.03620848237097,0.3451728695437996,1.4980850207946916,41.33138285650693,Images/20251020-0900.jpg
2025-10-20,10:00,110.47635666836996,141.17044455799694,170.7524118548799,0.3605209052179624,1.5456013889184124,35.174824709596336,Images/20251020-1000.jpg
2025-10-20,11:00,113.87206949412366,143.94507409299948,171.9155288707205,0.3458863212782148,1.5097251514329157,38.26811500095902,Images/20251020-1100.jpg
2025-10-20,12:00,113.57881451200818,144.58225344915687,173.418334184977,0.3537048033639504,1.5268545758574341,37.52812827366059,Images/20251020-1200.jpg
2025-10-20,13:00,112.97466530403679,142.99570260602962,170.04031170158405,0.3434531594994621,1.5051189551113389,34.22380680602874,Images/20251020-1300.jpg
2025-10-20,14:00,115.16137455288707,145.834241185488,174.13491057741442,0.34324952096795575,1.5120947430629132,30.743653114088502,Images/20251020-1400.jpg
2025-10-20,15:00,100.89337250894226,131.51209504343382,160.86110884006132,0.3758340854748571,1.5943674321267896,27.671203277362444,Images/20251020-1500.jpg
2026-03-01,04:00,86.92731732243229,103.46719468574348,122.42210526315789,0.2900216703749843,1.408327182130107,19.237125471357352,Images/20260301-0400.jpg
2026-03-01,05:00,86.5765457332652,103.94581502299438,123.10278487480838,0.2957339085648866,1.4218952998215248,14.599862337535772,Images/20260301-0500.jpg
2026-03-01,06:00,88.3017271333674,103.31848748083802,121.7608175779254,0.27355185385101805,1.3789177194134041,13.725782784113841,Images/20260301-0600.jpg
2026-03-01,07:00,97.63492079713848,127.31136944302504,157.80347470618293,0.3817188850861511,1.6162605735892328,17.681083686880374,Images/20260301-0700.jpg
2026-03-01,08:00,112.16365355135412,144.06316811446092,172.77582524271844,0.35287303255967417,1.5403904761645677,21.162996067664544,Images/20260301-0800.jpg
2026-03-01,09:00,109.87636177823198,141.50792539601431,170.27402146142055,0.35624339572395175,1.5496874592135133,16.778180515728177,Images/20260301-0900.jpg
2026-03-01,10:00,109.48807358201329,141.2661216147164,169.47977005620848,0.3558732672491643,1.5479290388768114,21.982301331122663,Images/20260301-1000.jpg
2026-03-01,11:00,113.12785896780787,143.6703628002044,170.07870720490547,0.3413742545940663,1.5034201765445203,34.43680268590597,Images/20260301-1100.jpg
2026-03-01,12:00,122.17587123147675,152.1560143076137,178.4802401635156,0.32596859690907065,1.460846866927731,41.22807201828255,Images/20260301-1200.jpg
2026-03-01,13:00,117.91768012263668,146.92833418497702,171.65709759836486,0.32581479640044914,1.4557367136471937,41.548927358233904,Images/20260301-1300.jpg
2026-03-01,14:00,120.21029126213593,150.3202401635156,173.4946090955544,0.3417447592751523,1.4432591904628627,56.5551407978651,Images/20260301-1400.jpg
2026-03-01,15:00,108.66019417475728,138.78523249872254,162.59161471640266,0.37436146643030044,1.4963309651239622,55.25416130689902,Images/20260301-1500.jpg
2026-03-01,16:00,71.67479305058764,98.26325498211548,121.91752171691364,0.42116914812404505,1.7009818211806091,27.956450575074523,Images/20260301-1600.jpg
2026-03-01,17:00,76.76610117526826,104.73450178845171,131.2964844149208,0.42110153030273645,1.7103445491494629,23.83393883047367,Images/20260301-1700.jpg
2026-03-01,18:00,100.23505365355136,133.56745017884518,166.4838170669392,0.403076033082577,1.6609340678504896,37.88039553456856,Images/20260301-1800.jpg
2026-03-01,19:00,82.7786050076648,103.16333163004599,124.81724578436382,0.3457587640986989,1.5078442583679956,32.8944736691838,Images/20260301-1900.jpg
2026-03-01,20:00,83.97060296371998,102.94287174246296,125.610756259581,0.3414092459537539,1.495889636733492,33.363879668416324,Images/20260301-2000.jpg
2026-03-01,21:00,88.33043433827287,108.84453755748595,141.98027593254983,0.38045441019627785,1.6073766124758464,35.01025799065034,Images/20260301-2100.jpg
2026-03-01,22:00,87.66614205416454,103.14202350536536,128.6595298926929,0.32211253460340067,1.4676079659761077,24.90875007346542,Images/20260301-2200.jpg
2026-03-01,23:00,90.43672968829841,107.66044455799694,131.5825907000511,0.31551795339630634,1.4549684591492706,23.81845651267563,Images/20260301-2300.jpg
2026-03-03,04:00,84.34196729688298,98.3256974961676,119.3176954522228,0.2997897667786374,1.4146894821356975,24.782217543977737,Images/20260303-0400.jpg
2026-03-03,05:00,84.49674501788452,100.43779764946346,121.10865610628512,0.3081778460453107,1.4332937280289038,24.743913773575482,Images/20260303-0500.jpg
2026-03-03,06:00,86.156668369954,102.55843127235565,123.83253449156872,0.31025411070497927,1.4372948188124097,25.39031379051134,Images/20260303-0600.jpg
2026-03-03,07:00,107.79126213592232,140.79875319366377,171.63532447623913,0.37646393161340524,1.5922934705738712,29.47546148205942,Images/20260303-0700.jpg
2026-03-03,08:00,117.44938170669391,145.0461522738886,168.68350536535513,0.31293670134858986,1.4362230049910785,31.377433828632988,Images/20260303-0800.jpg
2026-03-03,09:00,127.92661216147164,157.35336228921818,180.96433827286663,0.30923807081509114,1.4145949290821112,38.161163416495015,Images/20260303-0900.jpg
2026-03-03,10:00,131.23301992846194,161.9392590700051,185.60518650996423,0.3101195325854993,1.414317716660213,40.5041747707796,Images/20260303-1000.jpg
2026-03-03,11:00,133.1161369443025,160.8522841083291,182.41981093510475,0.2938224290818248,1.3703808850842079,45.76394344289924,Images/20260303-1100.jpg
2026-03-03,12:00,115.47763924374041,146.38006131834442,171.72472662238118,0.3464059443868672,1.487082055538364,40.375823802987334,Images/20260303-1200.jpg
2026-03-03,13:00,129.6919264179867,159.1993817066939,183.4011803781298,0.3102755793827746,1.4141294992636084,44.15587108806793,Images/20260303-1300.jpg
2026-03-03,14:00,99.58106285130302,130.13317833418498,156.26531425651507,0.3761245768654538,1.569227202571911,35.373772643926046,Images/20260303-1400.jpg
2026-03-03,15:00,117.77853346959633,147.14554931016863,169.94542667347983,0.3388649395972328,1.4429235975707442,51.34985358349128,Images/20260303-1500.jpg
2026-03-03,16:00,90.18494634644864,116.32602452733776,137.85978027593254,0.37408389957144506,1.5286340385201906,42.374540046057184,Images/20260303-1600.jpg
2026-03-03,17:00,80.47283086356668,109.26185487991825,137.07834951456312,0.43594166041440346,1.7034115283399645,37.902489003426794,Images/20260303-1700.jpg
2026-03-03,18:00,86.38644353602453,124.54397547266224,163.20315789473685,0.48545053844921543,1.889221842284278,37.92777685070037,Images/20260303-1800.jpg
2026-03-03,19:00,83.42400613183445,102.9672866632601,122.04121614716402,0.331950040007788,1.462902830288445,34.635004322646544,Images/20260303-1900.jpg
2026-03-03,20:00,81.5755442003066,101.5526520183955,123.64038834951457,0.35198382268141637,1.5156550660607768,33.37450798530497,Images/20260303-2000.jpg
2026-03-03,21:00,81.5916351558508,100.71829330608074,122.65362289218191,0.3449516270785644,1.5032622051835964,31.461690824872644,Images/20260303-2100.jpg
2026-03-03,22:00,85.09628002043945,104.02745017884517,127.0443331630046,0.33790484283585526,1.4929481246364875,29.839760556224476,Images/20260303-2200.jpg
2026-03-03,23:00,86.76598875830352,105.3073939703628,129.77352580480326,0.3377835000989675,1.4956727418923255,29.119225152459407,Images/20260303-2300.jpg
2026-03-04,04:00,83.8252120592744,99.7199693408278,120.57579458354624,0.3033948571190995,1.4384191841932428,16.917525431333093,Images/20260304-0400.jpg
2026-03-04,05:00,88.61391926417987,103.33206949412366,125.64497700562085,0.29583998726453853,1.4178920945043656,20.816029313479696,Images/20260304-0500.jpg
2026-03-04,06:00,89.65380173735309,102.7308635666837,124.04949412365866,0.2793017374073352,1.383650111162268,21.435269028604132,Images/20260304-0600.jpg
2026-03-04,07:00,110.89237097598365,142.7898007153807,173.39324476239142,0.3651896232255269,1.563617421764085,30.65639527105085,Images/20260304-0700.jpg
2026-03-04,08:00,109.90902401635155,141.65453244762392,172.6816044966786,0.3681743624715702,1.5711321656341521,29.952983840343702,Images/20260304-0800.jpg
2026-03-04,09:00,106.74202350536535,137.40671946857435,164.51614205416453,0.3550927094184814,1.541249969883185,27.33988981367849,Images/20260304-0900.jpg
2026-03-04,10:00,114.89914154317833,145.86450689831375,171.99058763413387,0.33762396540978623,1.4968831257335184,31.18396286497003,Images/20260304-1000.jpg
2026-03-04,11:00,110.30227899846705,140.64836995401123,167.03872253449157,0.3453205036417849,1.5143723460368457,31.4188870301171,Images/20260304-1100.jpg
2026-03-04,12:00,108.2426366888094,138.73069494123658,164.98521716913643,0.34823537438679103,1.5242165258708706,29.245682439931397,Images/20260304-1200.jpg
2026-03-04,13:00,117.8305314256515,148.66561573837507,174.53958099131324,0.3330050620038507,1.4812763500109272,33.932328012389526,Images/20260304-1300.jpg
2026-03-04,14:00,112.88730199284619,143.89006642820644,169.90473684210525,0.34334163659570804,1.5050827890969485,34.47262636509889,Images/20260304-1400.jpg
2026-03-04,15:00,96.23737353091467,123.51242207460399,145.02415431783342,0.35910127191921687,1.5069421316273213,39.1863943547333,Images/20260304-1500.jpg
2026-03-04,16:00,82.46260091977517,107.76935104752172,129.3408635666837,0.38972167145720327,1.5684790505702777,37.480742263723435,Images/20260304-1600.jpg
2026-03-04,17:00,77.09644864588657,105.86671946857435,135.35313234542667,0.4566528243773774,1.7556337933474264,36.174634238197605,Images/20260304-1700.jpg
2026-03-04,18:00,84.86907000510986,124.9033776188043,164.00312212570262,0.5075477682529246,1.932425089416004,38.446835554302005,Images/20260304-1800.jpg
2026-03-04,19:00,86.01769034236075,102.18154317833418,123.89019417475728,0.3189169298915216,1.440287366951752,33.907689201736986,Images/20260304-1900.jpg
2026-03-04,20:00,84.15207971384773,102.32251916198263,126.06270822687787,0.3414622520952171,1.4980343582417626,31.854285109351913,Images/20260304-2000.jpg
2026-03-04,21:00,84.27032192130812,101.5670771589167,126.11333163004599,0.3386081847126741,1.4965331478296457,29.878804940898355,Images/20260304-2100.jpg
2026-03-04,22:00,85.64159427695452,103.78532447623914,128.0482268778743,0.3359993695447128,1.495163961668181,28.04389663715715,Images/20260304-2200.jpg
2026-03-04,23:00,82.91804803270311,100.71114971895759,126.27654062340316,0.3490861865806611,1.5229077637077464,26.984053974231447,Images/20260304-2300.jpg
2026-03-05,04:00,85.51566172713336,100.62228921819111,123.8124833929484,0.31261132602493125,1.447833992563608,23.29658679362585,Images/20260305-0400.jpg
2026-03-05,05:00,89.6921512519162,104.25414920797138,126.05014307613695,0.2921883229896564,1.405364236573373,22.768077689578973,Images/20260305-0500.jpg
2026-03-05,06:00,89.66935615738375,103.62438426162494,125.55106285130302,0.2912622904262708,1.40015571463216,24.25077101049317,Images/20260305-0600.jpg
2026-03-05,07:00,112.34451711803781,143.2641185487992,172.70645375574858,0.35378612005308624,1.537293110949035,31.224148597721705,Images/20260305-0700.jpg
2026-03-05,08:00,115.0894992335207,146.233183444047,173.31096576392437,0.3425957909218444,1.50587990574527,32.00131068315389,Images/20260305-0800.jpg
2026-03-05,09:00,120.30225855901891,150.80602452733777,176.48607051609608,0.32464884665682264,1.4670220755871508,33.774037865954455,Images/20260305-0900.jpg
2026-03-05,10:00,136.65759836484415,166.18440470107308,189.1362544711293,0.28843233815258956,1.384015637258337,37.28667440779027,Images/20260305-1000.jpg
2026-03-05,11:00,144.2629075114972,174.27440470107308,196.81134389371488,0.2821166123959951,1.3642546509314957,41.03012064641311,Images/20260305-1100.jpg
2026-03-05,12:00,140.84005620848237,171.11536024527337,194.5119826264691,0.2967461529179308,1.3810842347112753,45.877294202268345,Images/20260305-1200.jpg
2026-03-05,13:00,141.44776188042923,171.2106234031681,196.13291773122126,0.30641789141956066,1.3866102491632852,53.37360721977684,Images/20260305-1300.jpg
2026-03-05,14:00,109.20230965763925,137.5293306080736,160.4709810935105,0.3456221787836417,1.4694833848031286,46.79744729501275,Images/20260305-1400.jpg
2026-03-05,15:00,100.65029126213592,128.3370771589167,152.5179969340828,0.3566214401119437,1.5153259221231214,37.23034497620566,Images/20260305-1500.jpg
2026-03-05,16:00,111.79421563617782,143.84358201328564,172.09099131323455,0.35524418459644225,1.539355044396313,30.698464230769773,Images/20260305-1600.jpg
2026-03-05,17:00,115.0843484925907,146.36749616760346,174.6898824731732,0.34879460199823326,1.5179290949932336,34.287921036659505,Images/20260305-1700.jpg
2026-03-05,18:00,110.68325498211549,142.44638732754217,173.3798364844149,0.36821326921435815,1.5664504531058439,32.99089774848985,Images/20260305-1800.jpg
2026-03-05,19:00,88.01171691364333,107.09328053142565,133.1111803781298,0.34336164075107595,1.5124256580099693,30.97987653122363,Images/20260305-1900.jpg
2026-03-05,20:00,88.00708226877875,101.72593765968318,124.87651507409299,0.3029476149294669,1.4189370950144191,30.9456452010811,Images/20260305-2000.jpg
2026-03-05,21:00,87.24358201328565,101.51294839039346,126.25308124680633,0.3153251319414567,1.4471331516448636,29.2075773906123,Images/20260305-2100.jpg
2026-03-05,22:00,87.52772100153295,105.23912621359223,131.53,0.3372881725858799,1.502723902693325,28.313339085835146,Images/20260305-2200.jpg
2026-03-05,23:00,85.68679100664282,102.61613183444047,125.92768012263669,0.3240813377099442,1.4696276657535996,26.713645576755013,Images/20260305-2300.jpg
2026-03-06,04:00,128.0,128.0,128.0,0.0,0.9999999921875001,0.0,Images/20260306-0400.jpg
2026-03-06,05:00,83.79999489013797,100.27989780275932,122.89555442003066,0.3242387950856416,1.4665341342157951,25.27687362200831,Images/20260306-0500.jpg
2026-03-06,06:00,89.66935615738375,103.62438426162494,125.55106285130302,0.2912622904262708,1.40015571463216,24.25077101049317,Images/20260306-0600.jpg
2026-03-06,07:00,112.34451711803781,143.2641185487992,172.70645375574858,0.35378612005308624,1.537293110949035,31.224148597721705,Images/20260306-0700.jpg
2026-03-06,08:00,115.0894992335207,146.233183444047,173.31096576392437,0.3425957909218444,1.50587990574527,32.00131068315389,Images/20260306-0800.jpg
2026-03-06,09:00,120.30225855901891,150.80602452733777,176.48607051609608,0.32464884665682264,1.4670220755871508,33.774037865954455,Images/20260306-0900.jpg
2026-03-06,10:00,136.65759836484415,166.18440470107308,189.1362544711293,0.28843233815258956,1.384015637258337,37.28667440779027,Images/20260306-1000.jpg
2026-03-06,11:00,144.2629075114972,174.27440470107308,196.81134389371488,0.2821166123959951,1.3642546509314957,41.03012064641311,Images/20260306-1100.jpg
2026-03-06,12:00,140.84005620848237,171.11536024527337,194.5119826264691,0.2967461529179308,1.3810842347112753,45.877294202268345,Images/20260306-1200.jpg
2026-03-06,13:00,141.44776188042923,171.2106234031681,196.13291773122126,0.30641789141956066,1.3866102491632852,53.37360721977684,Images/20260306-1300.jpg
2026-03-06,14:00,109.20230965763925,137.5293306080736,160.4709810935105,0.3456221787836417,1.4694833848031286,46.79744729501275,Images/20260306-1400.jpg
2026-03-06,15:00,93.59205416453756,120.77427184466019,143.79753704649974,0.38509565066236984,1.5364288859102355,45.560431375040025,Images/20260306-1500.jpg
2026-03-06,16:00,90.19410832907512,118.91501277465508,144.88738886050078,0.4031871325343676,1.6063952506241408,39.049758990031286,Images/20260306-1600.jpg
2026-03-06,17:00,86.55168625447114,116.12091466530404,143.69758303525805,0.424191636883923,1.6602516668770642,39.843447694766965,Images/20260306-1700.jpg
2026-03-06,18:00,92.76714869698519,127.38028104241185,162.98810424118548,0.45171500778453966,1.7569592767867739,39.75841294816858,Images/20260306-1800.jpg
2026-03-06,19:00,80.90678589678079,100.3377107818089,122.48942258559019,0.3521605200989011,1.5139573240235047,34.01947384038958,Images/20260306-1900.jpg
2026-03-06,20:00,81.56289218191108,99.1117884517118,123.80634644864588,0.34881571556882696,1.517924899654044,31.804518341011544,Images/20260306-2000.jpg
2026-03-06,21:00,79.85438426162493,97.7882881962187,123.99766990291262,0.36253512508113284,1.5527972508543162,30.16633586477896,Images/20260306-2100.jpg
2026-03-06,22:00,84.15057230454778,97.62324987225345,121.97890648952479,0.318921315145128,1.449531496928407,27.52247815266114,Images/20260306-2200.jpg
2026-03-06,23:00,86.58672968829842,104.59549310168626,141.77085334695963,0.3887849817549756,1.6373277085298124,29.74762725805772,Images/20260306-2300.jpg
2026-03-07,04:00,83.82490546755237,100.85187020950434,126.85594787940725,0.3497286642135884,1.5133443414996437,30.231312010524324,Images/20260307-0400.jpg
2026-03-07,05:00,83.49716402657128,101.6885743484926,127.10419519672969,0.35275956849029794,1.5222576138516961,30.194565057706892,Images/20260307-0500.jpg
2026-03-07,06:00,84.44167092488503,101.07530403679101,125.85405212059274,0.33512885859615804,1.4904258673673116,25.29982646969707,Images/20260307-0600.jpg
2026-03-07,07:00,119.25054675523761,148.72193663771077,176.36850792028616,0.33563150816358234,1.478974405067585,35.88792822610802,Images/20260307-0700.jpg
2026-03-07,08:00,128.86315789473684,157.06367399080224,178.88694941236588,0.29023589547288675,1.3881931107904275,38.96765127985014,Images/20260307-0800.jpg
2026-03-07,09:00,136.71327542156362,166.62617271333673,190.13955033214103,0.2942559790353987,1.390790677460134,40.97750682745856,Images/20260307-0900.jpg
2026-03-07,10:00,141.3230454777721,171.33332141032193,194.61597853857947,0.2899090954753414,1.3771000794919144,42.828652308284745,Images/20260307-1000.jpg
2026-03-07,11:00,143.28657128257538,173.09209504343383,196.1066479305059,0.2884721747443645,1.3686324182824616,46.9548930080687,Images/20260307-1100.jpg
2026-03-07,12:00,143.4479253960143,172.28934082779764,195.39362800204395,0.28775261537370767,1.3621223597378747,49.126200022506175,Images/20260307-1200.jpg
2026-03-07,13:00,136.31078180889116,165.4381962187021,189.70291773122125,0.30773372635896734,1.3916941405669008,52.134147050440255,Images/20260307-1300.jpg
2026-03-07,14:00,130.11085334695963,160.00448134900358,183.8953755748595,0.32106991722863854,1.4133745912118567,53.659470702652655,Images/20260307-1400.jpg
2026-03-07,15:00,108.34947879407255,137.29284108329074,162.01811446090954,0.35585837679655236,1.4953289556058675,48.02862147872202,Images/20260307-1500.jpg
2026-03-07,16:00,80.99227388860501,107.01283086356668,130.8290597853858,0.3996026884951218,1.615327634213574,40.423197158924864,Images/20260307-1600.jpg
2026-03-07,17:00,78.7479100664282,106.72724067450179,131.95761369443025,0.4186103787390327,1.6756966871555072,41.58944350842816,Images/20260307-1700.jpg
2026-03-07,18:00,86.77480838017374,118.80387327542157,146.21222278998468,0.44362063338143476,1.6849616131037122,47.541774891704115,Images/20260307-1800.jpg
2026-03-07,19:00,73.6282728666326,93.90608584568217,112.77835973428718,0.3695189636202425,1.5317262487854806,30.792880753614696,Images/20260307-1900.jpg
2026-03-07,20:00,74.43812979049565,94.56147164026571,121.18312212570261,0.39868293320290854,1.6279710524538777,32.848047303534244,Images/20260307-2000.jpg
2026-03-07,21:00,74.1778334184977,93.93758814512009,121.36438937148696,0.40052505937643396,1.636127427052823,32.031445307147365,Images/20260307-2100.jpg
2026-03-07,22:00,77.4447726111395,95.45506898313745,120.41018906489525,0.3689702124649599,1.554787798457399,30.847616347845193,Images/20260307-2200.jpg
2026-03-07,23:00,79.42020439448135,95.886060296372,119.18758303525804,0.3471511437434182,1.5007211633771476,30.35859177352443,Images/20260307-2300.jpg
2026-03-08,04:00,86.26250383239652,102.64020950434339,125.58554931016863,0.32401656358434466,1.455853265032991,29.752472276483786,Images/20260308-0400.jpg
2026-03-08,05:00,86.77694941236587,101.95671946857435,125.16078691875319,0.31763281146007794,1.4423275573062495,29.53901399029119,Images/20260308-0500.jpg
2026-03-08,06:00,83.56014818599898,101.46579458354624,127.2165304036791,0.35228245635321126,1.5224545628862403,30.109668640933727,Images/20260308-0600.jpg
2026-03-08,07:00,121.4994685743485,147.97193663771077,174.49085334695963,0.3224099555489894,1.4361449803711646,41.59895161371359,Images/20260308-0700.jpg
2026-03-08,08:00,132.02952478283086,159.1010730710271,179.17898824731733,0.27994474064151664,1.3571130183565183,44.059859262317495,Images/20260308-0800.jpg
2026-03-08,09:00,136.77917220235054,167.02450689831375,189.93065406234032,0.29622896691056283,1.388593377307214,44.68511100306202,Images/20260308-0900.jpg
2026-03-08,10:00,141.5589064895248,171.62379151762903,194.63680633622891,0.29237736514827095,1.374952730195603,47.0466076274121,Images/20260308-1000.jpg
2026-03-08,11:00,146.2478180889116,175.82944813490036,199.5234082779765,0.29099909954694575,1.3642829651816957,49.74899663244276,Images/20260308-1100.jpg
2026-03-08,12:00,140.59800715380686,170.15867143587124,193.95126213592232,0.30131103540779147,1.379473754164069,50.406003206875035,Images/20260308-1200.jpg
2026-03-08,13:00,138.20274910577413,167.78179356157383,193.52137455288707,0.3148307818532072,1.4002715170629714,53.10152963878642,Images/20260308-1300.jpg
2026-03-08,14:00,127.5804241185488,157.0745579969341,179.9151047521717,0.32453435603249703,1.4102093215710252,56.70394474380109,Images/20260308-1400.jpg
2026-03-08,15:00,108.36886561062852,135.83263157894737,158.79593765968318,0.3498960164232797,1.4653280284847874,53.30032980032083,Images/20260308-1500.jpg
2026-03-08,16:00,86.66458354624424,110.4669851814001,131.65828308635668,0.36818303744239117,1.5191705328732499,44.05601864538459,Images/20260308-1600.jpg
2026-03-08,17:00,80.31633111905978,104.93451711803782,127.41146653040369,0.3948806149720091,1.5863705820321918,41.40179807471616,Images/20260308-1700.jpg
2026-03-08,18:00,82.6770771589167,114.95355646397547,146.24423096576393,0.4660985545010281,1.7688606591135505,43.512467709494764,Images/20260308-1800.jpg
2026-03-08,19:00,74.23967807869188,93.04317322432294,109.12970362800205,0.34565047919795794,1.4699646466996141,31.411457367951186,Images/20260308-1900.jpg
2026-03-08,20:00,75.94126724578436,95.46681144609096,119.62466019417475,0.38146725105074564,1.5752259997424436,33.190237456188896,Images/20260308-2000.jpg
2026-03-08,21:00,77.79776188042923,97.00510986203372,122.36391926417987,0.37531495027390527,1.572846245620794,31.919920993896607,Images/20260308-2100.jpg
2026-03-08,22:00,78.32256515074093,97.52547266223812,123.17871742462954,0.37527539603504184,1.5727104393841962,31.290291741981978,Images/20260308-2200.jpg
2026-03-08,23:00,81.10917220235054,99.41342871742462,122.38360245273378,0.3488114891217508,1.5088749844288527,30.61251762465796,Images/20260308-2300.jpg
2026-03-09,04:00,81.5782268778743,97.28966274910577,119.28379151762903,0.326441072860259,1.4622013081260037,26.194392892071733,Images/20260309-0400.jpg
2026-03-09,05:00,86.83781297904956,103.00969340827798,125.87200817577926,0.3195909601632622,1.4495068727334277,26.656228399838078,Images/20260309-0500.jpg
2026-03-09,06:00,85.09321410321921,102.9957281553398,126.64329075114972,0.33655509981127935,1.4882889381665707,29.325135431715278,Images/20260309-0600.jpg
2026-03-09,07:00,112.00504854368933,141.7974399591211,170.8707715891671,0.35826977448998537,1.5255631088535546,39.27830000287294,Images/20260309-0700.jpg
2026-03-09,08:00,114.14418497700562,145.8348799182422,173.75209504343383,0.3584733977446907,1.5222159022487245,40.72721953500457,Images/20260309-0800.jpg
2026-03-09,09:00,115.24320899335719,145.63774655084313,172.5122585590189,0.3455533074175767,1.4969407617937995,38.324029970031695,Images/20260309-0900.jpg
2026-03-09,10:00,115.68237608584568,146.9474092999489,172.88671946857434,0.3446999502981428,1.494494873149766,38.21052128260518,Images/20260309-1000.jpg
2026-03-09,11:00,128.4192692897292,159.98567194685742,185.34780786918753,0.32618625124549344,1.4433021418905494,42.69681024109511,Images/20260309-1100.jpg
2026-03-09,12:00,118.17945324476239,147.07806847215124,170.51203883495145,0.3336229139894638,1.4428230348889803,43.398357832953344,Images/20260309-1200.jpg
2026-03-09,13:00,131.5993050587634,163.41843127235563,189.81249361267245,0.34162522893830544,1.4423517820672622,56.28739014980707,Images/20260309-1300.jpg
2026-03-09,14:00,125.00415942769546,154.710756259581,177.7844404701073,0.3317209412010725,1.4222281871405462,53.87948237371025,Images/20260309-1400.jpg
2026-03-09,15:00,106.10804292284108,133.5221052631579,157.11136944302504,0.35005651575591334,1.480673506310909,47.04073114289836,Images/20260309-1500.jpg
2026-03-09,16:00,115.09938170669392,141.2190751149719,163.25179867143586,0.33376508294517476,1.4183551191360257,52.88794456836183,Images/20260309-1600.jpg
2026-03-09,17:00,115.74835462442515,144.4255442003066,170.11356668369953,0.3396159112647403,1.4696845217885952,39.49748214521471,Images/20260309-1700.jpg
2026-03-09,18:00,113.05342871742462,144.69363311190597,175.89653551354112,0.3776435226264121,1.5558708475558143,41.729930644333905,Images/20260309-1800.jpg
2026-03-09,19:00,86.36251916198263,102.96486458865611,127.14931527848748,0.3297900213111098,1.4722742578609866,31.48002547740588,Images/20260309-1900.jpg
2026-03-09,20:00,84.22776188042923,103.39010730710271,126.23542156361778,0.34086175894674625,1.4987388628951614,31.507403345605454,Images/20260309-2000.jpg
2026-03-09,21:00,82.09199795605518,100.14560040878897,124.62541134389372,0.34918333755728875,1.5181188535877557,30.65595786256013,Images/20260309-2100.jpg
2026-03-09,22:00,81.379090444558,100.16535002554932,126.00688298415943,0.36161383152008414,1.5483938287760988,29.53424832192225,Images/20260309-2200.jpg
2026-03-09,23:00,80.78237608584568,98.14277976494634,121.5600459887583,0.34554194583022574,1.5047842162354184,28.401919853260033,Images/20260309-2300.jpg
2026-03-10,04:00,87.92302503832397,103.63094532447624,126.23947879407255,0.3061693478154597,1.4357954279126741,21.32755418552198,Images/20260310-0400.jpg
2026-03-10,05:00,86.63128257537046,101.22415431783342,125.1649105774144,0.3149523332643872,1.4448003701632695,26.43769003891938,Images/20260310-0500.jpg
2026-03-10,06:00,84.76755748594788,100.24526315789474,125.40638221768012,0.3335968566375446,1.4794148192727414,26.327421868552417,Images/20260310-0600.jpg
2026-03-10,07:00,116.73528359734287,146.39873275421564,174.8268063362289,0.35007181891175665,1.4976346435378316,37.47472574825862,Images/20260310-0700.jpg
2026-03-10,08:00,122.45983648441492,151.51492079713847,175.44280020439447,0.30953732498380937,1.4326558307471422,32.58306174388363,Images/20260310-0800.jpg
2026-03-10,09:00,114.36273888605008,146.2964537557486,173.6422125702606,0.3492272511043072,1.5183460342352413,32.028141090770376,Images/20260310-0900.jpg
2026-03-10,10:00,110.77496167603475,141.88826264690854,169.32436893203882,0.3553100782014036,1.5285436784775444,32.438014487576545,Images/20260310-1000.jpg
2026-03-10,11:00,110.68286152273889,141.74446090955544,169.21241185487992,0.35079826168398737,1.528804080397872,29.689723947376386,Images/20260310-1100.jpg
2026-03-10,12:00,105.66320899335717,135.98908022483394,163.92070516096067,0.3611623439123747,1.5513507981753158,30.35103165477426,Images/20260310-1200.jpg
2026-03-10,13:00,109.99221768012264,140.65611650485437,167.4223607562596,0.3516526666517417,1.5221291357269031,33.616986039426564,Images/20260310-1300.jpg
2026-03-10,14:00,114.4160756259581,144.9953960143076,171.70935615738375,0.34173591498377676,1.5007450108495266,33.81023758261023,Images/20260310-1400.jpg
2026-03-10,15:00,113.70876341338784,145.3534236075626,172.52607051609607,0.35212740264119213,1.5172627317352434,36.86310097646717,Images/20260310-1500.jpg
2026-03-10,16:00,104.7795912110373,135.5761216147164,161.6884057230455,0.3702428780082526,1.5431287936050349,37.99182701047341,Images/20260310-1600.jpg
2026-03-10,17:00,116.74727644353602,145.6436995401124,170.41543178334186,0.32963075752797394,1.4596951253596646,39.1972961377092,Images/20260310-1700.jpg
2026-03-10,18:00,99.81984670413898,132.66276443536026,165.74599386816556,0.40509708183986975,1.6604512797838398,30.52555036988172,Images/20260310-1800.jpg
2026-03-10,19:00,90.22453755748595,105.72313745528871,131.9853960143076,0.31863107619546294,1.4628547635099738,23.644195004219416,Images/20260310-1900.jpg
2026-03-10,20:00,89.51238119570772,104.94865610628513,127.75893203883496,0.3032541862090361,1.427276639331371,23.481832162256204,Images/20260310-2000.jpg
2026-03-10,21:00,87.63542156361778,101.45149718957587,123.53299948901379,0.293767208168868,1.4096240524125576,23.034970917606554,Images/20260310-2100.jpg
2026-03-10,22:00,87.81354113438937,103.87156361778231,126.08196218702095,0.3053080703549057,1.4357917824800395,22.366239695242676,Images/20260310-2200.jpg
2026-03-10,23:00,86.70848748083802,102.01028615227389,125.36383750638733,0.3097121441485399,1.4458081290863682,20.506594157021823,Images/20260310-2300.jpg
2026-03-11,04:00,88.93873786407767,105.50345426673479,129.2956208482371,0.3177809570137873,1.4537604479172523,26.804210805478558,Images/20260311-0400.jpg
2026-03-11,05:00,85.66776188042923,101.18941747572815,123.51878896269801,0.3114686128307141,1.4418351175470678,22.66788476466646,Images/20260311-0500.jpg
2026-03-11,06:00,86.86058763413388,102.96575370464997,127.02424629535003,0.32289384428824114,1.46239218836508,26.420615611745212,Images/20260311-0600.jpg
2026-03-11,07:00,102.85061318344405,138.14320388349515,172.94355135411345,0.41155817067644457,1.681502368528902,32.691666028528616,Images/20260311-0700.jpg
2026-03-11,08:00,117.31073582013286,147.488942258559,174.23556463975473,0.33901490025999853,1.4852482335602586,38.03452859331825,Images/20260311-0800.jpg
2026-03-11,09:00,114.23028104241186,147.59172713336739,175.58915687276445,0.3562798908777489,1.5371506901083465,32.58821687464779,Images/20260311-0900.jpg
2026-03-11,10:00,138.75584568216658,170.37595298926928,195.25553909044456,0.3052404482598186,1.4071878321473248,41.47675368640042,Images/20260311-1000.jpg
2026-03-11,11:00,145.6244711292795,178.2840163515585,204.29858456821665,0.30552929362787784,1.4029138206032339,45.245951737665806,Images/20260311-1100.jpg
2026-03-11,12:00,118.18997956055186,148.81676034747062,175.5167858967808,0.3374551823880227,1.4850394683571242,34.56661549973895,Images/20260311-1200.jpg
2026-03-11,13:00,126.45434338272867,157.27413387838527,182.21192641798672,0.321888492799216,1.440930537479213,40.11246700978568,Images/20260311-1300.jpg
2026-03-11,14:00,108.07099642309657,137.74546244251405,163.42352069494123,0.3523695286516104,1.512186660544459,34.93504866735253,Images/20260311-1400.jpg
2026-03-11,15:00,106.22661216147164,135.01124680633623,160.19705160960655,0.3543880370646993,1.5080688995148155,38.53894319317087,Images/20260311-1500.jpg
2026-03-11,16:00,102.25212570260602,131.5267245784364,157.05532958610118,0.3687743169372893,1.5359614968487343,42.61963175377895,Images/20260311-1600.jpg
2026-03-11,17:00,102.6125447112928,133.98176801226367,160.74488502810425,0.3861705226172173,1.5665227279359255,42.62076116384962,Images/20260311-1700.jpg
2026-03-11,18:00,99.66844149207971,130.13268778742975,160.25512008175778,0.4018701999539341,1.6078822551530558,42.04374497694363,Images/20260311-1800.jpg
2026-03-11,19:00,82.07019928461932,102.93240163515586,120.87879918242207,0.3358496602232038,1.4728707711595024,34.10196856619743,Images/20260311-1900.jpg
2026-03-11,20:00,81.68536535513542,101.26408788962698,122.68585590189065,0.34792296558181246,1.5019318805341637,34.25500022774556,Images/20260311-2000.jpg
2026-03-11,21:00,83.5243178334185,102.1847112927951,124.77115482881962,0.3398400358361876,1.4938302589173353,32.129298180902275,Images/20260311-2100.jpg
2026-03-11,22:00,85.53545222278998,98.87163004598875,121.32470618293306,0.30838477985659735,1.4184142552787389,30.64309094710061,Images/20260311-2200.jpg
2026-03-11,23:00,80.70967296882984,98.02453244762391,120.63473173224322,0.34177365891650957,1.4946749974337958,29.64157334300321,Images/20260311-2300.jpg
2026-03-12,04:00,87.20201839550332,100.90982115482882,125.9964690853347,0.31826961310002894,1.4448801754679532,29.041448209860672,Images/20260312-0400.jpg
2026-03-12,05:00,86.79066428206438,102.66714358712315,127.54714869698518,0.32853382385248364,1.469595241406028,29.198978896305835,Images/20260312-0500.jpg
2026-03-12,06:00,86.86058763413388,102.96575370464997,127.02424629535003,0.32289384428824114,1.46239218836508,26.420615611745212,Images/20260312-0600.jpg
2026-03-12,07:00,102.85061318344405,138.14320388349515,172.94355135411345,0.41155817067644457,1.681502368528902,32.691666028528616,Images/20260312-0700.jpg
2026-03-12,08:00,117.31073582013286,147.488942258559,174.23556463975473,0.33901490025999853,1.4852482335602586,38.03452859331825,Images/20260312-0800.jpg
2026-03-12,09:00,114.23028104241186,147.59172713336739,175.58915687276445,0.3562798908777489,1.5371506901083465,32.58821687464779,Images/20260312-0900.jpg
2026-03-12,10:00,138.75584568216658,170.37595298926928,195.25553909044456,0.3052404482598186,1.4071878321473248,41.47675368640042,Images/20260312-1000.jpg
2026-03-12,11:00,145.6244711292795,178.2840163515585,204.29858456821665,0.30552929362787784,1.4029138206032339,45.245951737665806,Images/20260312-1100.jpg
2026-03-12,12:00,122.36287174246296,148.26548799182422,168.50577925396016,0.30436268444183107,1.3770989147060493,45.279597873673254,Images/20260312-1200.jpg
2026-03-12,13:00,113.37167603474707,144.4673786407767,170.96890137966275,0.3508215585470254,1.5080389198729311,36.48514022172653,Images/20260312-1300.jpg
2026-03-12,14:00,112.3211343893715,142.85404190086868,166.9013796627491,0.35277999917541636,1.4859303111936164,45.91566199304966,Images/20260312-1400.jpg
2026-03-12,15:00,106.2575319366377,134.83313745528872,160.47038834951456,0.3560966335478898,1.5102024667296243,47.75826557394415,Images/20260312-1500.jpg
2026-03-12,16:00,78.27389882473173,103.71973428717425,127.72032703117016,0.40335212301189854,1.6317102804019883,39.852599375420134,Images/20260312-1600.jpg
2026-03-12,17:00,77.48082779764947,103.8009402146142,129.09246295350025,0.4133642802464736,1.6661213484259543,42.06403357092523,Images/20260312-1700.jpg
2026-03-12,18:00,85.02719979560551,114.60590189064895,142.34506387327542,0.43156798324146733,1.6741120787388346,47.88543915283713,Images/20260312-1800.jpg
2026-03-12,19:00,71.37809402146142,95.47872253449157,112.60029126213593,0.38510721564472133,1.5775188624504497,36.01727058938739,Images/20260312-1900.jpg
2026-03-12,20:00,75.32129790495657,96.41838017373531,117.88629535002555,0.38691298425937876,1.5651123528655448,37.43486319974703,Images/20260312-2000.jpg
2026-03-12,21:00,76.05374552887072,95.75884006131834,118.81483392948391,0.3792790002570122,1.5622482698387605,35.21880386401916,Images/20260312-2100.jpg
2026-03-12,22:00,75.16671946857434,94.6556974961676,119.66042922841083,0.3874828398193256,1.591933617463574,32.76325333335792,Images/20260312-2200.jpg
2026-03-12,23:00,79.13937659683188,93.68645886561063,118.18750127746551,0.349685819926435,1.493409537279414,31.94390955809296,Images/20260312-2300.jpg
