Samplingpoint,Pollutant,Start,End,Value,Unit,AggType,Validity,Verification,ResultTime,DataCapture,FkObservationLog
IT/SPO.IT0477A_6001_BETA_2022-01-01_00:00:00,6001,2026-03-01 00:00:00,2026-03-01 01:00:00,36.062183000000000000,ug.m-3,hour,3,3,2026-03-01 01:00:00,,9e664d80-8d0a-481e-82ca-112dac15e708
IT/SPO.IT0477A_6001_BETA_2022-01-01_00:00:00,6001,2026-03-01 01:00:00,2026-03-01 02:00:00,25.287216000000000000,ug.m-3,hour,3,3,2026-03-01 02:00:00,,1499e592-3c02-422b-8646-9dfc91309a4e
IT/SPO.IT0477A_6001_BETA_2022-01-01_00:00:00,6001,2026-03-01 02:00:00,2026-03-01 03:00:00,26.743391000000000000,ug.m-3,hour,3,3,2026-03-01 03:00:00,,ce0352c6-6450-4676-acd5-03581314f3f2
IT/SPO.IT0477A_6001_BETA_2022-01-01_00:00:00,6001,2026-03-01 03:00:00,2026-03-01 04:00:00,30.829412000000000000,ug.m-3,hour,3,3,2026-03-01 04:00:00,,d7edb6da-fdba-4913-b409-5fc4b3058c28
IT/SPO.IT0477A_6001_BETA_2022-01-01_00:00:00,6001,2026-03-01 04:00:00,2026-03-01 05:00:00,33.409030000000000000,ug.m-3,hour,3,3,2026-03-01 05:00:00,,c481d8a8-c512-4069-a081-8057f828c6ac
IT/SPO.IT0477A_6001_BETA_2022-01-01_00:00:00,6001,2026-03-01 05:00:00,2026-03-01 06:00:00,45.526115000000000000,ug.m-3,hour,3,3,2026-03-01 06:00:00,,ff77456f-1883-4de7-8b8d-c79ec9ba7225
IT/SPO.IT0477A_6001_BETA_2022-01-01_00:00:00,6001,2026-03-01 06:00:00,2026-03-01 07:00:00,45.983295000000000000,ug.m-3,hour,3,3,2026-03-01 07:00:00,,a3471123-1549-4ffa-bfcb-f1169a975346
IT/SPO.IT0477A_6001_BETA_2022-01-01_00:00:00,6001,2026-03-01 07:00:00,2026-03-01 08:00:00,47.228165000000000000,ug.m-3,hour,3,3,2026-03-01 08:00:00,,2eddad32-d362-4673-abcc-fa4d21736f3d
IT/SPO.IT0477A_6001_BETA_2022-01-01_00:00:00,6001,2026-03-01 08:00:00,2026-03-01 09:00:00,52.171500000000000000,ug.m-3,hour,3,3,2026-03-01 09:00:00,,ae18d675-af6f-43da-a9b8-353839662cd4
IT/SPO.IT0477A_6001_BETA_2022-01-01_00:00:00,6001,2026-03-01 09:00:00,2026-03-01 10:00:00,54.740850000000000000,ug.m-3,hour,3,3,2026-03-01 10:00:00,,49cdc5cc-18a0-4771-9b6f-3b2f54738081
IT/SPO.IT0477A_6001_BETA_2022-01-01_00:00:00,6001,2026-03-01 10:00:00,2026-03-01 11:00:00,46.948944000000000000,ug.m-3,hour,3,3,2026-03-01 11:00:00,,972efe7d-dc0d-4968-8c7f-002f1e0c8899
IT/SPO.IT0477A_6001_BETA_2022-01-01_00:00:00,6001,2026-03-01 11:00:00,2026-03-01 12:00:00,49.516650000000000000,ug.m-3,hour,3,3,2026-03-01 12:00:00,,8adda05c-3406-4b46-84a8-455626bb7a18
IT/SPO.IT0477A_6001_BETA_2022-01-01_00:00:00,6001,2026-03-01 12:00:00,2026-03-01 13:00:00,36.697163000000000000,ug.m-3,hour,3,3,2026-03-01 13:00:00,,c97ad275-ee2e-42c1-8bd5-ec0b8c7938c3
IT/SPO.IT0477A_6001_BETA_2022-01-01_00:00:00,6001,2026-03-01 13:00:00,2026-03-01 14:00:00,30.705128000000000000,ug.m-3,hour,3,3,2026-03-01 14:00:00,,44e8607e-df01-4513-9e26-03921d7ddd23
IT/SPO.IT0477A_6001_BETA_2022-01-01_00:00:00,6001,2026-03-01 14:00:00,2026-03-01 15:00:00,41.791103000000000000,ug.m-3,hour,3,3,2026-03-01 15:00:00,,7aa31cef-583e-4320-b025-66851abe72b9
IT/SPO.IT0477A_6001_BETA_2022-01-01_00:00:00,6001,2026-03-01 15:00:00,2026-03-01 16:00:00,34.493423000000000000,ug.m-3,hour,3,3,2026-03-01 16:00:00,,157c6de6-97d9-4f46-87d8-17ecfc117068
IT/SPO.IT0477A_6001_BETA_2022-01-01_00:00:00,6001,2026-03-01 16:00:00,2026-03-01 17:00:00,36.437520000000000000,ug.m-3,hour,3,3,2026-03-01 17:00:00,,6bc2fa02-0820-41e5-b98a-e72a3edf9edc
IT/SPO.IT0477A_6001_BETA_2022-01-01_00:00:00,6001,2026-03-01 17:00:00,2026-03-01 18:00:00,30.504715000000000000,ug.m-3,hour,3,3,2026-03-01 18:00:00,,ddb3d4ab-ca69-4b0e-99aa-5ba2c9249718
IT/SPO.IT0477A_6001_BETA_2022-01-01_00:00:00,6001,2026-03-01 18:00:00,2026-03-01 19:00:00,35.936275000000000000,ug.m-3,hour,3,3,2026-03-01 19:00:00,,564d5f33-007f-48b5-90ed-ae6306793400
IT/SPO.IT0477A_6001_BETA_2022-01-01_00:00:00,6001,2026-03-01 19:00:00,2026-03-01 20:00:00,35.706882000000000000,ug.m-3,hour,3,3,2026-03-01 20:00:00,,86ecc95d-65f3-4402-ab1d-e8ea22c4c9bb
IT/SPO.IT0477A_6001_BETA_2022-01-01_00:00:00,6001,2026-03-01 20:00:00,2026-03-01 21:00:00,53.832523000000000000,ug.m-3,hour,3,3,2026-03-01 21:00:00,,7771b107-f8d0-43bc-802c-bb9ed20495e1
IT/SPO.IT0477A_6001_BETA_2022-01-01_00:00:00,6001,2026-03-01 21:00:00,2026-03-01 22:00:00,43.494990000000000000,ug.m-3,hour,3,3,2026-03-01 22:00:00,,b3fc39c0-4537-4cb1-89a5-1d74b529ce16
IT/SPO.IT0477A_6001_BETA_2022-01-01_00:00:00,6001,2026-03-01 22:00:00,2026-03-01 23:00:00,47.779373000000000000,ug.m-3,hour,3,3,2026-03-01 23:00:00,,c3592d26-7815-4d55-af6c-1779fce58edf
IT/SPO.IT0477A_6001_BETA_2022-01-01_00:00:00,6001,2026-03-01 23:00:00,2026-03-02 00:00:00,42.489770000000000000,ug.m-3,hour,3,3,2026-03-02 00:00:00,,d3a0f59d-af4a-4630-98e4-3c28742aab4e
IT/SPO.IT0477A_6001_BETA_2022-01-01_00:00:00,6001,2026-03-02 00:00:00,2026-03-02 01:00:00,51.305275000000000000,ug.m-3,hour,3,3,2026-03-02 01:00:00,,c0e63ab4-de08-4b79-876a-9495c5ccc144
IT/SPO.IT0477A_6001_BETA_2022-01-01_00:00:00,6001,2026-03-02 01:00:00,2026-03-02 02:00:00,46.425392000000000000,ug.m-3,hour,3,3,2026-03-02 02:00:00,,cff71414-80ed-40b5-9a4a-578a7cd2189d
IT/SPO.IT0477A_6001_BETA_2022-01-01_00:00:00,6001,2026-03-02 02:00:00,2026-03-02 03:00:00,52.634945000000000000,ug.m-3,hour,3,3,2026-03-02 03:00:00,,e74f0495-d15f-4bf6-bb1c-d22bd6915265
IT/SPO.IT0477A_6001_BETA_2022-01-01_00:00:00,6001,2026-03-02 03:00:00,2026-03-02 04:00:00,48.046932000000000000,ug.m-3,hour,3,3,2026-03-02 04:00:00,,18cad322-d5a9-4cf5-8e18-075d6c4b2cb0
IT/SPO.IT0477A_6001_BETA_2022-01-01_00:00:00,6001,2026-03-02 04:00:00,2026-03-02 05:00:00,36.296900000000000000,ug.m-3,hour,3,3,2026-03-02 05:00:00,,fa3563cb-1395-43c8-84fe-c2977ccf2efa
IT/SPO.IT0477A_6001_BETA_2022-01-01_00:00:00,6001,2026-03-02 05:00:00,2026-03-02 06:00:00,45.597680000000000000,ug.m-3,hour,3,3,2026-03-02 06:00:00,,ddaa277f-347b-4d1e-8e2d-e367c62ed24d
IT/SPO.IT0477A_6001_BETA_2022-01-01_00:00:00,6001,2026-03-02 06:00:00,2026-03-02 07:00:00,37.363792000000000000,ug.m-3,hour,3,3,2026-03-02 07:00:00,,03aef69b-d89e-46e3-985e-c46d6ac9fa7a
IT/SPO.IT0477A_6001_BETA_2022-01-01_00:00:00,6001,2026-03-02 07:00:00,2026-03-02 08:00:00,40.284160000000000000,ug.m-3,hour,3,3,2026-03-02 08:00:00,,b253687a-efac-46d4-ae15-761691dd942d
IT/SPO.IT0477A_6001_BETA_2022-01-01_00:00:00,6001,2026-03-02 08:00:00,2026-03-02 09:00:00,40.489822000000000000,ug.m-3,hour,3,3,2026-03-02 09:00:00,,537b8a63-48b4-4a6b-9a7d-62e0ec78d1f3
IT/SPO.IT0477A_6001_BETA_2022-01-01_00:00:00,6001,2026-03-02 09:00:00,2026-03-02 10:00:00,46.056458000000000000,ug.m-3,hour,3,3,2026-03-02 10:00:00,,bea10670-afdf-4e61-83b9-4469caa7318c
IT/SPO.IT0477A_6001_BETA_2022-01-01_00:00:00,6001,2026-03-02 10:00:00,2026-03-02 11:00:00,45.126137000000000000,ug.m-3,hour,3,3,2026-03-02 11:00:00,,2ba95008-f5d2-4162-a181-f1bc150801d2
IT/SPO.IT0477A_6001_BETA_2022-01-01_00:00:00,6001,2026-03-02 11:00:00,2026-03-02 12:00:00,39.175890000000000000,ug.m-3,hour,3,3,2026-03-02 12:00:00,,ae661f00-240b-4ec6-9723-7162ed3abdee
IT/SPO.IT0477A_6001_BETA_2022-01-01_00:00:00,6001,2026-03-02 12:00:00,2026-03-02 13:00:00,33.955370000000000000,ug.m-3,hour,3,3,2026-03-02 13:00:00,,58ffbf74-093e-4000-a594-64aef5fdf4d1
IT/SPO.IT0477A_6001_BETA_2022-01-01_00:00:00,6001,2026-03-02 13:00:00,2026-03-02 14:00:00,31.637447000000000000,ug.m-3,hour,3,3,2026-03-02 14:00:00,,bf3d3abd-8f56-48e7-a3e6-e12b286f4b20
IT/SPO.IT0477A_6001_BETA_2022-01-01_00:00:00,6001,2026-03-02 14:00:00,2026-03-02 15:00:00,32.120384000000000000,ug.m-3,hour,3,3,2026-03-02 15:00:00,,40cf8e98-9a67-4555-b6cf-21856c29a5f7
IT/SPO.IT0477A_6001_BETA_2022-01-01_00:00:00,6001,2026-03-02 15:00:00,2026-03-02 16:00:00,25.965136000000000000,ug.m-3,hour,3,3,2026-03-02 16:00:00,,b20eaa5e-7c21-4fd5-9ec4-5cfccad7de5a
IT/SPO.IT0477A_6001_BETA_2022-01-01_00:00:00,6001,2026-03-02 16:00:00,2026-03-02 17:00:00,31.801483000000000000,ug.m-3,hour,3,3,2026-03-02 17:00:00,,16ac67d7-2077-41c6-8e54-f99340e1f706
IT/SPO.IT0477A_6001_BETA_2022-01-01_00:00:00,6001,2026-03-02 17:00:00,2026-03-02 18:00:00,36.669643000000000000,ug.m-3,hour,3,3,2026-03-02 19:00:00,,67cf340f-592d-4bd1-b99c-a74968d3035a
IT/SPO.IT0477A_6001_BETA_2022-01-01_00:00:00,6001,2026-03-02 18:00:00,2026-03-02 19:00:00,32.600994000000000000,ug.m-3,hour,3,3,2026-03-02 19:00:00,,67cf340f-592d-4bd1-b99c-a74968d3035a
IT/SPO.IT0477A_6001_BETA_2022-01-01_00:00:00,6001,2026-03-02 19:00:00,2026-03-02 20:00:00,33.381218000000000000,ug.m-3,hour,3,3,2026-03-02 20:00:00,,bf2bb29c-4417-4f90-a40b-40c48973d120
IT/SPO.IT0477A_6001_BETA_2022-01-01_00:00:00,6001,2026-03-02 20:00:00,2026-03-02 21:00:00,23.404364000000000000,ug.m-3,hour,3,3,2026-03-02 21:00:00,,959d5992-1816-4d45-a83a-689ac25af12e
IT/SPO.IT0477A_6001_BETA_2022-01-01_00:00:00,6001,2026-03-02 21:00:00,2026-03-02 22:00:00,34.772335000000000000,ug.m-3,hour,3,3,2026-03-02 22:00:00,,a0440e33-841c-42e1-b4b9-32a17ef9eb09
IT/SPO.IT0477A_6001_BETA_2022-01-01_00:00:00,6001,2026-03-02 22:00:00,2026-03-02 23:00:00,35.416912000000000000,ug.m-3,hour,3,3,2026-03-02 23:00:00,,bbea4dd2-fb99-4635-a5bf-a17d82719628
IT/SPO.IT0477A_6001_BETA_2022-01-01_00:00:00,6001,2026-03-02 23:00:00,2026-03-03 00:00:00,38.890724000000000000,ug.m-3,hour,3,3,2026-03-03 00:00:00,,c31f7109-4fc2-4243-9f84-0e3ff7371b99
IT/SPO.IT0477A_6001_BETA_2022-01-01_00:00:00,6001,2026-03-03 00:00:00,2026-03-03 01:00:00,27.223507000000000000,ug.m-3,hour,3,3,2026-03-03 01:00:00,,9eb99bf2-661d-490a-b78e-35c52ce39f82
IT/SPO.IT0477A_6001_BETA_2022-01-01_00:00:00,6001,2026-03-03 01:00:00,2026-03-03 02:00:00,34.327732000000000000,ug.m-3,hour,3,3,2026-03-03 02:00:00,,fdc0d34e-48c0-4ddd-84e0-8b1c2addb91a
IT/SPO.IT0477A_6001_BETA_2022-01-01_00:00:00,6001,2026-03-03 02:00:00,2026-03-03 03:00:00,35.252865000000000000,ug.m-3,hour,3,3,2026-03-03 03:00:00,,66c2b148-927e-4957-9b7d-a865775f477a
IT/SPO.IT0477A_6001_BETA_2022-01-01_00:00:00,6001,2026-03-03 03:00:00,2026-03-03 04:00:00,36.887860000000000000,ug.m-3,hour,3,3,2026-03-03 04:00:00,,301fc02e-b6ed-4edf-864a-e24b76ed223a
IT/SPO.IT0477A_6001_BETA_2022-01-01_00:00:00,6001,2026-03-03 04:00:00,2026-03-03 05:00:00,41.105724000000000000,ug.m-3,hour,3,3,2026-03-03 05:00:00,,28eab2d5-e837-46ae-b0e3-fa00e642c64f
IT/SPO.IT0477A_6001_BETA_2022-01-01_00:00:00,6001,2026-03-03 05:00:00,2026-03-03 06:00:00,39.344910000000000000,ug.m-3,hour,3,3,2026-03-03 06:00:00,,8dc366b2-1fb6-4a39-abe5-e9d8ffb91786
IT/SPO.IT0477A_6001_BETA_2022-01-01_00:00:00,6001,2026-03-03 06:00:00,2026-03-03 07:00:00,39.375263000000000000,ug.m-3,hour,3,3,2026-03-03 07:00:00,,f3a2012b-6465-4912-991e-a3bd4c3c3a42
IT/SPO.IT0477A_6001_BETA_2022-01-01_00:00:00,6001,2026-03-03 07:00:00,2026-03-03 08:00:00,38.800594000000000000,ug.m-3,hour,3,3,2026-03-03 08:00:00,,2d00b05e-5a48-424d-82cd-01dcb7353b4e
IT/SPO.IT0477A_6001_BETA_2022-01-01_00:00:00,6001,2026-03-03 08:00:00,2026-03-03 09:00:00,42.218550000000000000,ug.m-3,hour,3,3,2026-03-03 09:00:00,,0014afc0-e2b5-4977-bd82-a910fcb70b54
IT/SPO.IT0477A_6001_BETA_2022-01-01_00:00:00,6001,2026-03-03 09:00:00,2026-03-03 10:00:00,42.040386000000000000,ug.m-3,hour,3,3,2026-03-03 10:00:00,,40990910-d5c2-4480-9339-afe86a5f36b0
IT/SPO.IT0477A_6001_BETA_2022-01-01_00:00:00,6001,2026-03-03 10:00:00,2026-03-03 11:00:00,55.801586000000000000,ug.m-3,hour,3,3,2026-03-03 11:00:00,,0d89ba6d-b3c3-4307-8384-f676c5f0481f
IT/SPO.IT0477A_6001_BETA_2022-01-01_00:00:00,6001,2026-03-03 11:00:00,2026-03-03 12:00:00,36.520554000000000000,ug.m-3,hour,3,3,2026-03-03 12:00:00,,c4ddc717-2dc0-4b22-8458-ea1c8cfb16ba
IT/SPO.IT0477A_6001_BETA_2022-01-01_00:00:00,6001,2026-03-03 12:00:00,2026-03-03 13:00:00,36.217970000000000000,ug.m-3,hour,3,3,2026-03-03 13:00:00,,4d6a2958-fde5-400f-9618-6ab83accb935
IT/SPO.IT0477A_6001_BETA_2022-01-01_00:00:00,6001,2026-03-03 13:00:00,2026-03-03 14:00:00,37.439793000000000000,ug.m-3,hour,3,3,2026-03-03 14:00:00,,abd4628c-403f-40e5-821d-40d709500407
IT/SPO.IT0477A_6001_BETA_2022-01-01_00:00:00,6001,2026-03-03 14:00:00,2026-03-03 15:00:00,44.439285000000000000,ug.m-3,hour,3,3,2026-03-03 15:00:00,,2bce2142-bbad-44ef-9ab6-a2d5dd2cb6e3
IT/SPO.IT0477A_6001_BETA_2022-01-01_00:00:00,6001,2026-03-03 15:00:00,2026-03-03 16:00:00,37.522778000000000000,ug.m-3,hour,3,3,2026-03-03 16:00:00,,5972da75-dba1-47f0-9d9d-54f74342eb53
IT/SPO.IT0477A_6001_BETA_2022-01-01_00:00:00,6001,2026-03-03 16:00:00,2026-03-03 17:00:00,28.243483000000000000,ug.m-3,hour,3,3,2026-03-03 17:00:00,,e9c6b3bc-77d8-4837-9567-16a51b2818c1
IT/SPO.IT0477A_6001_BETA_2022-01-01_00:00:00,6001,2026-03-03 17:00:00,2026-03-03 18:00:00,24.450586000000000000,ug.m-3,hour,3,3,2026-03-03 18:00:00,,0322c181-d2b1-454e-a867-96cb12691938
IT/SPO.IT0477A_6001_BETA_2022-01-01_00:00:00,6001,2026-03-03 18:00:00,2026-03-03 19:00:00,26.642273000000000000,ug.m-3,hour,3,3,2026-03-03 20:00:00,,4e1b4a10-2267-44ce-9bb6-b00f53db0b10
IT/SPO.IT0477A_6001_BETA_2022-01-01_00:00:00,6001,2026-03-03 19:00:00,2026-03-03 20:00:00,34.278650000000000000,ug.m-3,hour,3,3,2026-03-03 20:00:00,,4e1b4a10-2267-44ce-9bb6-b00f53db0b10
IT/SPO.IT0477A_6001_BETA_2022-01-01_00:00:00,6001,2026-03-03 20:00:00,2026-03-03 21:00:00,29.505129000000000000,ug.m-3,hour,3,3,2026-03-03 21:00:00,,2bf3fa5c-bad1-4370-a54a-b8baaba397d7
IT/SPO.IT0477A_6001_BETA_2022-01-01_00:00:00,6001,2026-03-03 21:00:00,2026-03-03 22:00:00,38.207010000000000000,ug.m-3,hour,3,3,2026-03-03 22:00:00,,17f581bb-e74f-47d1-acaf-e0e1a1258ecd
IT/SPO.IT0477A_6001_BETA_2022-01-01_00:00:00,6001,2026-03-03 22:00:00,2026-03-03 23:00:00,37.722450000000000000,ug.m-3,hour,3,3,2026-03-03 23:00:00,,889e6244-62d1-4a54-8a16-5e6b6593da76
IT/SPO.IT0477A_6001_BETA_2022-01-01_00:00:00,6001,2026-03-03 23:00:00,2026-03-04 00:00:00,35.937687000000000000,ug.m-3,hour,3,3,2026-03-04 00:00:00,,b03ae21f-408d-4d4e-8038-726b2bcd1c2b
IT/SPO.IT0477A_6001_BETA_2022-01-01_00:00:00,6001,2026-03-04 00:00:00,2026-03-04 01:00:00,30.977587000000000000,ug.m-3,hour,3,3,2026-03-04 01:00:00,,9068cee9-2e57-4a00-b927-9c7d3d8d3884
IT/SPO.IT0477A_6001_BETA_2022-01-01_00:00:00,6001,2026-03-04 01:00:00,2026-03-04 02:00:00,39.255142000000000000,ug.m-3,hour,3,3,2026-03-04 02:00:00,,f8eee9bd-6642-43f4-8ee3-846778dda62e
IT/SPO.IT0477A_6001_BETA_2022-01-01_00:00:00,6001,2026-03-04 02:00:00,2026-03-04 03:00:00,36.325977000000000000,ug.m-3,hour,3,3,2026-03-04 03:00:00,,17d8177b-9d1b-4b03-b103-5db21266bb72
IT/SPO.IT0477A_6001_BETA_2022-01-01_00:00:00,6001,2026-03-04 03:00:00,2026-03-04 04:00:00,40.827270000000000000,ug.m-3,hour,3,3,2026-03-04 04:00:00,,5efc274c-2ddc-4b2b-a7f8-16b93e32ada2
IT/SPO.IT0477A_6001_BETA_2022-01-01_00:00:00,6001,2026-03-04 04:00:00,2026-03-04 05:00:00,43.951904000000000000,ug.m-3,hour,3,3,2026-03-04 05:00:00,,cfe891c1-d24a-4398-9b02-bbe6f928ad08
IT/SPO.IT0477A_6001_BETA_2022-01-01_00:00:00,6001,2026-03-04 05:00:00,2026-03-04 06:00:00,37.533360000000000000,ug.m-3,hour,3,3,2026-03-04 06:00:00,,9ddeb2cb-57e1-46dc-8050-d35b6c267cae
IT/SPO.IT0477A_6001_BETA_2022-01-01_00:00:00,6001,2026-03-04 06:00:00,2026-03-04 07:00:00,44.104200000000000000,ug.m-3,hour,3,3,2026-03-04 07:00:00,,fdb6e79d-76c7-490d-b509-a61a4567d8ee
IT/SPO.IT0477A_6001_BETA_2022-01-01_00:00:00,6001,2026-03-04 07:00:00,2026-03-04 08:00:00,42.365640000000000000,ug.m-3,hour,3,3,2026-03-04 08:00:00,,d13a2992-857a-42b0-989e-86e0bdbc2d4b
IT/SPO.IT0477A_6001_BETA_2022-01-01_00:00:00,6001,2026-03-04 08:00:00,2026-03-04 09:00:00,48.262430000000000000,ug.m-3,hour,3,3,2026-03-04 09:00:00,,dc68c5aa-e046-4401-abd5-cfe13b39dab4
IT/SPO.IT0477A_6001_BETA_2022-01-01_00:00:00,6001,2026-03-04 09:00:00,2026-03-04 10:00:00,57.014600000000000000,ug.m-3,hour,3,3,2026-03-04 10:00:00,,3cea0745-20a0-4bbd-85c3-786ad7236f3f
IT/SPO.IT0477A_6001_BETA_2022-01-01_00:00:00,6001,2026-03-04 10:00:00,2026-03-04 11:00:00,52.847588000000000000,ug.m-3,hour,3,3,2026-03-05 10:00:00,,5d45b245-0445-41ef-994f-5fe845711bf2
IT/SPO.IT0477A_6001_BETA_2022-01-01_00:00:00,6001,2026-03-04 11:00:00,2026-03-04 12:00:00,48.842010000000000000,ug.m-3,hour,3,3,2026-03-05 10:00:00,,5d45b245-0445-41ef-994f-5fe845711bf2
IT/SPO.IT0477A_6001_BETA_2022-01-01_00:00:00,6001,2026-03-04 12:00:00,2026-03-04 13:00:00,48.787150000000000000,ug.m-3,hour,3,3,2026-03-05 10:00:00,,5d45b245-0445-41ef-994f-5fe845711bf2
IT/SPO.IT0477A_6001_BETA_2022-01-01_00:00:00,6001,2026-03-04 13:00:00,2026-03-04 14:00:00,48.882122000000000000,ug.m-3,hour,3,3,2026-03-05 10:00:00,,5d45b245-0445-41ef-994f-5fe845711bf2
IT/SPO.IT0477A_6001_BETA_2022-01-01_00:00:00,6001,2026-03-04 14:00:00,2026-03-04 15:00:00,45.261040000000000000,ug.m-3,hour,3,3,2026-03-05 10:00:00,,5d45b245-0445-41ef-994f-5fe845711bf2
IT/SPO.IT0477A_6001_BETA_2022-01-01_00:00:00,6001,2026-03-04 15:00:00,2026-03-04 16:00:00,50.160860000000000000,ug.m-3,hour,3,3,2026-03-05 10:00:00,,5d45b245-0445-41ef-994f-5fe845711bf2
IT/SPO.IT0477A_6001_BETA_2022-01-01_00:00:00,6001,2026-03-04 16:00:00,2026-03-04 17:00:00,42.455307000000000000,ug.m-3,hour,3,3,2026-03-05 10:00:00,,5d45b245-0445-41ef-994f-5fe845711bf2
IT/SPO.IT0477A_6001_BETA_2022-01-01_00:00:00,6001,2026-03-04 17:00:00,2026-03-04 18:00:00,45.197674000000000000,ug.m-3,hour,3,3,2026-03-05 10:00:00,,5d45b245-0445-41ef-994f-5fe845711bf2
IT/SPO.IT0477A_6001_BETA_2022-01-01_00:00:00,6001,2026-03-04 18:00:00,2026-03-04 19:00:00,38.451912000000000000,ug.m-3,hour,3,3,2026-03-05 10:00:00,,5d45b245-0445-41ef-994f-5fe845711bf2
IT/SPO.IT0477A_6001_BETA_2022-01-01_00:00:00,6001,2026-03-04 19:00:00,2026-03-04 20:00:00,45.722885000000000000,ug.m-3,hour,3,3,2026-03-05 10:00:00,,5d45b245-0445-41ef-994f-5fe845711bf2
IT/SPO.IT0477A_6001_BETA_2022-01-01_00:00:00,6001,2026-03-04 20:00:00,2026-03-04 21:00:00,41.015760000000000000,ug.m-3,hour,3,3,2026-03-05 10:00:00,,5d45b245-0445-41ef-994f-5fe845711bf2
IT/SPO.IT0477A_6001_BETA_2022-01-01_00:00:00,6001,2026-03-04 21:00:00,2026-03-04 22:00:00,47.761253000000000000,ug.m-3,hour,3,3,2026-03-05 10:00:00,,5d45b245-0445-41ef-994f-5fe845711bf2
IT/SPO.IT0477A_6001_BETA_2022-01-01_00:00:00,6001,2026-03-04 22:00:00,2026-03-04 23:00:00,44.242960000000000000,ug.m-3,hour,3,3,2026-03-05 10:00:00,,5d45b245-0445-41ef-994f-5fe845711bf2
IT/SPO.IT0477A_6001_BETA_2022-01-01_00:00:00,6001,2026-03-04 23:00:00,2026-03-05 00:00:00,46.947792000000000000,ug.m-3,hour,3,3,2026-03-05 10:00:00,,5d45b245-0445-41ef-994f-5fe845711bf2
IT/SPO.IT0477A_6001_BETA_2022-01-01_00:00:00,6001,2026-03-05 00:00:00,2026-03-05 01:00:00,43.760983000000000000,ug.m-3,hour,3,3,2026-03-05 10:00:00,,5d45b245-0445-41ef-994f-5fe845711bf2
IT/SPO.IT0477A_6001_BETA_2022-01-01_00:00:00,6001,2026-03-05 01:00:00,2026-03-05 02:00:00,41.654060000000000000,ug.m-3,hour,3,3,2026-03-05 10:00:00,,5d45b245-0445-41ef-994f-5fe845711bf2
IT/SPO.IT0477A_6001_BETA_2022-01-01_00:00:00,6001,2026-03-05 02:00:00,2026-03-05 03:00:00,34.165283000000000000,ug.m-3,hour,3,3,2026-03-05 10:00:00,,5d45b245-0445-41ef-994f-5fe845711bf2
IT/SPO.IT0477A_6001_BETA_2022-01-01_00:00:00,6001,2026-03-05 03:00:00,2026-03-05 04:00:00,43.158913000000000000,ug.m-3,hour,3,3,2026-03-05 10:00:00,,5d45b245-0445-41ef-994f-5fe845711bf2
IT/SPO.IT0477A_6001_BETA_2022-01-01_00:00:00,6001,2026-03-05 04:00:00,2026-03-05 05:00:00,43.702885000000000000,ug.m-3,hour,3,3,2026-03-05 10:00:00,,5d45b245-0445-41ef-994f-5fe845711bf2
IT/SPO.IT0477A_6001_BETA_2022-01-01_00:00:00,6001,2026-03-05 05:00:00,2026-03-05 06:00:00,47.821100000000000000,ug.m-3,hour,3,3,2026-03-05 10:00:00,,5d45b245-0445-41ef-994f-5fe845711bf2
IT/SPO.IT0477A_6001_BETA_2022-01-01_00:00:00,6001,2026-03-05 06:00:00,2026-03-05 07:00:00,39.584020000000000000,ug.m-3,hour,3,3,2026-03-05 10:00:00,,5d45b245-0445-41ef-994f-5fe845711bf2
IT/SPO.IT0477A_6001_BETA_2022-01-01_00:00:00,6001,2026-03-05 07:00:00,2026-03-05 08:00:00,38.312960000000000000,ug.m-3,hour,3,3,2026-03-05 10:00:00,,5d45b245-0445-41ef-994f-5fe845711bf2
IT/SPO.IT0477A_6001_BETA_2022-01-01_00:00:00,6001,2026-03-05 08:00:00,2026-03-05 09:00:00,39.072235000000000000,ug.m-3,hour,3,3,2026-03-05 10:00:00,,5d45b245-0445-41ef-994f-5fe845711bf2
IT/SPO.IT0477A_6001_BETA_2022-01-01_00:00:00,6001,2026-03-05 09:00:00,2026-03-05 10:00:00,37.933890000000000000,ug.m-3,hour,3,3,2026-03-05 10:00:00,,5d45b245-0445-41ef-994f-5fe845711bf2
IT/SPO.IT0477A_6001_BETA_2022-01-01_00:00:00,6001,2026-03-05 10:00:00,2026-03-05 11:00:00,47.944126000000000000,ug.m-3,hour,3,3,2026-03-05 11:00:00,,1effff46-8acf-4544-8004-eeda10ae5121
IT/SPO.IT0477A_6001_BETA_2022-01-01_00:00:00,6001,2026-03-05 11:00:00,2026-03-05 12:00:00,43.054398000000000000,ug.m-3,hour,3,3,2026-03-05 12:00:00,,4dd670d7-7df9-44f8-8d49-1e130fbefb71
IT/SPO.IT0477A_6001_BETA_2022-01-01_00:00:00,6001,2026-03-05 12:00:00,2026-03-05 13:00:00,43.666378000000000000,ug.m-3,hour,3,3,2026-03-05 13:00:00,,e02df93f-802a-42af-a1fd-89b17956c087
IT/SPO.IT0477A_6001_BETA_2022-01-01_00:00:00,6001,2026-03-05 13:00:00,2026-03-05 14:00:00,42.888718000000000000,ug.m-3,hour,3,3,2026-03-05 14:00:00,,3044f6e3-8586-4778-9749-3a6ee62ddd9b
IT/SPO.IT0477A_6001_BETA_2022-01-01_00:00:00,6001,2026-03-05 14:00:00,2026-03-05 15:00:00,49.205322000000000000,ug.m-3,hour,3,3,2026-03-05 15:00:00,,81818ede-827a-4f62-bb44-2099232d6668
IT/SPO.IT0477A_6001_BETA_2022-01-01_00:00:00,6001,2026-03-05 15:00:00,2026-03-05 16:00:00,41.487210000000000000,ug.m-3,hour,3,3,2026-03-05 16:00:00,,62bd2141-ce56-4ff8-a14b-750252546da9
IT/SPO.IT0477A_6001_BETA_2022-01-01_00:00:00,6001,2026-03-05 16:00:00,2026-03-05 17:00:00,44.091007000000000000,ug.m-3,hour,3,3,2026-03-05 18:00:00,,7a1a5298-faeb-48d3-9116-3335e3b25425
IT/SPO.IT0477A_6001_BETA_2022-01-01_00:00:00,6001,2026-03-05 17:00:00,2026-03-05 18:00:00,49.435450000000000000,ug.m-3,hour,3,3,2026-03-05 18:00:00,,7a1a5298-faeb-48d3-9116-3335e3b25425
IT/SPO.IT0477A_6001_BETA_2022-01-01_00:00:00,6001,2026-03-05 18:00:00,2026-03-05 19:00:00,52.713980000000000000,ug.m-3,hour,3,3,2026-03-05 19:00:00,,41d69a3b-e235-4634-a628-0ef737fe44d7
IT/SPO.IT0477A_6001_BETA_2022-01-01_00:00:00,6001,2026-03-05 19:00:00,2026-03-05 20:00:00,42.516945000000000000,ug.m-3,hour,3,3,2026-03-05 20:00:00,,3747bbad-daf1-41c6-98db-1a120fe9c272
IT/SPO.IT0477A_6001_BETA_2022-01-01_00:00:00,6001,2026-03-05 20:00:00,2026-03-05 21:00:00,47.952150000000000000,ug.m-3,hour,3,3,2026-03-05 21:00:00,,9338e94c-f9fe-4ed9-b71b-4604b571e66e
IT/SPO.IT0477A_6001_BETA_2022-01-01_00:00:00,6001,2026-03-05 21:00:00,2026-03-05 22:00:00,46.009100000000000000,ug.m-3,hour,3,3,2026-03-05 22:00:00,,b13b1390-02f6-42ed-8ff4-b53fef2b0ee6
IT/SPO.IT0477A_6001_BETA_2022-01-01_00:00:00,6001,2026-03-05 22:00:00,2026-03-05 23:00:00,46.659863000000000000,ug.m-3,hour,3,3,2026-03-05 23:00:00,,56c7db14-ba20-4e0f-8f69-c33955de0b81
IT/SPO.IT0477A_6001_BETA_2022-01-01_00:00:00,6001,2026-03-05 23:00:00,2026-03-06 00:00:00,42.468338000000000000,ug.m-3,hour,3,3,2026-03-06 00:00:00,,4fb5cb59-d310-4f23-a940-3121b97436ca
IT/SPO.IT0477A_6001_BETA_2022-01-01_00:00:00,6001,2026-03-06 00:00:00,2026-03-06 01:00:00,48.548020000000000000,ug.m-3,hour,3,3,2026-03-06 01:00:00,,eeede7d3-e382-44b0-9c89-0237eba79c73
IT/SPO.IT0477A_6001_BETA_2022-01-01_00:00:00,6001,2026-03-06 01:00:00,2026-03-06 02:00:00,50.807600000000000000,ug.m-3,hour,3,3,2026-03-06 02:00:00,,c24838e4-0f2e-4753-9305-37115ca24a82
IT/SPO.IT0477A_6001_BETA_2022-01-01_00:00:00,6001,2026-03-06 02:00:00,2026-03-06 03:00:00,44.958565000000000000,ug.m-3,hour,3,3,2026-03-06 03:00:00,,a256205c-a324-4936-979d-51ca57b99249
IT/SPO.IT0477A_6001_BETA_2022-01-01_00:00:00,6001,2026-03-06 03:00:00,2026-03-06 04:00:00,51.892048000000000000,ug.m-3,hour,3,3,2026-03-06 04:00:00,,c57f5b7f-0361-41fa-9989-08291717d7e4
IT/SPO.IT0477A_6001_BETA_2022-01-01_00:00:00,6001,2026-03-06 04:00:00,2026-03-06 05:00:00,48.605860000000000000,ug.m-3,hour,3,3,2026-03-06 05:00:00,,04c5a5a2-f19b-452e-b558-ca061ce3e103
IT/SPO.IT0477A_6001_BETA_2022-01-01_00:00:00,6001,2026-03-06 05:00:00,2026-03-06 06:00:00,49.080980000000000000,ug.m-3,hour,3,3,2026-03-06 06:00:00,,55fd0263-3ea0-4261-97e0-cf5297f6d476
IT/SPO.IT0477A_6001_BETA_2022-01-01_00:00:00,6001,2026-03-06 06:00:00,2026-03-06 07:00:00,55.924080000000000000,ug.m-3,hour,3,3,2026-03-06 07:00:00,,ecdf37cd-7fe3-48f7-b71c-08ee8c04c524
IT/SPO.IT0477A_6001_BETA_2022-01-01_00:00:00,6001,2026-03-06 07:00:00,2026-03-06 08:00:00,57.823444000000000000,ug.m-3,hour,3,3,2026-03-06 08:00:00,,6ad128f0-ab90-4199-bd89-15c4356360f2
IT/SPO.IT0477A_6001_BETA_2022-01-01_00:00:00,6001,2026-03-06 08:00:00,2026-03-06 09:00:00,59.530410000000000000,ug.m-3,hour,3,3,2026-03-06 09:00:00,,8c9c1438-3347-407f-b9f2-0b61dead0a03
IT/SPO.IT0477A_6001_BETA_2022-01-01_00:00:00,6001,2026-03-06 09:00:00,2026-03-06 10:00:00,51.484060000000000000,ug.m-3,hour,3,3,2026-03-06 10:00:00,,6323db59-1bcb-472a-bfb1-ee32b62bac36
IT/SPO.IT0477A_6001_BETA_2022-01-01_00:00:00,6001,2026-03-06 10:00:00,2026-03-06 11:00:00,54.520412000000000000,ug.m-3,hour,3,3,2026-03-06 11:00:00,,39b3be3e-f2e9-46cb-9319-4a792ce39f2b
IT/SPO.IT0477A_6001_BETA_2022-01-01_00:00:00,6001,2026-03-06 11:00:00,2026-03-06 12:00:00,54.607100000000000000,ug.m-3,hour,3,3,2026-03-06 12:00:00,,703d2643-870a-4e88-a6b1-40f152c6de62
IT/SPO.IT0477A_6001_BETA_2022-01-01_00:00:00,6001,2026-03-06 12:00:00,2026-03-06 13:00:00,51.809870000000000000,ug.m-3,hour,3,3,2026-03-06 13:00:00,,2226f696-7442-4694-b15f-90ea5b1ab5cf
IT/SPO.IT0477A_6001_BETA_2022-01-01_00:00:00,6001,2026-03-06 13:00:00,2026-03-06 14:00:00,45.190884000000000000,ug.m-3,hour,3,3,2026-03-06 14:00:00,,41bb343c-f276-45f7-b7fe-05c2b46b85b6
IT/SPO.IT0477A_6001_BETA_2022-01-01_00:00:00,6001,2026-03-06 14:00:00,2026-03-06 15:00:00,43.727350000000000000,ug.m-3,hour,3,3,2026-03-06 15:00:00,,ae29c38d-cb8a-4fb9-be6e-c24e7a05e46e
IT/SPO.IT0477A_6001_BETA_2022-01-01_00:00:00,6001,2026-03-06 15:00:00,2026-03-06 16:00:00,39.839940000000000000,ug.m-3,hour,3,3,2026-03-06 16:00:00,,ee8aadfc-2d76-47ad-8d8b-252344137f4b
IT/SPO.IT0477A_6001_BETA_2022-01-01_00:00:00,6001,2026-03-06 16:00:00,2026-03-06 17:00:00,39.337845000000000000,ug.m-3,hour,3,3,2026-03-07 09:00:00,,57194d57-f103-4dde-9190-9a88ab234090
IT/SPO.IT0477A_6001_BETA_2022-01-01_00:00:00,6001,2026-03-06 17:00:00,2026-03-06 18:00:00,35.820553000000000000,ug.m-3,hour,3,3,2026-03-06 18:00:00,,6342e3b3-f0c8-40bf-b410-b90441f25dc9
IT/SPO.IT0477A_6001_BETA_2022-01-01_00:00:00,6001,2026-03-06 18:00:00,2026-03-06 19:00:00,29.017233000000000000,ug.m-3,hour,3,3,2026-03-06 19:00:00,,d370e034-a583-42c3-9f92-bd72469c5d47
IT/SPO.IT0477A_6001_BETA_2022-01-01_00:00:00,6001,2026-03-06 19:00:00,2026-03-06 20:00:00,32.631435000000000000,ug.m-3,hour,3,3,2026-03-06 20:00:00,,31f53060-dc51-49cc-b87a-ead33f078eb3
IT/SPO.IT0477A_6001_BETA_2022-01-01_00:00:00,6001,2026-03-06 20:00:00,2026-03-06 21:00:00,33.406902000000000000,ug.m-3,hour,3,3,2026-03-06 21:00:00,,ca138c9c-3313-42fa-8c7f-20ac46d658f3
IT/SPO.IT0477A_6001_BETA_2022-01-01_00:00:00,6001,2026-03-06 21:00:00,2026-03-06 22:00:00,45.691784000000000000,ug.m-3,hour,3,3,2026-03-06 22:00:00,,38ce52e9-564e-4d39-8aa8-fce45d185777
IT/SPO.IT0477A_6001_BETA_2022-01-01_00:00:00,6001,2026-03-06 22:00:00,2026-03-06 23:00:00,47.720264000000000000,ug.m-3,hour,3,3,2026-03-06 23:00:00,,479da5ca-a8e0-431d-90d4-a8e1fbe79747
IT/SPO.IT0477A_6001_BETA_2022-01-01_00:00:00,6001,2026-03-06 23:00:00,2026-03-07 00:00:00,46.642162000000000000,ug.m-3,hour,3,3,2026-03-07 00:00:00,,7426938d-ce4a-4e52-b079-8394cbc76f86
IT/SPO.IT0477A_6001_BETA_2022-01-01_00:00:00,6001,2026-03-07 00:00:00,2026-03-07 01:00:00,48.329056000000000000,ug.m-3,hour,3,3,2026-03-07 01:00:00,,464f4c7d-6698-4fad-9f6b-e26a0d2d0d04
IT/SPO.IT0477A_6001_BETA_2022-01-01_00:00:00,6001,2026-03-07 01:00:00,2026-03-07 02:00:00,44.141506000000000000,ug.m-3,hour,3,3,2026-03-07 02:00:00,,cce2c192-122c-4f3e-bcc6-d2f9e0003cd6
IT/SPO.IT0477A_6001_BETA_2022-01-01_00:00:00,6001,2026-03-07 02:00:00,2026-03-07 03:00:00,50.078120000000000000,ug.m-3,hour,3,3,2026-03-07 03:00:00,,02652b75-8014-491d-8521-d1801a4f1970
IT/SPO.IT0477A_6001_BETA_2022-01-01_00:00:00,6001,2026-03-07 03:00:00,2026-03-07 04:00:00,56.562866000000000000,ug.m-3,hour,3,3,2026-03-07 04:00:00,,fb895ee0-0d38-4b0b-a668-8046f00ca782
IT/SPO.IT0477A_6001_BETA_2022-01-01_00:00:00,6001,2026-03-07 04:00:00,2026-03-07 05:00:00,48.491570000000000000,ug.m-3,hour,3,3,2026-03-07 05:00:00,,afc911e6-c973-46a6-8748-b076c2d743c8
IT/SPO.IT0477A_6001_BETA_2022-01-01_00:00:00,6001,2026-03-07 05:00:00,2026-03-07 06:00:00,50.415930000000000000,ug.m-3,hour,3,3,2026-03-07 06:00:00,,37fc9768-3432-4a15-b3db-3b5bb45914f8
IT/SPO.IT0477A_6001_BETA_2022-01-01_00:00:00,6001,2026-03-07 06:00:00,2026-03-07 07:00:00,55.072105000000000000,ug.m-3,hour,3,3,2026-03-07 07:00:00,,8c0b1656-9177-49ea-a08c-7051965d2db3
IT/SPO.IT0477A_6001_BETA_2022-01-01_00:00:00,6001,2026-03-07 07:00:00,2026-03-07 08:00:00,48.488155000000000000,ug.m-3,hour,3,3,2026-03-07 08:00:00,,f60d1d32-9f4c-4cd8-be8b-91a1e4a348d4
IT/SPO.IT0477A_6001_BETA_2022-01-01_00:00:00,6001,2026-03-07 08:00:00,2026-03-07 09:00:00,51.253930000000000000,ug.m-3,hour,3,3,2026-03-07 09:00:00,,57194d57-f103-4dde-9190-9a88ab234090
IT/SPO.IT0477A_6001_BETA_2022-01-01_00:00:00,6001,2026-03-07 09:00:00,2026-03-07 10:00:00,51.481606000000000000,ug.m-3,hour,3,3,2026-03-07 10:00:00,,ef615880-3272-4b4b-919f-a45526025380
IT/SPO.IT0477A_6001_BETA_2022-01-01_00:00:00,6001,2026-03-07 10:00:00,2026-03-07 11:00:00,50.800034000000000000,ug.m-3,hour,3,3,2026-03-07 11:00:00,,b44986e5-a3a6-459a-b271-3adcc60b7cc8
IT/SPO.IT0477A_6001_BETA_2022-01-01_00:00:00,6001,2026-03-07 11:00:00,2026-03-07 12:00:00,53.710693000000000000,ug.m-3,hour,3,3,2026-03-07 12:00:00,,d6150bd9-1d7c-4cd2-b7d2-d6bc9ea6c9b1
IT/SPO.IT0477A_6001_BETA_2022-01-01_00:00:00,6001,2026-03-07 12:00:00,2026-03-07 13:00:00,46.700752000000000000,ug.m-3,hour,3,3,2026-03-07 13:00:00,,58afd28f-b95c-4977-bab1-8266052f2eb6
IT/SPO.IT0477A_6001_BETA_2022-01-01_00:00:00,6001,2026-03-07 13:00:00,2026-03-07 14:00:00,54.469242000000000000,ug.m-3,hour,3,3,2026-03-07 14:00:00,,6aa15784-d202-49a0-aa77-a73f180408de
IT/SPO.IT0477A_6001_BETA_2022-01-01_00:00:00,6001,2026-03-07 14:00:00,2026-03-07 15:00:00,41.994473000000000000,ug.m-3,hour,3,3,2026-03-07 15:00:00,,0b30cea8-a8a7-4fbf-ad43-208aa2a3d984
IT/SPO.IT0477A_6001_BETA_2022-01-01_00:00:00,6001,2026-03-07 15:00:00,2026-03-07 16:00:00,33.885730000000000000,ug.m-3,hour,3,3,2026-03-07 16:00:00,,6bb3d6c1-7ad3-4026-ba00-3641dfd37fa5
IT/SPO.IT0477A_6001_BETA_2022-01-01_00:00:00,6001,2026-03-07 16:00:00,2026-03-07 17:00:00,36.545414000000000000,ug.m-3,hour,3,3,2026-03-07 17:00:00,,be831132-f99b-4e8a-9296-ba8cab6dd8b8
IT/SPO.IT0477A_6001_BETA_2022-01-01_00:00:00,6001,2026-03-07 17:00:00,2026-03-07 18:00:00,25.581789000000000000,ug.m-3,hour,3,3,2026-03-07 18:00:00,,52c30c72-6513-4669-81b2-4c4d4c1ccc67
IT/SPO.IT0477A_6001_BETA_2022-01-01_00:00:00,6001,2026-03-07 18:00:00,2026-03-07 19:00:00,18.108929000000000000,ug.m-3,hour,3,3,2026-03-07 19:00:00,,4aa55694-ac51-4160-baba-032bff428268
IT/SPO.IT0477A_6001_BETA_2022-01-01_00:00:00,6001,2026-03-07 19:00:00,2026-03-07 20:00:00,18.759647000000000000,ug.m-3,hour,3,3,2026-03-07 20:00:00,,02e0bc7c-3e15-4749-a521-232bc2b31b7f
IT/SPO.IT0477A_6001_BETA_2022-01-01_00:00:00,6001,2026-03-07 20:00:00,2026-03-07 21:00:00,29.763952000000000000,ug.m-3,hour,3,3,2026-03-07 21:00:00,,24fe0f21-7c36-46cd-8887-e1e96cbbcb42
IT/SPO.IT0477A_6001_BETA_2022-01-01_00:00:00,6001,2026-03-07 21:00:00,2026-03-07 22:00:00,30.344273000000000000,ug.m-3,hour,3,3,2026-03-07 22:00:00,,0e861e51-0ff2-4779-84b3-1100b15a68a7
IT/SPO.IT0477A_6001_BETA_2022-01-01_00:00:00,6001,2026-03-07 22:00:00,2026-03-07 23:00:00,26.722551000000000000,ug.m-3,hour,3,3,2026-03-07 23:00:00,,b380ef5b-8e7d-484a-a957-5dc1d85154b2
IT/SPO.IT0477A_6001_BETA_2022-01-01_00:00:00,6001,2026-03-07 23:00:00,2026-03-08 00:00:00,29.809538000000000000,ug.m-3,hour,3,3,2026-03-08 00:00:00,,602ed7ac-2f63-458c-8e71-19ed5f90025d
IT/SPO.IT0477A_6001_BETA_2022-01-01_00:00:00,6001,2026-03-08 00:00:00,2026-03-08 01:00:00,30.277805000000000000,ug.m-3,hour,3,3,2026-03-08 01:00:00,,a9638970-0a50-4a7c-8680-7e533f642f28
IT/SPO.IT0477A_6001_BETA_2022-01-01_00:00:00,6001,2026-03-08 01:00:00,2026-03-08 02:00:00,29.004765000000000000,ug.m-3,hour,3,3,2026-03-08 02:00:00,,39e515a0-c078-4de0-97e7-c0093824ac55
IT/SPO.IT0477A_6001_BETA_2022-01-01_00:00:00,6001,2026-03-08 02:00:00,2026-03-08 03:00:00,37.157394000000000000,ug.m-3,hour,3,3,2026-03-08 03:00:00,,8deee644-0b42-4fd0-b852-68d18cf787c2
IT/SPO.IT0477A_6001_BETA_2022-01-01_00:00:00,6001,2026-03-08 03:00:00,2026-03-08 04:00:00,42.575615000000000000,ug.m-3,hour,3,3,2026-03-08 04:00:00,,752ec398-6d7b-48ef-a1ab-c7cb7002f9ce
IT/SPO.IT0477A_6001_BETA_2022-01-01_00:00:00,6001,2026-03-08 04:00:00,2026-03-08 05:00:00,37.168243000000000000,ug.m-3,hour,3,3,2026-03-08 05:00:00,,90f78d17-3a8c-448e-bf53-afef3b0e640a
IT/SPO.IT0477A_6001_BETA_2022-01-01_00:00:00,6001,2026-03-08 05:00:00,2026-03-08 06:00:00,48.013477000000000000,ug.m-3,hour,3,3,2026-03-08 06:00:00,,dc988b9c-2230-479b-9947-3d8ab13b1da2
IT/SPO.IT0477A_6001_BETA_2022-01-01_00:00:00,6001,2026-03-08 06:00:00,2026-03-08 07:00:00,36.743492000000000000,ug.m-3,hour,3,3,2026-03-08 07:00:00,,f3e4c4b9-fb6b-4f4f-86e8-1695d10deafd
IT/SPO.IT0477A_6001_BETA_2022-01-01_00:00:00,6001,2026-03-08 07:00:00,2026-03-08 08:00:00,43.396710000000000000,ug.m-3,hour,3,3,2026-03-08 08:00:00,,bcf465ef-27db-45ae-a7f3-39b472869a3a
IT/SPO.IT0477A_6001_BETA_2022-01-01_00:00:00,6001,2026-03-08 08:00:00,2026-03-08 09:00:00,40.470737000000000000,ug.m-3,hour,3,3,2026-03-08 09:00:00,,630b0bc4-1d99-4821-8ae9-61709c07b12e
IT/SPO.IT0477A_6001_BETA_2022-01-01_00:00:00,6001,2026-03-08 09:00:00,2026-03-08 10:00:00,43.173040000000000000,ug.m-3,hour,3,3,2026-03-08 10:00:00,,9142ce78-4f62-499a-86dc-03e30e6684a8
IT/SPO.IT0477A_6001_BETA_2022-01-01_00:00:00,6001,2026-03-08 10:00:00,2026-03-08 11:00:00,46.957100000000000000,ug.m-3,hour,3,3,2026-03-08 11:00:00,,78f76f1a-b630-400f-8257-372253271100
IT/SPO.IT0477A_6001_BETA_2022-01-01_00:00:00,6001,2026-03-08 11:00:00,2026-03-08 12:00:00,43.710274000000000000,ug.m-3,hour,3,3,2026-03-08 12:00:00,,4540dc53-bcdd-4328-916b-2039c99d2949
IT/SPO.IT0477A_6001_BETA_2022-01-01_00:00:00,6001,2026-03-08 12:00:00,2026-03-08 13:00:00,39.928910000000000000,ug.m-3,hour,3,3,2026-03-08 13:00:00,,27f0d87a-e7ea-4403-bb78-14d4c01d4a6d
IT/SPO.IT0477A_6001_BETA_2022-01-01_00:00:00,6001,2026-03-08 13:00:00,2026-03-08 14:00:00,38.023500000000000000,ug.m-3,hour,3,3,2026-03-08 14:00:00,,cf2cd738-e846-4f9a-b8a4-34a072383552
IT/SPO.IT0477A_6001_BETA_2022-01-01_00:00:00,6001,2026-03-08 14:00:00,2026-03-08 15:00:00,39.953190000000000000,ug.m-3,hour,3,3,2026-03-08 15:00:00,,1da1ccfa-87e2-40ef-9f4b-e16c090a4c1e
IT/SPO.IT0477A_6001_BETA_2022-01-01_00:00:00,6001,2026-03-08 15:00:00,2026-03-08 16:00:00,34.741734000000000000,ug.m-3,hour,3,3,2026-03-08 16:00:00,,1e04aae5-78ea-4872-b535-87fd1d91733d
IT/SPO.IT0477A_6001_BETA_2022-01-01_00:00:00,6001,2026-03-08 16:00:00,2026-03-08 17:00:00,31.641570000000000000,ug.m-3,hour,3,3,2026-03-08 17:00:00,,471533a3-f11d-4c1f-af01-375bde1fb4a5
IT/SPO.IT0477A_6001_BETA_2022-01-01_00:00:00,6001,2026-03-08 17:00:00,2026-03-08 18:00:00,22.149097000000000000,ug.m-3,hour,3,3,2026-03-08 18:00:00,,d69c5a20-0291-4beb-a191-0113b47eb1f0
IT/SPO.IT0477A_6001_BETA_2022-01-01_00:00:00,6001,2026-03-08 18:00:00,2026-03-08 19:00:00,19.159103000000000000,ug.m-3,hour,3,3,2026-03-08 19:00:00,,692dcdd1-ba11-4ff5-a24c-5fba06e702d1
IT/SPO.IT0477A_6001_BETA_2022-01-01_00:00:00,6001,2026-03-08 19:00:00,2026-03-08 20:00:00,26.809520000000000000,ug.m-3,hour,3,3,2026-03-08 20:00:00,,b2518112-eaaf-4830-9dae-d61692d16fb3
IT/SPO.IT0477A_6001_BETA_2022-01-01_00:00:00,6001,2026-03-08 20:00:00,2026-03-08 21:00:00,29.677956000000000000,ug.m-3,hour,3,3,2026-03-08 21:00:00,,d6ccc211-b719-4fd1-b132-1fd6f406fd1e
IT/SPO.IT0477A_6001_BETA_2022-01-01_00:00:00,6001,2026-03-08 21:00:00,2026-03-08 22:00:00,23.047232000000000000,ug.m-3,hour,3,3,2026-03-08 22:00:00,,76c1d57c-6d02-4b8d-a98d-b63751484357
IT/SPO.IT0477A_6001_BETA_2022-01-01_00:00:00,6001,2026-03-08 22:00:00,2026-03-08 23:00:00,32.401830000000000000,ug.m-3,hour,3,3,2026-03-08 23:00:00,,6080e2a9-1591-42af-af4e-3a51a4b2a6dc
IT/SPO.IT0477A_6001_BETA_2022-01-01_00:00:00,6001,2026-03-08 23:00:00,2026-03-09 00:00:00,28.546118000000000000,ug.m-3,hour,3,3,2026-03-09 00:00:00,,4c1b1485-a6a7-4ebf-ba4e-4f7c62bb7602
IT/SPO.IT0477A_6001_BETA_2022-01-01_00:00:00,6001,2026-03-09 00:00:00,2026-03-09 01:00:00,29.677929000000000000,ug.m-3,hour,3,3,2026-03-09 01:00:00,,459fd8bc-ca33-4db6-ab5e-0fdc6613d342
IT/SPO.IT0477A_6001_BETA_2022-01-01_00:00:00,6001,2026-03-09 01:00:00,2026-03-09 02:00:00,40.035286000000000000,ug.m-3,hour,3,3,2026-03-09 02:00:00,,8e029dc5-14ef-494c-a5ca-8c08ecce861b
IT/SPO.IT0477A_6001_BETA_2022-01-01_00:00:00,6001,2026-03-09 02:00:00,2026-03-09 03:00:00,38.310303000000000000,ug.m-3,hour,3,3,2026-03-09 03:00:00,,9328529c-fccf-4399-baac-bacbef20cc2f
IT/SPO.IT0477A_6001_BETA_2022-01-01_00:00:00,6001,2026-03-09 03:00:00,2026-03-09 04:00:00,43.589645000000000000,ug.m-3,hour,3,3,2026-03-09 04:00:00,,ef6f3aa2-ef95-49a1-a7c1-4863439c6a2d
IT/SPO.IT0477A_6001_BETA_2022-01-01_00:00:00,6001,2026-03-09 04:00:00,2026-03-09 05:00:00,40.969437000000000000,ug.m-3,hour,3,3,2026-03-09 05:00:00,,279494b8-74a5-41f7-ba5a-b4dbfad191d6
IT/SPO.IT0477A_6001_BETA_2022-01-01_00:00:00,6001,2026-03-09 05:00:00,2026-03-09 06:00:00,38.241890000000000000,ug.m-3,hour,3,3,2026-03-09 06:00:00,,aa061a72-b22e-4c51-bd3a-c9ef6a21ce1e
IT/SPO.IT0477A_6001_BETA_2022-01-01_00:00:00,6001,2026-03-09 06:00:00,2026-03-09 07:00:00,42.942627000000000000,ug.m-3,hour,3,3,2026-03-09 07:00:00,,a760ce47-ea84-4ea3-b207-62df852fbfb5
IT/SPO.IT0477A_6001_BETA_2022-01-01_00:00:00,6001,2026-03-09 07:00:00,2026-03-09 08:00:00,40.389145000000000000,ug.m-3,hour,3,3,2026-03-09 08:00:00,,cf833f8a-919f-412b-b56d-1a1218300df7
IT/SPO.IT0477A_6001_BETA_2022-01-01_00:00:00,6001,2026-03-09 08:00:00,2026-03-09 09:00:00,40.982002000000000000,ug.m-3,hour,3,3,2026-03-09 09:00:00,,de3c0295-2f87-4c93-b385-b79063db826d
IT/SPO.IT0477A_6001_BETA_2022-01-01_00:00:00,6001,2026-03-09 09:00:00,2026-03-09 10:00:00,36.890038000000000000,ug.m-3,hour,3,3,2026-03-09 10:00:00,,6174a4df-2402-47b0-bb9a-0722c4a3ce82
IT/SPO.IT0477A_6001_BETA_2022-01-01_00:00:00,6001,2026-03-09 10:00:00,2026-03-09 11:00:00,45.518406000000000000,ug.m-3,hour,3,3,2026-03-09 11:00:00,,e8f3dce3-285b-48ed-8499-854f60718699
IT/SPO.IT0477A_6001_BETA_2022-01-01_00:00:00,6001,2026-03-09 11:00:00,2026-03-09 12:00:00,52.101025000000000000,ug.m-3,hour,3,3,2026-03-09 12:00:00,,ae7c566e-28fb-474b-9292-392e7279d48d
IT/SPO.IT0477A_6001_BETA_2022-01-01_00:00:00,6001,2026-03-09 12:00:00,2026-03-09 13:00:00,45.671482000000000000,ug.m-3,hour,3,3,2026-03-09 13:00:00,,d125a24c-811e-4b54-8c5d-1d8588c95c47
IT/SPO.IT0477A_6001_BETA_2022-01-01_00:00:00,6001,2026-03-09 13:00:00,2026-03-09 14:00:00,43.659980000000000000,ug.m-3,hour,3,3,2026-03-09 14:00:00,,333445ee-6899-4471-bd36-722f45f536d1
IT/SPO.IT0477A_6001_BETA_2022-01-01_00:00:00,6001,2026-03-09 14:00:00,2026-03-09 15:00:00,42.031506000000000000,ug.m-3,hour,3,3,2026-03-09 15:00:00,,865c44d5-fdf8-4c4d-ae84-4c421bf587e9
IT/SPO.IT0477A_6001_BETA_2022-01-01_00:00:00,6001,2026-03-09 15:00:00,2026-03-09 16:00:00,34.667390000000000000,ug.m-3,hour,3,3,2026-03-09 16:00:00,,a645941b-e4d7-443c-95d9-522e059a1f85
IT/SPO.IT0477A_6001_BETA_2022-01-01_00:00:00,6001,2026-03-09 16:00:00,2026-03-09 17:00:00,24.267172000000000000,ug.m-3,hour,3,3,2026-03-09 17:00:00,,649e1b38-03ec-48d1-ade1-55f42ef178fa
IT/SPO.IT0477A_6001_BETA_2022-01-01_00:00:00,6001,2026-03-09 17:00:00,2026-03-09 18:00:00,20.146217000000000000,ug.m-3,hour,3,3,2026-03-09 18:00:00,,1b58833d-860b-4bb1-84c6-a306f64fcdc3
IT/SPO.IT0477A_6001_BETA_2022-01-01_00:00:00,6001,2026-03-09 18:00:00,2026-03-09 19:00:00,28.491089000000000000,ug.m-3,hour,3,3,2026-03-09 19:00:00,,6a4dc7e5-0b00-4334-8382-ce4ef246732d
IT/SPO.IT0477A_6001_BETA_2022-01-01_00:00:00,6001,2026-03-09 19:00:00,2026-03-09 20:00:00,40.444912000000000000,ug.m-3,hour,3,3,2026-03-09 20:00:00,,2e768427-a392-4da4-b8a0-d85e39ed9f77
IT/SPO.IT0477A_6001_BETA_2022-01-01_00:00:00,6001,2026-03-09 20:00:00,2026-03-09 21:00:00,37.252968000000000000,ug.m-3,hour,3,3,2026-03-09 21:00:00,,8ee8fa4d-fd38-40f6-93c9-5a66e7c40ccf
IT/SPO.IT0477A_6001_BETA_2022-01-01_00:00:00,6001,2026-03-09 21:00:00,2026-03-09 22:00:00,47.276510000000000000,ug.m-3,hour,3,3,2026-03-09 22:00:00,,e6fc7f1a-483e-4fa8-a435-b5383580010c
IT/SPO.IT0477A_6001_BETA_2022-01-01_00:00:00,6001,2026-03-09 22:00:00,2026-03-09 23:00:00,38.407780000000000000,ug.m-3,hour,3,3,2026-03-09 23:00:00,,4e155935-5dea-4fea-8c63-8c64affec129
IT/SPO.IT0477A_6001_BETA_2022-01-01_00:00:00,6001,2026-03-09 23:00:00,2026-03-10 00:00:00,31.415834000000000000,ug.m-3,hour,3,3,2026-03-10 00:00:00,,3bc79485-3eae-446d-bca9-5f0d41e3fc0b
IT/SPO.IT0477A_6001_BETA_2022-01-01_00:00:00,6001,2026-03-10 00:00:00,2026-03-10 01:00:00,51.004677000000000000,ug.m-3,hour,3,3,2026-03-10 01:00:00,,9bbf8c14-ec9d-454e-8172-7e0357985d1e
IT/SPO.IT0477A_6001_BETA_2022-01-01_00:00:00,6001,2026-03-10 01:00:00,2026-03-10 02:00:00,54.178368000000000000,ug.m-3,hour,3,3,2026-03-10 02:00:00,,314d70fc-b75c-4c41-8c78-d6a71f949ce8
IT/SPO.IT0477A_6001_BETA_2022-01-01_00:00:00,6001,2026-03-10 02:00:00,2026-03-10 03:00:00,49.402490000000000000,ug.m-3,hour,3,3,2026-03-10 03:00:00,,a05f5b35-8cc9-4270-b236-c5351f9d0790
IT/SPO.IT0477A_6001_BETA_2022-01-01_00:00:00,6001,2026-03-10 03:00:00,2026-03-10 04:00:00,39.153090000000000000,ug.m-3,hour,3,3,2026-03-10 04:00:00,,2b215b5d-52fb-4157-8f21-e9f8f76cb527
IT/SPO.IT0477A_6001_BETA_2022-01-01_00:00:00,6001,2026-03-10 04:00:00,2026-03-10 05:00:00,47.102730000000000000,ug.m-3,hour,3,3,2026-03-10 05:00:00,,00ad199a-1443-4eaf-bab2-e21f59e0809d
IT/SPO.IT0477A_6001_BETA_2022-01-01_00:00:00,6001,2026-03-10 05:00:00,2026-03-10 06:00:00,54.269123000000000000,ug.m-3,hour,3,3,2026-03-10 06:00:00,,950f16c4-d335-482d-984f-5dbf987b23e5
IT/SPO.IT0477A_6001_BETA_2022-01-01_00:00:00,6001,2026-03-10 06:00:00,2026-03-10 07:00:00,52.302002000000000000,ug.m-3,hour,3,3,2026-03-10 07:00:00,,9d9379c8-7fcc-448b-b169-984a980355fc
IT/SPO.IT0477A_6001_BETA_2022-01-01_00:00:00,6001,2026-03-10 07:00:00,2026-03-10 08:00:00,48.650530000000000000,ug.m-3,hour,3,3,2026-03-10 08:00:00,,8d2aba0f-475b-4027-bb05-d974f21c2cac
IT/SPO.IT0477A_6001_BETA_2022-01-01_00:00:00,6001,2026-03-10 08:00:00,2026-03-10 09:00:00,57.520020000000000000,ug.m-3,hour,3,3,2026-03-10 09:00:00,,5dddc441-7ba4-432c-8601-2294cbffa826
IT/SPO.IT0477A_6001_BETA_2022-01-01_00:00:00,6001,2026-03-10 09:00:00,2026-03-10 10:00:00,52.263390000000000000,ug.m-3,hour,3,3,2026-03-10 10:00:00,,062cad54-6153-4212-9f1a-5458fdf54597
IT/SPO.IT0477A_6001_BETA_2022-01-01_00:00:00,6001,2026-03-10 10:00:00,2026-03-10 11:00:00,50.676296000000000000,ug.m-3,hour,3,3,2026-03-10 11:00:00,,db7f6812-b5ec-4661-9d48-d4e589d0dbd0
IT/SPO.IT0477A_6001_BETA_2022-01-01_00:00:00,6001,2026-03-10 11:00:00,2026-03-10 12:00:00,54.006000000000000000,ug.m-3,hour,3,3,2026-03-10 12:00:00,,23112e97-30f5-4551-8d29-75dacdde811b
IT/SPO.IT0477A_6001_BETA_2022-01-01_00:00:00,6001,2026-03-10 12:00:00,2026-03-10 13:00:00,54.597866000000000000,ug.m-3,hour,3,3,2026-03-10 13:00:00,,f6dcb2fd-2984-4943-90dc-d351432501fe
IT/SPO.IT0477A_6001_BETA_2022-01-01_00:00:00,6001,2026-03-10 13:00:00,2026-03-10 14:00:00,48.863277000000000000,ug.m-3,hour,3,3,2026-03-10 14:00:00,,a5c9e7a1-8e23-444d-a2cb-847c0164363c
IT/SPO.IT0477A_6001_BETA_2022-01-01_00:00:00,6001,2026-03-10 14:00:00,2026-03-10 15:00:00,42.519240000000000000,ug.m-3,hour,3,3,2026-03-10 16:00:00,,5c5fb719-8cfa-4531-9318-f075e90cc1b8
IT/SPO.IT0477A_6001_BETA_2022-01-01_00:00:00,6001,2026-03-10 15:00:00,2026-03-10 16:00:00,40.993526000000000000,ug.m-3,hour,3,3,2026-03-10 16:00:00,,5c5fb719-8cfa-4531-9318-f075e90cc1b8
IT/SPO.IT0477A_6001_BETA_2022-01-01_00:00:00,6001,2026-03-10 16:00:00,2026-03-10 17:00:00,45.214860000000000000,ug.m-3,hour,3,3,2026-03-10 17:00:00,,f5562b61-5362-49ce-8bf3-31e03909c4c9
IT/SPO.IT0477A_6001_BETA_2022-01-01_00:00:00,6001,2026-03-10 17:00:00,2026-03-10 18:00:00,45.431202000000000000,ug.m-3,hour,3,3,2026-03-10 18:00:00,,60987a7c-ea99-4db9-91cf-01f3f4b28a8f
IT/SPO.IT0477A_6001_BETA_2022-01-01_00:00:00,6001,2026-03-10 18:00:00,2026-03-10 19:00:00,38.407760000000000000,ug.m-3,hour,3,3,2026-03-10 19:00:00,,f7f54484-4730-44eb-9a80-010df92f4c0a
IT/SPO.IT0477A_6001_BETA_2022-01-01_00:00:00,6001,2026-03-10 19:00:00,2026-03-10 20:00:00,44.973526000000000000,ug.m-3,hour,3,3,2026-03-10 20:00:00,,092e1467-7d5f-4a1e-a393-8bb0a84bade7
IT/SPO.IT0477A_6001_BETA_2022-01-01_00:00:00,6001,2026-03-10 20:00:00,2026-03-10 21:00:00,51.022903000000000000,ug.m-3,hour,3,3,2026-03-10 21:00:00,,78a5e04a-8e49-4a99-bc24-0a74ef5f5bb6
IT/SPO.IT0477A_6001_BETA_2022-01-01_00:00:00,6001,2026-03-10 21:00:00,2026-03-10 22:00:00,47.498627000000000000,ug.m-3,hour,3,3,2026-03-10 22:00:00,,4b653ffe-92ff-467c-b35a-9479bdd4b7d0
IT/SPO.IT0477A_6001_BETA_2022-01-01_00:00:00,6001,2026-03-10 22:00:00,2026-03-10 23:00:00,54.393623000000000000,ug.m-3,hour,3,3,2026-03-10 23:00:00,,8369ab8b-bf62-41a3-b289-c87974aab3eb
IT/SPO.IT0477A_6001_BETA_2022-01-01_00:00:00,6001,2026-03-10 23:00:00,2026-03-11 00:00:00,43.777180000000000000,ug.m-3,hour,3,3,2026-03-11 00:00:00,,8e6745e7-33a7-4e1f-8ec6-6df453e0d990
IT/SPO.IT0477A_6001_BETA_2022-01-01_00:00:00,6001,2026-03-11 00:00:00,2026-03-11 01:00:00,49.969437000000000000,ug.m-3,hour,3,3,2026-03-11 01:00:00,,24132ba0-e0dc-41c0-a246-b97871c32fcb
IT/SPO.IT0477A_6001_BETA_2022-01-01_00:00:00,6001,2026-03-11 01:00:00,2026-03-11 02:00:00,53.257008000000000000,ug.m-3,hour,3,3,2026-03-11 02:00:00,,1cfd0dfa-7120-48cc-8bb3-ac0d25b5bed3
IT/SPO.IT0477A_6001_BETA_2022-01-01_00:00:00,6001,2026-03-11 02:00:00,2026-03-11 03:00:00,56.364840000000000000,ug.m-3,hour,3,3,2026-03-11 03:00:00,,96409413-deac-4e0d-b49c-cc60ca045b4a
IT/SPO.IT0477A_6001_BETA_2022-01-01_00:00:00,6001,2026-03-11 03:00:00,2026-03-11 04:00:00,54.434430000000000000,ug.m-3,hour,3,3,2026-03-11 04:00:00,,5e38a457-031e-4bb1-a6e8-b52b1ac6752c
IT/SPO.IT0477A_6001_BETA_2022-01-01_00:00:00,6001,2026-03-11 04:00:00,2026-03-11 05:00:00,57.549683000000000000,ug.m-3,hour,3,3,2026-03-11 05:00:00,,64bf0c97-784b-40ec-bc0f-fd6f78d298f8
IT/SPO.IT0477A_6001_BETA_2022-01-01_00:00:00,6001,2026-03-11 05:00:00,2026-03-11 06:00:00,54.133400000000000000,ug.m-3,hour,3,3,2026-03-11 06:00:00,,927f9dbe-bc67-477c-851b-8f3f020095b8
IT/SPO.IT0477A_6001_BETA_2022-01-01_00:00:00,6001,2026-03-11 06:00:00,2026-03-11 07:00:00,48.644238000000000000,ug.m-3,hour,3,3,2026-03-11 07:00:00,,b653cc65-9904-4029-b2e6-2808b024476b
IT/SPO.IT0477A_6001_BETA_2022-01-01_00:00:00,6001,2026-03-11 07:00:00,2026-03-11 08:00:00,49.977325000000000000,ug.m-3,hour,3,3,2026-03-11 08:00:00,,99df63da-c159-408b-84fd-81984b2160f2
IT/SPO.IT0477A_6001_BETA_2022-01-01_00:00:00,6001,2026-03-11 08:00:00,2026-03-11 09:00:00,46.822506000000000000,ug.m-3,hour,3,3,2026-03-11 09:00:00,,1510f43b-ea2e-48cc-852b-bc3ca3cd91e8
IT/SPO.IT0477A_6001_BETA_2022-01-01_00:00:00,6001,2026-03-11 09:00:00,2026-03-11 10:00:00,57.208260000000000000,ug.m-3,hour,3,3,2026-03-11 10:00:00,,c6b59e27-6f2e-4242-9945-0f466f01d844
IT/SPO.IT0477A_6001_BETA_2022-01-01_00:00:00,6001,2026-03-11 10:00:00,2026-03-11 11:00:00,58.851875000000000000,ug.m-3,hour,3,3,2026-03-11 11:00:00,,177988c7-88b6-4d73-8441-88fd055985aa
IT/SPO.IT0477A_6001_BETA_2022-01-01_00:00:00,6001,2026-03-11 11:00:00,2026-03-11 12:00:00,64.350780000000000000,ug.m-3,hour,3,3,2026-03-11 12:00:00,,bd8b206f-92bb-4815-bc91-0971e5b16512
IT/SPO.IT0477A_6001_BETA_2022-01-01_00:00:00,6001,2026-03-11 12:00:00,2026-03-11 13:00:00,55.052757000000000000,ug.m-3,hour,3,3,2026-03-11 13:00:00,,300076a4-0956-461c-9b82-7dc49e7900c3
IT/SPO.IT0477A_6001_BETA_2022-01-01_00:00:00,6001,2026-03-11 13:00:00,2026-03-11 14:00:00,59.533070000000000000,ug.m-3,hour,3,3,2026-03-11 14:00:00,,0faca9ad-6dc8-42bc-b15f-a0f3ef3ec417
IT/SPO.IT0477A_6001_BETA_2022-01-01_00:00:00,6001,2026-03-11 14:00:00,2026-03-11 15:00:00,45.222504000000000000,ug.m-3,hour,3,3,2026-03-11 15:00:00,,90455539-bcc6-4f1e-b113-eff213100f3b
IT/SPO.IT0477A_6001_BETA_2022-01-01_00:00:00,6001,2026-03-11 15:00:00,2026-03-11 16:00:00,55.443054000000000000,ug.m-3,hour,3,3,2026-03-11 16:00:00,,a4f1a7f5-2df4-4012-bc52-54084e988d24
IT/SPO.IT0477A_6001_BETA_2022-01-01_00:00:00,6001,2026-03-11 16:00:00,2026-03-11 17:00:00,49.658417000000000000,ug.m-3,hour,3,3,2026-03-11 17:00:00,,b78478b6-ddbd-41fc-b818-b3a5c0686011
IT/SPO.IT0477A_6001_BETA_2022-01-01_00:00:00,6001,2026-03-11 17:00:00,2026-03-11 18:00:00,42.200110000000000000,ug.m-3,hour,3,3,2026-03-11 18:00:00,,b15033ee-4f80-4eeb-9a35-d44bad0b30c3
IT/SPO.IT0477A_6001_BETA_2022-01-01_00:00:00,6001,2026-03-11 18:00:00,2026-03-11 19:00:00,38.234596000000000000,ug.m-3,hour,3,3,2026-03-11 19:00:00,,c4cae639-76df-47fd-81d7-cf6e6e3b6a7c
IT/SPO.IT0477A_6001_BETA_2022-01-01_00:00:00,6001,2026-03-11 19:00:00,2026-03-11 20:00:00,42.233450000000000000,ug.m-3,hour,3,3,2026-03-11 20:00:00,,a32684a3-083b-4b87-a961-0b160a2d5042
IT/SPO.IT0477A_6001_BETA_2022-01-01_00:00:00,6001,2026-03-11 20:00:00,2026-03-11 21:00:00,37.414420000000000000,ug.m-3,hour,3,3,2026-03-11 21:00:00,,39765bdf-81a6-42b3-b753-d5371a760bf2
IT/SPO.IT0477A_6001_BETA_2022-01-01_00:00:00,6001,2026-03-11 21:00:00,2026-03-11 22:00:00,26.190094000000000000,ug.m-3,hour,3,3,2026-03-11 22:00:00,,8c6c9c17-db58-4ef2-b99c-f2d7d83fe226
IT/SPO.IT0477A_6001_BETA_2022-01-01_00:00:00,6001,2026-03-11 22:00:00,2026-03-11 23:00:00,32.191300000000000000,ug.m-3,hour,3,3,2026-03-11 23:00:00,,f9b2c454-45cd-4433-90f7-54198809d808
IT/SPO.IT0477A_6001_BETA_2022-01-01_00:00:00,6001,2026-03-11 23:00:00,2026-03-12 00:00:00,40.821583000000000000,ug.m-3,hour,3,3,2026-03-12 00:00:00,,6438b778-ad1a-4e92-9f8e-b8e7b8983493
IT/SPO.IT0477A_6001_BETA_2022-01-01_00:00:00,6001,2026-03-12 00:00:00,2026-03-12 01:00:00,36.924458000000000000,ug.m-3,hour,3,3,2026-03-12 01:00:00,,aa4ca793-deab-4aab-a216-bcc127e376a8
IT/SPO.IT0477A_6001_BETA_2022-01-01_00:00:00,6001,2026-03-12 01:00:00,2026-03-12 02:00:00,30.906813000000000000,ug.m-3,hour,3,3,2026-03-12 02:00:00,,6d287b90-968b-44bd-972b-421135ca2be9
IT/SPO.IT0477A_6001_BETA_2022-01-01_00:00:00,6001,2026-03-12 02:00:00,2026-03-12 03:00:00,37.422226000000000000,ug.m-3,hour,3,3,2026-03-12 03:00:00,,56827a38-7783-48ca-8006-63231b317b89
IT/SPO.IT0477A_6001_BETA_2022-01-01_00:00:00,6001,2026-03-12 03:00:00,2026-03-12 04:00:00,41.397324000000000000,ug.m-3,hour,3,3,2026-03-12 04:00:00,,c2ab64ca-04d6-4138-8ca3-1fddcd8e268a
IT/SPO.IT0477A_6001_BETA_2022-01-01_00:00:00,6001,2026-03-12 04:00:00,2026-03-12 05:00:00,44.726974000000000000,ug.m-3,hour,3,3,2026-03-12 05:00:00,,5a501332-d16a-4012-a616-66e5b959c2e1
IT/SPO.IT0477A_6001_BETA_2022-01-01_00:00:00,6001,2026-03-12 05:00:00,2026-03-12 06:00:00,41.679820000000000000,ug.m-3,hour,3,3,2026-03-12 06:00:00,,aa135779-00a5-4b52-904a-0453839deaa1
IT/SPO.IT0477A_6001_BETA_2022-01-01_00:00:00,6001,2026-03-12 06:00:00,2026-03-12 07:00:00,46.966110000000000000,ug.m-3,hour,3,3,2026-03-12 07:00:00,,ea1d3deb-2dd7-45a9-8772-84bdaa4d792b
IT/SPO.IT0477A_6001_BETA_2022-01-01_00:00:00,6001,2026-03-12 07:00:00,2026-03-12 08:00:00,46.570496000000000000,ug.m-3,hour,3,3,2026-03-12 08:00:00,,319c4e58-6739-42eb-80ce-ebe7061f7203
IT/SPO.IT0477A_6001_BETA_2022-01-01_00:00:00,6001,2026-03-12 08:00:00,2026-03-12 09:00:00,40.520750000000000000,ug.m-3,hour,3,3,2026-03-12 09:00:00,,8f134dc3-d423-492e-bd8e-afcd9a9ff8f3
IT/SPO.IT0477A_6001_BETA_2022-01-01_00:00:00,6001,2026-03-12 09:00:00,2026-03-12 10:00:00,41.960182000000000000,ug.m-3,hour,3,3,2026-03-12 10:00:00,,32c158e9-8df0-42a9-bf1c-5026600b32fb
IT/SPO.IT0477A_6001_BETA_2022-01-01_00:00:00,6001,2026-03-12 10:00:00,2026-03-12 11:00:00,40.161540000000000000,ug.m-3,hour,3,3,2026-03-12 11:00:00,,8ac1317d-c11f-4cef-b0ff-63eea61abe85
IT/SPO.IT0477A_6001_BETA_2022-01-01_00:00:00,6001,2026-03-12 11:00:00,2026-03-12 12:00:00,41.950733000000000000,ug.m-3,hour,3,3,2026-03-12 12:00:00,,ba93a4e7-3e2e-4cc0-a3ff-d65098f1e937
IT/SPO.IT0477A_6001_BETA_2022-01-01_00:00:00,6001,2026-03-12 12:00:00,2026-03-12 13:00:00,46.650352000000000000,ug.m-3,hour,3,3,2026-03-12 13:00:00,,d220f370-9539-456e-840d-49a88156c070
IT/SPO.IT0477A_6001_BETA_2022-01-01_00:00:00,6001,2026-03-12 13:00:00,2026-03-12 14:00:00,41.888435000000000000,ug.m-3,hour,3,3,2026-03-12 14:00:00,,8458a112-ed4b-4dd6-9fe6-10fa715943f4
IT/SPO.IT0477A_6001_BETA_2022-01-01_00:00:00,6001,2026-03-12 14:00:00,2026-03-12 15:00:00,47.086640000000000000,ug.m-3,hour,3,3,2026-03-12 15:00:00,,041392de-ba9e-42ca-a4e9-499828c472ca
IT/SPO.IT0477A_6001_BETA_2022-01-01_00:00:00,6001,2026-03-12 15:00:00,2026-03-12 16:00:00,36.528423000000000000,ug.m-3,hour,3,3,2026-03-12 16:00:00,,a01855cf-f01c-4a18-800b-bc1f7f4b8912
IT/SPO.IT0477A_6001_BETA_2022-01-01_00:00:00,6001,2026-03-12 16:00:00,2026-03-12 17:00:00,27.141212000000000000,ug.m-3,hour,3,3,2026-03-12 17:00:00,,832df9f4-f8ff-42f2-a51a-e4b6afdf26d5
IT/SPO.IT0477A_6001_BETA_2022-01-01_00:00:00,6001,2026-03-12 17:00:00,2026-03-12 18:00:00,18.998848000000000000,ug.m-3,hour,3,3,2026-03-12 18:00:00,,d73e4de8-a089-4a77-9270-0f12c80ba5f0
IT/SPO.IT0477A_6001_BETA_2022-01-01_00:00:00,6001,2026-03-12 18:00:00,2026-03-12 19:00:00,17.180943000000000000,ug.m-3,hour,3,3,2026-03-12 19:00:00,,b39cf321-edd8-4fc3-826e-5738df35a15b
IT/SPO.IT0477A_6001_BETA_2022-01-01_00:00:00,6001,2026-03-12 19:00:00,2026-03-12 20:00:00,16.639767000000000000,ug.m-3,hour,3,3,2026-03-12 20:00:00,,a36cce86-126c-413a-b771-12ad65d19c37
IT/SPO.IT0477A_6001_BETA_2022-01-01_00:00:00,6001,2026-03-12 20:00:00,2026-03-12 21:00:00,19.730074000000000000,ug.m-3,hour,3,3,2026-03-12 21:00:00,,75583921-919e-40bb-9fad-a3557ea9e8e7
IT/SPO.IT0477A_6001_BETA_2022-01-01_00:00:00,6001,2026-03-12 21:00:00,2026-03-12 22:00:00,24.368057000000000000,ug.m-3,hour,3,3,2026-03-12 22:00:00,,26e5824f-5f21-48fa-964b-b454c798e893
IT/SPO.IT0477A_6001_BETA_2022-01-01_00:00:00,6001,2026-03-12 22:00:00,2026-03-12 23:00:00,17.057640000000000000,ug.m-3,hour,3,3,2026-03-12 23:00:00,,78e34d94-a438-4618-9ae0-5b332c263a7f
IT/SPO.IT0477A_6001_BETA_2022-01-01_00:00:00,6001,2026-03-12 23:00:00,2026-03-13 00:00:00,25.789223000000000000,ug.m-3,hour,3,3,2026-03-13 00:00:00,,7cbd2364-3c5e-44f0-80b2-d29961cd5cde
IT/SPO.IT0477A_6001_BETA_2022-01-01_00:00:00,6001,2026-03-13 00:00:00,2026-03-13 01:00:00,21.949540000000000000,ug.m-3,hour,3,3,2026-03-13 01:00:00,,71a74748-6e21-425e-bdb9-59b169035673
IT/SPO.IT0477A_6001_BETA_2022-01-01_00:00:00,6001,2026-03-13 01:00:00,2026-03-13 02:00:00,15.615274000000000000,ug.m-3,hour,3,3,2026-03-13 02:00:00,,3a11fabf-1ccf-4ee5-b436-69c580b03c1a
IT/SPO.IT0477A_6001_BETA_2022-01-01_00:00:00,6001,2026-03-13 02:00:00,2026-03-13 03:00:00,13.611182000000000000,ug.m-3,hour,3,3,2026-03-13 03:00:00,,e6b913a1-42ea-4f56-abbe-0923e6c27709
IT/SPO.IT0477A_6001_BETA_2022-01-01_00:00:00,6001,2026-03-13 03:00:00,2026-03-13 04:00:00,23.697819000000000000,ug.m-3,hour,3,3,2026-03-13 04:00:00,,7c17a630-3a48-4a4c-811c-94ed3e1bea51
IT/SPO.IT0477A_6001_BETA_2022-01-01_00:00:00,6001,2026-03-13 04:00:00,2026-03-13 05:00:00,28.427406000000000000,ug.m-3,hour,3,3,2026-03-13 05:00:00,,c49672b7-6965-425c-bae7-3fd529ec9c21
IT/SPO.IT0477A_6001_BETA_2022-01-01_00:00:00,6001,2026-03-13 05:00:00,2026-03-13 06:00:00,31.609707000000000000,ug.m-3,hour,3,3,2026-03-13 06:00:00,,1e085965-4847-4db1-a97b-c993e40540ef
IT/SPO.IT0477A_6001_BETA_2022-01-01_00:00:00,6001,2026-03-13 06:00:00,2026-03-13 07:00:00,30.697416000000000000,ug.m-3,hour,3,3,2026-03-13 07:00:00,,d332a002-6175-4f49-bcd2-5c2e54d9d2f7
IT/SPO.IT0477A_6001_BETA_2022-01-01_00:00:00,6001,2026-03-13 07:00:00,2026-03-13 08:00:00,30.257500000000000000,ug.m-3,hour,3,3,2026-03-13 08:00:00,,209cf492-1f48-4a14-b551-51a422d90752
IT/SPO.IT0477A_6001_BETA_2022-01-01_00:00:00,6001,2026-03-13 08:00:00,2026-03-13 09:00:00,39.303520000000000000,ug.m-3,hour,3,3,2026-03-13 09:00:00,,25730f2c-19b6-415a-9ec1-b9c5e6239863
IT/SPO.IT0477A_6001_BETA_2022-01-01_00:00:00,6001,2026-03-13 09:00:00,2026-03-13 10:00:00,34.011528000000000000,ug.m-3,hour,3,3,2026-03-13 10:00:00,,a76054b2-5dad-4383-ab5b-12d68dfa64c7
IT/SPO.IT0477A_6001_BETA_2022-01-01_00:00:00,6001,2026-03-13 10:00:00,2026-03-13 11:00:00,33.797970000000000000,ug.m-3,hour,3,3,2026-03-13 11:00:00,,ac80c15d-f6b8-4ea5-a7bd-0d60e3a830ef
IT/SPO.IT0477A_6001_BETA_2022-01-01_00:00:00,6001,2026-03-13 11:00:00,2026-03-13 12:00:00,39.107960000000000000,ug.m-3,hour,3,3,2026-03-13 12:00:00,,eda3b783-670c-4d2f-bcf0-a69126c8ec1b
IT/SPO.IT0477A_6001_BETA_2022-01-01_00:00:00,6001,2026-03-13 12:00:00,2026-03-13 13:00:00,36.396270000000000000,ug.m-3,hour,3,3,2026-03-13 13:00:00,,9d853099-b0e6-485f-b323-c2018ad3f63a
IT/SPO.IT0477A_6001_BETA_2022-01-01_00:00:00,6001,2026-03-13 13:00:00,2026-03-13 14:00:00,46.585650000000000000,ug.m-3,hour,3,3,2026-03-13 14:00:00,,3bed10a9-6a26-4373-88c9-17eade08ab1b
IT/SPO.IT0477A_6001_BETA_2022-01-01_00:00:00,6001,2026-03-13 14:00:00,2026-03-13 15:00:00,42.585007000000000000,ug.m-3,hour,3,3,2026-03-13 15:00:00,,3d35dd6f-0708-47c9-a8b3-48dc9551c8e1
IT/SPO.IT0477A_6001_BETA_2022-01-01_00:00:00,6001,2026-03-13 15:00:00,2026-03-13 16:00:00,39.625145000000000000,ug.m-3,hour,3,3,2026-03-13 16:00:00,,b943370b-6524-4759-b583-2830aae8ae55
IT/SPO.IT0477A_6001_BETA_2022-01-01_00:00:00,6001,2026-03-13 16:00:00,2026-03-13 17:00:00,33.799408000000000000,ug.m-3,hour,3,3,2026-03-13 17:00:00,,d0188a76-549d-4bba-be82-2f08ad09304c
IT/SPO.IT0477A_6001_BETA_2022-01-01_00:00:00,6001,2026-03-13 17:00:00,2026-03-13 18:00:00,24.526978000000000000,ug.m-3,hour,3,3,2026-03-13 18:00:00,,19ab1cfe-d5e2-4c3e-a629-e39cdd82afcf
IT/SPO.IT0477A_6001_BETA_2022-01-01_00:00:00,6001,2026-03-13 18:00:00,2026-03-13 19:00:00,19.039099000000000000,ug.m-3,hour,3,3,2026-03-13 19:00:00,,9ce32f66-556e-4b2d-8078-572d3075a2a0
IT/SPO.IT0477A_6001_BETA_2022-01-01_00:00:00,6001,2026-03-13 19:00:00,2026-03-13 20:00:00,24.760883000000000000,ug.m-3,hour,3,3,2026-03-13 20:00:00,,6e8b356a-0d30-419f-a0c4-ec47db5b97dd
IT/SPO.IT0477A_6001_BETA_2022-01-01_00:00:00,6001,2026-03-13 20:00:00,2026-03-13 21:00:00,25.312267000000000000,ug.m-3,hour,3,3,2026-03-13 21:00:00,,495f60de-1f15-4953-b201-ee6ae274bbee
IT/SPO.IT0477A_6001_BETA_2022-01-01_00:00:00,6001,2026-03-13 21:00:00,2026-03-13 22:00:00,27.243448000000000000,ug.m-3,hour,3,3,2026-03-13 22:00:00,,bf1975e0-8ae8-4815-a6bb-61641062751b
IT/SPO.IT0477A_6001_BETA_2022-01-01_00:00:00,6001,2026-03-13 22:00:00,2026-03-13 23:00:00,23.548970000000000000,ug.m-3,hour,3,3,2026-03-13 23:00:00,,438c3f35-1c8a-478d-9ea4-405a2437a058
IT/SPO.IT0477A_6001_BETA_2022-01-01_00:00:00,6001,2026-03-13 23:00:00,2026-03-14 00:00:00,27.974232000000000000,ug.m-3,hour,3,3,2026-03-14 00:00:00,,0e7569f6-45e6-4642-b994-e526f38ff502
IT/SPO.IT0477A_6001_BETA_2022-01-01_00:00:00,6001,2026-03-14 00:00:00,2026-03-14 01:00:00,-9999.000000000000000000,ug.m-3,hour,-1,3,2026-03-15 09:00:00,,d5558819-6d3c-4b71-a1ba-b37a3de8b42a
IT/SPO.IT0477A_6001_BETA_2022-01-01_00:00:00,6001,2026-03-14 01:00:00,2026-03-14 02:00:00,-9999.000000000000000000,ug.m-3,hour,-1,3,2026-03-15 09:00:00,,d5558819-6d3c-4b71-a1ba-b37a3de8b42a
IT/SPO.IT0477A_6001_BETA_2022-01-01_00:00:00,6001,2026-03-14 02:00:00,2026-03-14 03:00:00,-9999.000000000000000000,ug.m-3,hour,-1,3,2026-03-15 09:00:00,,d5558819-6d3c-4b71-a1ba-b37a3de8b42a
IT/SPO.IT0477A_6001_BETA_2022-01-01_00:00:00,6001,2026-03-14 03:00:00,2026-03-14 04:00:00,-9999.000000000000000000,ug.m-3,hour,-1,3,2026-03-15 09:00:00,,d5558819-6d3c-4b71-a1ba-b37a3de8b42a
IT/SPO.IT0477A_6001_BETA_2022-01-01_00:00:00,6001,2026-03-14 04:00:00,2026-03-14 05:00:00,-9999.000000000000000000,ug.m-3,hour,-1,3,2026-03-15 09:00:00,,d5558819-6d3c-4b71-a1ba-b37a3de8b42a
IT/SPO.IT0477A_6001_BETA_2022-01-01_00:00:00,6001,2026-03-14 05:00:00,2026-03-14 06:00:00,-9999.000000000000000000,ug.m-3,hour,-1,3,2026-03-15 09:00:00,,d5558819-6d3c-4b71-a1ba-b37a3de8b42a
IT/SPO.IT0477A_6001_BETA_2022-01-01_00:00:00,6001,2026-03-14 06:00:00,2026-03-14 07:00:00,-9999.000000000000000000,ug.m-3,hour,-1,3,2026-03-15 09:00:00,,d5558819-6d3c-4b71-a1ba-b37a3de8b42a
IT/SPO.IT0477A_6001_BETA_2022-01-01_00:00:00,6001,2026-03-14 07:00:00,2026-03-14 08:00:00,-9999.000000000000000000,ug.m-3,hour,-1,3,2026-03-15 09:00:00,,d5558819-6d3c-4b71-a1ba-b37a3de8b42a
IT/SPO.IT0477A_6001_BETA_2022-01-01_00:00:00,6001,2026-03-14 08:00:00,2026-03-14 09:00:00,-9999.000000000000000000,ug.m-3,hour,-1,3,2026-03-15 09:00:00,,d5558819-6d3c-4b71-a1ba-b37a3de8b42a
IT/SPO.IT0477A_6001_BETA_2022-01-01_00:00:00,6001,2026-03-14 09:00:00,2026-03-14 10:00:00,-9999.000000000000000000,ug.m-3,hour,-1,3,2026-03-15 09:00:00,,d5558819-6d3c-4b71-a1ba-b37a3de8b42a
IT/SPO.IT0477A_6001_BETA_2022-01-01_00:00:00,6001,2026-03-14 10:00:00,2026-03-14 11:00:00,-9999.000000000000000000,ug.m-3,hour,-1,3,2026-03-15 09:00:00,,d5558819-6d3c-4b71-a1ba-b37a3de8b42a
IT/SPO.IT0477A_6001_BETA_2022-01-01_00:00:00,6001,2026-03-14 11:00:00,2026-03-14 12:00:00,-9999.000000000000000000,ug.m-3,hour,-1,3,2026-03-15 09:00:00,,d5558819-6d3c-4b71-a1ba-b37a3de8b42a
IT/SPO.IT0477A_6001_BETA_2022-01-01_00:00:00,6001,2026-03-14 12:00:00,2026-03-14 13:00:00,-9999.000000000000000000,ug.m-3,hour,-1,3,2026-03-15 09:00:00,,d5558819-6d3c-4b71-a1ba-b37a3de8b42a
IT/SPO.IT0477A_6001_BETA_2022-01-01_00:00:00,6001,2026-03-14 13:00:00,2026-03-14 14:00:00,-9999.000000000000000000,ug.m-3,hour,-1,3,2026-03-15 09:00:00,,d5558819-6d3c-4b71-a1ba-b37a3de8b42a
IT/SPO.IT0477A_6001_BETA_2022-01-01_00:00:00,6001,2026-03-14 14:00:00,2026-03-14 15:00:00,-9999.000000000000000000,ug.m-3,hour,-1,3,2026-03-15 09:00:00,,d5558819-6d3c-4b71-a1ba-b37a3de8b42a
IT/SPO.IT0477A_6001_BETA_2022-01-01_00:00:00,6001,2026-03-14 15:00:00,2026-03-14 16:00:00,-9999.000000000000000000,ug.m-3,hour,-1,3,2026-03-15 09:00:00,,d5558819-6d3c-4b71-a1ba-b37a3de8b42a
IT/SPO.IT0477A_6001_BETA_2022-01-01_00:00:00,6001,2026-03-14 16:00:00,2026-03-14 17:00:00,-9999.000000000000000000,ug.m-3,hour,-1,3,2026-03-15 09:00:00,,d5558819-6d3c-4b71-a1ba-b37a3de8b42a
IT/SPO.IT0477A_6001_BETA_2022-01-01_00:00:00,6001,2026-03-14 17:00:00,2026-03-14 18:00:00,-9999.000000000000000000,ug.m-3,hour,-1,3,2026-03-15 09:00:00,,d5558819-6d3c-4b71-a1ba-b37a3de8b42a
IT/SPO.IT0477A_6001_BETA_2022-01-01_00:00:00,6001,2026-03-14 18:00:00,2026-03-14 19:00:00,-9999.000000000000000000,ug.m-3,hour,-1,3,2026-03-15 09:00:00,,d5558819-6d3c-4b71-a1ba-b37a3de8b42a
IT/SPO.IT0477A_6001_BETA_2022-01-01_00:00:00,6001,2026-03-14 19:00:00,2026-03-14 20:00:00,-9999.000000000000000000,ug.m-3,hour,-1,3,2026-03-15 09:00:00,,d5558819-6d3c-4b71-a1ba-b37a3de8b42a
IT/SPO.IT0477A_6001_BETA_2022-01-01_00:00:00,6001,2026-03-14 20:00:00,2026-03-14 21:00:00,-9999.000000000000000000,ug.m-3,hour,-1,3,2026-03-15 09:00:00,,d5558819-6d3c-4b71-a1ba-b37a3de8b42a
IT/SPO.IT0477A_6001_BETA_2022-01-01_00:00:00,6001,2026-03-14 21:00:00,2026-03-14 22:00:00,-9999.000000000000000000,ug.m-3,hour,-1,3,2026-03-15 09:00:00,,d5558819-6d3c-4b71-a1ba-b37a3de8b42a
IT/SPO.IT0477A_6001_BETA_2022-01-01_00:00:00,6001,2026-03-14 22:00:00,2026-03-14 23:00:00,-9999.000000000000000000,ug.m-3,hour,-1,3,2026-03-15 09:00:00,,d5558819-6d3c-4b71-a1ba-b37a3de8b42a
IT/SPO.IT0477A_6001_BETA_2022-01-01_00:00:00,6001,2026-03-14 23:00:00,2026-03-15 00:00:00,-9999.000000000000000000,ug.m-3,hour,-1,3,2026-03-15 09:00:00,,d5558819-6d3c-4b71-a1ba-b37a3de8b42a
IT/SPO.IT0477A_6001_BETA_2022-01-01_00:00:00,6001,2026-03-15 00:00:00,2026-03-15 01:00:00,-9999.000000000000000000,ug.m-3,hour,-1,3,2026-03-16 08:00:00,,bf16ae6a-6e66-4327-a2b3-b3ce958bf26a
IT/SPO.IT0477A_6001_BETA_2022-01-01_00:00:00,6001,2026-03-15 01:00:00,2026-03-15 02:00:00,-9999.000000000000000000,ug.m-3,hour,-1,3,2026-03-16 08:00:00,,bf16ae6a-6e66-4327-a2b3-b3ce958bf26a
IT/SPO.IT0477A_6001_BETA_2022-01-01_00:00:00,6001,2026-03-15 02:00:00,2026-03-15 03:00:00,-9999.000000000000000000,ug.m-3,hour,-1,3,2026-03-16 08:00:00,,bf16ae6a-6e66-4327-a2b3-b3ce958bf26a
IT/SPO.IT0477A_6001_BETA_2022-01-01_00:00:00,6001,2026-03-15 03:00:00,2026-03-15 04:00:00,-9999.000000000000000000,ug.m-3,hour,-1,3,2026-03-16 08:00:00,,bf16ae6a-6e66-4327-a2b3-b3ce958bf26a
IT/SPO.IT0477A_6001_BETA_2022-01-01_00:00:00,6001,2026-03-15 04:00:00,2026-03-15 05:00:00,-9999.000000000000000000,ug.m-3,hour,-1,3,2026-03-16 08:00:00,,bf16ae6a-6e66-4327-a2b3-b3ce958bf26a
IT/SPO.IT0477A_6001_BETA_2022-01-01_00:00:00,6001,2026-03-15 05:00:00,2026-03-15 06:00:00,-9999.000000000000000000,ug.m-3,hour,-1,3,2026-03-16 08:00:00,,bf16ae6a-6e66-4327-a2b3-b3ce958bf26a
IT/SPO.IT0477A_6001_BETA_2022-01-01_00:00:00,6001,2026-03-15 06:00:00,2026-03-15 07:00:00,-9999.000000000000000000,ug.m-3,hour,-1,3,2026-03-16 08:00:00,,bf16ae6a-6e66-4327-a2b3-b3ce958bf26a
IT/SPO.IT0477A_6001_BETA_2022-01-01_00:00:00,6001,2026-03-15 07:00:00,2026-03-15 08:00:00,-9999.000000000000000000,ug.m-3,hour,-1,3,2026-03-16 08:00:00,,bf16ae6a-6e66-4327-a2b3-b3ce958bf26a
IT/SPO.IT0477A_6001_BETA_2022-01-01_00:00:00,6001,2026-03-15 08:00:00,2026-03-15 09:00:00,-9999.000000000000000000,ug.m-3,hour,-1,3,2026-03-16 08:00:00,,bf16ae6a-6e66-4327-a2b3-b3ce958bf26a
IT/SPO.IT0477A_6001_BETA_2022-01-01_00:00:00,6001,2026-03-15 09:00:00,2026-03-15 10:00:00,-9999.000000000000000000,ug.m-3,hour,-1,3,2026-03-16 08:00:00,,bf16ae6a-6e66-4327-a2b3-b3ce958bf26a
IT/SPO.IT0477A_6001_BETA_2022-01-01_00:00:00,6001,2026-03-15 10:00:00,2026-03-15 11:00:00,-9999.000000000000000000,ug.m-3,hour,-1,3,2026-03-16 08:00:00,,bf16ae6a-6e66-4327-a2b3-b3ce958bf26a
IT/SPO.IT0477A_6001_BETA_2022-01-01_00:00:00,6001,2026-03-15 11:00:00,2026-03-15 12:00:00,-9999.000000000000000000,ug.m-3,hour,-1,3,2026-03-16 08:00:00,,bf16ae6a-6e66-4327-a2b3-b3ce958bf26a
IT/SPO.IT0477A_6001_BETA_2022-01-01_00:00:00,6001,2026-03-15 12:00:00,2026-03-15 13:00:00,-9999.000000000000000000,ug.m-3,hour,-1,3,2026-03-16 08:00:00,,bf16ae6a-6e66-4327-a2b3-b3ce958bf26a
IT/SPO.IT0477A_6001_BETA_2022-01-01_00:00:00,6001,2026-03-15 13:00:00,2026-03-15 14:00:00,-9999.000000000000000000,ug.m-3,hour,-1,3,2026-03-16 08:00:00,,bf16ae6a-6e66-4327-a2b3-b3ce958bf26a
IT/SPO.IT0477A_6001_BETA_2022-01-01_00:00:00,6001,2026-03-15 14:00:00,2026-03-15 15:00:00,-9999.000000000000000000,ug.m-3,hour,-1,3,2026-03-16 08:00:00,,bf16ae6a-6e66-4327-a2b3-b3ce958bf26a
IT/SPO.IT0477A_6001_BETA_2022-01-01_00:00:00,6001,2026-03-15 15:00:00,2026-03-15 16:00:00,-9999.000000000000000000,ug.m-3,hour,-1,3,2026-03-16 08:00:00,,bf16ae6a-6e66-4327-a2b3-b3ce958bf26a
IT/SPO.IT0477A_6001_BETA_2022-01-01_00:00:00,6001,2026-03-15 16:00:00,2026-03-15 17:00:00,-9999.000000000000000000,ug.m-3,hour,-1,3,2026-03-16 08:00:00,,bf16ae6a-6e66-4327-a2b3-b3ce958bf26a
IT/SPO.IT0477A_6001_BETA_2022-01-01_00:00:00,6001,2026-03-15 17:00:00,2026-03-15 18:00:00,-9999.000000000000000000,ug.m-3,hour,-1,3,2026-03-16 08:00:00,,bf16ae6a-6e66-4327-a2b3-b3ce958bf26a
IT/SPO.IT0477A_6001_BETA_2022-01-01_00:00:00,6001,2026-03-15 18:00:00,2026-03-15 19:00:00,-9999.000000000000000000,ug.m-3,hour,-1,3,2026-03-16 08:00:00,,bf16ae6a-6e66-4327-a2b3-b3ce958bf26a
IT/SPO.IT0477A_6001_BETA_2022-01-01_00:00:00,6001,2026-03-15 19:00:00,2026-03-15 20:00:00,-9999.000000000000000000,ug.m-3,hour,-1,3,2026-03-16 08:00:00,,bf16ae6a-6e66-4327-a2b3-b3ce958bf26a
IT/SPO.IT0477A_6001_BETA_2022-01-01_00:00:00,6001,2026-03-15 20:00:00,2026-03-15 21:00:00,-9999.000000000000000000,ug.m-3,hour,-1,3,2026-03-16 08:00:00,,bf16ae6a-6e66-4327-a2b3-b3ce958bf26a
IT/SPO.IT0477A_6001_BETA_2022-01-01_00:00:00,6001,2026-03-15 21:00:00,2026-03-15 22:00:00,-9999.000000000000000000,ug.m-3,hour,-1,3,2026-03-16 08:00:00,,bf16ae6a-6e66-4327-a2b3-b3ce958bf26a
IT/SPO.IT0477A_6001_BETA_2022-01-01_00:00:00,6001,2026-03-15 22:00:00,2026-03-15 23:00:00,-9999.000000000000000000,ug.m-3,hour,-1,3,2026-03-16 08:00:00,,bf16ae6a-6e66-4327-a2b3-b3ce958bf26a
IT/SPO.IT0477A_6001_BETA_2022-01-01_00:00:00,6001,2026-03-15 23:00:00,2026-03-16 00:00:00,-9999.000000000000000000,ug.m-3,hour,-1,3,2026-03-16 08:00:00,,bf16ae6a-6e66-4327-a2b3-b3ce958bf26a
IT/SPO.IT0477A_6001_BETA_2022-01-01_00:00:00,6001,2026-03-16 00:00:00,2026-03-16 01:00:00,-9999.000000000000000000,ug.m-3,hour,-1,3,2026-03-16 08:00:00,,bf16ae6a-6e66-4327-a2b3-b3ce958bf26a
IT/SPO.IT0477A_6001_BETA_2022-01-01_00:00:00,6001,2026-03-16 01:00:00,2026-03-16 02:00:00,-9999.000000000000000000,ug.m-3,hour,-1,3,2026-03-16 08:00:00,,bf16ae6a-6e66-4327-a2b3-b3ce958bf26a
IT/SPO.IT0477A_6001_BETA_2022-01-01_00:00:00,6001,2026-03-16 02:00:00,2026-03-16 03:00:00,-9999.000000000000000000,ug.m-3,hour,-1,3,2026-03-16 08:00:00,,bf16ae6a-6e66-4327-a2b3-b3ce958bf26a
IT/SPO.IT0477A_6001_BETA_2022-01-01_00:00:00,6001,2026-03-16 03:00:00,2026-03-16 04:00:00,-9999.000000000000000000,ug.m-3,hour,-1,3,2026-03-16 08:00:00,,bf16ae6a-6e66-4327-a2b3-b3ce958bf26a
IT/SPO.IT0477A_6001_BETA_2022-01-01_00:00:00,6001,2026-03-16 04:00:00,2026-03-16 05:00:00,-9999.000000000000000000,ug.m-3,hour,-1,3,2026-03-16 08:00:00,,bf16ae6a-6e66-4327-a2b3-b3ce958bf26a
IT/SPO.IT0477A_6001_BETA_2022-01-01_00:00:00,6001,2026-03-16 05:00:00,2026-03-16 06:00:00,-9999.000000000000000000,ug.m-3,hour,-1,3,2026-03-16 08:00:00,,bf16ae6a-6e66-4327-a2b3-b3ce958bf26a
IT/SPO.IT0477A_6001_BETA_2022-01-01_00:00:00,6001,2026-03-16 06:00:00,2026-03-16 07:00:00,-9999.000000000000000000,ug.m-3,hour,-1,3,2026-03-16 08:00:00,,bf16ae6a-6e66-4327-a2b3-b3ce958bf26a
IT/SPO.IT0477A_6001_BETA_2022-01-01_00:00:00,6001,2026-03-16 07:00:00,2026-03-16 08:00:00,-9999.000000000000000000,ug.m-3,hour,-1,3,2026-03-16 08:00:00,,bf16ae6a-6e66-4327-a2b3-b3ce958bf26a
IT/SPO.IT0477A_6001_BETA_2022-01-01_00:00:00,6001,2026-03-16 08:00:00,2026-03-16 09:00:00,-9999.000000000000000000,ug.m-3,hour,-1,3,2026-03-17 09:00:00,,980aadc9-4724-423e-ab59-c691093e9915
IT/SPO.IT0477A_6001_BETA_2022-01-01_00:00:00,6001,2026-03-16 09:00:00,2026-03-16 10:00:00,-9999.000000000000000000,ug.m-3,hour,-1,3,2026-03-17 09:00:00,,980aadc9-4724-423e-ab59-c691093e9915
IT/SPO.IT0477A_6001_BETA_2022-01-01_00:00:00,6001,2026-03-16 10:00:00,2026-03-16 11:00:00,-9999.000000000000000000,ug.m-3,hour,-1,3,2026-03-16 11:00:00,,e8a90a9e-217c-4d3c-8497-44bc1bbef23b
IT/SPO.IT0477A_6001_BETA_2022-01-01_00:00:00,6001,2026-03-16 11:00:00,2026-03-16 12:00:00,-9999.000000000000000000,ug.m-3,hour,-1,3,2026-03-16 12:00:00,,26146963-913f-4c21-8e5b-151c400f5ee5
IT/SPO.IT0477A_6001_BETA_2022-01-01_00:00:00,6001,2026-03-16 12:00:00,2026-03-16 13:00:00,-9999.000000000000000000,ug.m-3,hour,-1,3,2026-03-16 13:00:00,,f2ac7e7e-ac38-47d0-9b52-ac2d32987da5
IT/SPO.IT0477A_6001_BETA_2022-01-01_00:00:00,6001,2026-03-16 13:00:00,2026-03-16 14:00:00,-9999.000000000000000000,ug.m-3,hour,-1,3,2026-03-16 14:00:00,,303ee030-f6cc-4a34-bc87-637d31ff5c10
IT/SPO.IT0477A_6001_BETA_2022-01-01_00:00:00,6001,2026-03-16 14:00:00,2026-03-16 15:00:00,-9999.000000000000000000,ug.m-3,hour,-1,3,2026-03-16 15:00:00,,106123db-6ab7-4956-9973-ddcef01f0ccf
IT/SPO.IT0477A_6001_BETA_2022-01-01_00:00:00,6001,2026-03-16 15:00:00,2026-03-16 16:00:00,-9999.000000000000000000,ug.m-3,hour,-1,3,2026-03-16 16:00:00,,95a22c1d-a44d-4ba4-ac8a-a56ed46c9365
IT/SPO.IT0477A_6001_BETA_2022-01-01_00:00:00,6001,2026-03-16 16:00:00,2026-03-16 17:00:00,-9999.000000000000000000,ug.m-3,hour,-1,3,2026-03-16 17:00:00,,c529e324-abce-4881-9b4e-c74cafdc7051
IT/SPO.IT0477A_6001_BETA_2022-01-01_00:00:00,6001,2026-03-16 17:00:00,2026-03-16 18:00:00,-9999.000000000000000000,ug.m-3,hour,-1,3,2026-03-16 18:00:00,,4461ae18-45c9-4042-be33-e582a0a411a2
IT/SPO.IT0477A_6001_BETA_2022-01-01_00:00:00,6001,2026-03-16 18:00:00,2026-03-16 19:00:00,-9999.000000000000000000,ug.m-3,hour,-1,3,2026-03-16 19:00:00,,87a5d303-b1fc-450a-8cb9-bc9bd9eb4d63
IT/SPO.IT0477A_6001_BETA_2022-01-01_00:00:00,6001,2026-03-16 19:00:00,2026-03-16 20:00:00,-9999.000000000000000000,ug.m-3,hour,-1,3,2026-03-16 20:00:00,,238c6aa4-7557-44cb-b5da-9ee900436167
IT/SPO.IT0477A_6001_BETA_2022-01-01_00:00:00,6001,2026-03-16 20:00:00,2026-03-16 21:00:00,-9999.000000000000000000,ug.m-3,hour,-1,3,2026-03-16 21:00:00,,ee5444a8-4b36-45c6-9aa8-d657b1570ec1
IT/SPO.IT0477A_6001_BETA_2022-01-01_00:00:00,6001,2026-03-16 21:00:00,2026-03-16 22:00:00,-9999.000000000000000000,ug.m-3,hour,-1,3,2026-03-16 22:00:00,,de8bdd17-4a4b-46c6-83fc-f62cc2eb6ccc
IT/SPO.IT0477A_6001_BETA_2022-01-01_00:00:00,6001,2026-03-16 22:00:00,2026-03-16 23:00:00,-9999.000000000000000000,ug.m-3,hour,-1,3,2026-03-16 23:00:00,,fd15d6ea-4601-41d2-a86f-4a10765a8e68
IT/SPO.IT0477A_6001_BETA_2022-01-01_00:00:00,6001,2026-03-16 23:00:00,2026-03-17 00:00:00,-9999.000000000000000000,ug.m-3,hour,-1,3,2026-03-17 00:00:00,,86cd5bd8-7ac9-4048-9d31-ca4eb7b34dc9
IT/SPO.IT0477A_6001_BETA_2022-01-01_00:00:00,6001,2026-03-17 00:00:00,2026-03-17 01:00:00,-9999.000000000000000000,ug.m-3,hour,-1,3,2026-03-17 01:00:00,,835a5ff9-d471-4d5e-acf4-a410a0ede5aa
IT/SPO.IT0477A_6001_BETA_2022-01-01_00:00:00,6001,2026-03-17 01:00:00,2026-03-17 02:00:00,-9999.000000000000000000,ug.m-3,hour,-1,3,2026-03-17 08:00:00,,cba6f99a-5764-4de3-a2d9-21c3b4842fd0
IT/SPO.IT0477A_6001_BETA_2022-01-01_00:00:00,6001,2026-03-17 02:00:00,2026-03-17 03:00:00,-9999.000000000000000000,ug.m-3,hour,-1,3,2026-03-17 03:00:00,,f2c9ac52-aee0-4b4b-af93-529953cc8c10
IT/SPO.IT0477A_6001_BETA_2022-01-01_00:00:00,6001,2026-03-17 03:00:00,2026-03-17 04:00:00,-9999.000000000000000000,ug.m-3,hour,-1,3,2026-03-17 04:00:00,,3cdfbfd7-1127-406f-a72b-9402f44c2545
IT/SPO.IT0477A_6001_BETA_2022-01-01_00:00:00,6001,2026-03-17 04:00:00,2026-03-17 05:00:00,-9999.000000000000000000,ug.m-3,hour,-1,3,2026-03-17 05:00:00,,9acd5cb5-f688-45d5-86de-eefae69d7a40
IT/SPO.IT0477A_6001_BETA_2022-01-01_00:00:00,6001,2026-03-17 05:00:00,2026-03-17 06:00:00,-9999.000000000000000000,ug.m-3,hour,-1,3,2026-03-17 06:00:00,,ae1c3897-e4fd-4d43-a0df-e42d59326487
IT/SPO.IT0477A_6001_BETA_2022-01-01_00:00:00,6001,2026-03-17 06:00:00,2026-03-17 07:00:00,-9999.000000000000000000,ug.m-3,hour,-1,3,2026-03-17 07:00:00,,a414245f-b68b-4713-8f33-7d744195b01f
IT/SPO.IT0477A_6001_BETA_2022-01-01_00:00:00,6001,2026-03-17 07:00:00,2026-03-17 08:00:00,-9999.000000000000000000,ug.m-3,hour,-1,3,2026-03-17 08:00:00,,cba6f99a-5764-4de3-a2d9-21c3b4842fd0
IT/SPO.IT0477A_6001_BETA_2022-01-01_00:00:00,6001,2026-03-17 08:00:00,2026-03-17 09:00:00,-9999.000000000000000000,ug.m-3,hour,-1,3,2026-03-17 09:00:00,,980aadc9-4724-423e-ab59-c691093e9915
IT/SPO.IT0477A_6001_BETA_2022-01-01_00:00:00,6001,2026-03-17 09:00:00,2026-03-17 10:00:00,-9999.000000000000000000,ug.m-3,hour,-1,3,2026-03-17 10:00:00,,d110f293-3417-4cc0-bf92-be9be6b6d9e1
IT/SPO.IT0477A_6001_BETA_2022-01-01_00:00:00,6001,2026-03-17 10:00:00,2026-03-17 11:00:00,-9999.000000000000000000,ug.m-3,hour,-1,3,2026-03-17 11:00:00,,5be88118-c258-465b-8636-426d3cabf247
IT/SPO.IT0477A_6001_BETA_2022-01-01_00:00:00,6001,2026-03-17 11:00:00,2026-03-17 12:00:00,-9999.000000000000000000,ug.m-3,hour,-1,3,2026-03-17 12:00:00,,5ae7ddc6-3be0-4ad2-b05c-0aa233340587
IT/SPO.IT0477A_6001_BETA_2022-01-01_00:00:00,6001,2026-03-17 12:00:00,2026-03-17 13:00:00,-9999.000000000000000000,ug.m-3,hour,-1,3,2026-03-17 13:00:00,,e2af20ef-6bdd-4189-9761-6b66df64bd21
IT/SPO.IT0477A_6001_BETA_2022-01-01_00:00:00,6001,2026-03-17 13:00:00,2026-03-17 14:00:00,9.206431000000000000,ug.m-3,hour,3,3,2026-03-17 14:00:00,,fedc3f53-1c8e-46af-b66f-f6a1af5cf4d7
IT/SPO.IT0477A_6001_BETA_2022-01-01_00:00:00,6001,2026-03-17 14:00:00,2026-03-17 15:00:00,7.365145000000000000,ug.m-3,hour,3,3,2026-03-17 15:00:00,,2df208be-0846-45b5-b896-5c61d713cfc2
IT/SPO.IT0477A_6001_BETA_2022-01-01_00:00:00,6001,2026-03-17 15:00:00,2026-03-17 16:00:00,7.158210000000000000,ug.m-3,hour,3,3,2026-03-17 16:00:00,,4c1ba1e6-3e57-4a4f-a172-0900af29a2c9
IT/SPO.IT0477A_6001_BETA_2022-01-01_00:00:00,6001,2026-03-17 16:00:00,2026-03-17 17:00:00,9.443183000000000000,ug.m-3,hour,3,3,2026-03-17 17:00:00,,2f14fef1-00dc-4ce1-89c5-a049607d8793
IT/SPO.IT0477A_6001_BETA_2022-01-01_00:00:00,6001,2026-03-17 17:00:00,2026-03-17 18:00:00,7.554546000000000000,ug.m-3,hour,3,3,2026-03-17 18:00:00,,a55aaac6-7390-4416-86e1-f3a93d2f7a2a
IT/SPO.IT0477A_6001_BETA_2022-01-01_00:00:00,6001,2026-03-17 18:00:00,2026-03-17 19:00:00,8.973125000000000000,ug.m-3,hour,3,3,2026-03-17 19:00:00,,d443dabd-5545-4297-83b8-ad986eea3f72
IT/SPO.IT0477A_6001_BETA_2022-01-01_00:00:00,6001,2026-03-17 19:00:00,2026-03-17 20:00:00,7.178500000000000000,ug.m-3,hour,3,3,2026-03-17 20:00:00,,31893449-fc1a-4bb9-9ec8-a9d3e9cfd30c
IT/SPO.IT0477A_6001_BETA_2022-01-01_00:00:00,6001,2026-03-17 20:00:00,2026-03-17 21:00:00,6.616614000000000000,ug.m-3,hour,3,3,2026-03-17 21:00:00,,ed3527eb-481b-435f-9687-5cfdde7bd03d
IT/SPO.IT0477A_6001_BETA_2022-01-01_00:00:00,6001,2026-03-17 21:00:00,2026-03-17 22:00:00,5.293291000000000000,ug.m-3,hour,3,3,2026-03-17 22:00:00,,581ac75e-0fbe-4f30-9956-b0ffed49f275
IT/SPO.IT0477A_6001_BETA_2022-01-01_00:00:00,6001,2026-03-17 22:00:00,2026-03-17 23:00:00,10.793197000000000000,ug.m-3,hour,3,3,2026-03-17 23:00:00,,48cd8312-8486-4e8c-99e9-79c6ab11eb1b
IT/SPO.IT0477A_6001_BETA_2022-01-01_00:00:00,6001,2026-03-17 23:00:00,2026-03-18 00:00:00,8.634557000000000000,ug.m-3,hour,3,3,2026-03-18 00:00:00,,2e56f5b8-1f15-429c-9aad-c2a4a35c0ac5
IT/SPO.IT0477A_6001_BETA_2022-01-01_00:00:00,6001,2026-03-18 00:00:00,2026-03-18 01:00:00,6.907645000000000000,ug.m-3,hour,3,3,2026-03-18 01:00:00,,909750cc-c3f1-409d-b7f9-212384146ec7
IT/SPO.IT0477A_6001_BETA_2022-01-01_00:00:00,6001,2026-03-18 01:00:00,2026-03-18 02:00:00,6.913442000000000000,ug.m-3,hour,3,3,2026-03-18 02:00:00,,75846ccb-d5e1-4d7a-9636-3bb6cfb78b1a
IT/SPO.IT0477A_6001_BETA_2022-01-01_00:00:00,6001,2026-03-18 02:00:00,2026-03-18 03:00:00,6.333713000000000000,ug.m-3,hour,3,3,2026-03-18 03:00:00,,19af0bf4-d200-4c4e-b5e2-1f51d3af9af5
IT/SPO.IT0477A_6001_BETA_2022-01-01_00:00:00,6001,2026-03-18 03:00:00,2026-03-18 04:00:00,8.250533000000000000,ug.m-3,hour,3,3,2026-03-18 04:00:00,,a1494f12-c88a-42ff-9402-9f2b530c2439
IT/SPO.IT0477A_6001_BETA_2022-01-01_00:00:00,6001,2026-03-18 04:00:00,2026-03-18 05:00:00,6.600427000000000000,ug.m-3,hour,3,3,2026-03-18 05:00:00,,bb5e9286-f7d2-4d06-9be0-93c0bf23fc87
IT/SPO.IT0477A_6001_BETA_2022-01-01_00:00:00,6001,2026-03-18 05:00:00,2026-03-18 06:00:00,8.237901000000000000,ug.m-3,hour,3,3,2026-03-18 06:00:00,,cccbe2b1-413e-4508-9117-409c7573d04f
IT/SPO.IT0477A_6001_BETA_2022-01-01_00:00:00,6001,2026-03-18 06:00:00,2026-03-18 07:00:00,6.590321000000000000,ug.m-3,hour,3,3,2026-03-18 07:00:00,,5b18c26a-bd99-49a1-aefd-8984779964c1
IT/SPO.IT0477A_6001_BETA_2022-01-01_00:00:00,6001,2026-03-18 07:00:00,2026-03-18 08:00:00,5.272256000000000000,ug.m-3,hour,3,3,2026-03-18 08:00:00,,2180cbee-75e9-45aa-904c-376574348925
IT/SPO.IT0477A_6001_BETA_2022-01-01_00:00:00,6001,2026-03-18 08:00:00,2026-03-18 09:00:00,4.217805000000000000,ug.m-3,hour,3,3,2026-03-18 09:00:00,,1847ffa1-75cf-4bbb-85b8-a24444274989
IT/SPO.IT0477A_6001_BETA_2022-01-01_00:00:00,6001,2026-03-18 09:00:00,2026-03-18 10:00:00,6.923059000000000000,ug.m-3,hour,3,3,2026-03-18 10:00:00,,c6727413-7f3f-4d33-bdbe-1e15cbb7431f
IT/SPO.IT0477A_6001_BETA_2022-01-01_00:00:00,6001,2026-03-18 10:00:00,2026-03-18 11:00:00,5.538447000000000000,ug.m-3,hour,3,3,2026-03-18 11:00:00,,adb8d493-7192-469b-af82-f65a57a73ca0
IT/SPO.IT0477A_6001_BETA_2022-01-01_00:00:00,6001,2026-03-18 11:00:00,2026-03-18 12:00:00,4.430758000000000000,ug.m-3,hour,3,3,2026-03-18 12:00:00,,7bec74c3-4811-4c67-a3a2-4b71c7290dd2
IT/SPO.IT0477A_6001_BETA_2022-01-01_00:00:00,6001,2026-03-18 12:00:00,2026-03-18 13:00:00,3.544606000000000000,ug.m-3,hour,3,3,2026-03-18 13:00:00,,a4d84f51-123c-4266-a1fe-7b7d8a215ec2
IT/SPO.IT0477A_6001_BETA_2022-01-01_00:00:00,6001,2026-03-18 13:00:00,2026-03-18 14:00:00,2.835685000000000000,ug.m-3,hour,3,3,2026-03-18 14:00:00,,c50819cd-a4e3-460a-b0ec-2a689fbf9032
IT/SPO.IT0477A_6001_BETA_2022-01-01_00:00:00,6001,2026-03-18 14:00:00,2026-03-18 15:00:00,4.132924000000000000,ug.m-3,hour,3,3,2026-03-18 15:00:00,,3cd1538e-0918-4217-86c0-5724435503c8
IT/SPO.IT0477A_6001_BETA_2022-01-01_00:00:00,6001,2026-03-18 15:00:00,2026-03-18 16:00:00,3.306339000000000000,ug.m-3,hour,3,3,2026-03-18 16:00:00,,b7d2f7a1-19d9-45e1-b623-4640cb9124cd
IT/SPO.IT0477A_6001_BETA_2022-01-01_00:00:00,6001,2026-03-18 16:00:00,2026-03-18 17:00:00,2.645071000000000000,ug.m-3,hour,3,3,2026-03-18 17:00:00,,dce8fa00-6b31-4fec-8ce2-acd845c983cb
IT/SPO.IT0477A_6001_BETA_2022-01-01_00:00:00,6001,2026-03-18 17:00:00,2026-03-18 18:00:00,2.116057000000000000,ug.m-3,hour,3,3,2026-03-18 18:00:00,,3ba74fd6-c8e2-4c1d-a35b-d479fdd08a2b
IT/SPO.IT0477A_6001_BETA_2022-01-01_00:00:00,6001,2026-03-18 18:00:00,2026-03-18 19:00:00,1.692846000000000000,ug.m-3,hour,3,3,2026-03-18 19:00:00,,9d0c7277-de60-4091-a4e7-11ab591be0b8
IT/SPO.IT0477A_6001_BETA_2022-01-01_00:00:00,6001,2026-03-18 19:00:00,2026-03-18 20:00:00,5.650986000000000000,ug.m-3,hour,3,3,2026-03-18 20:00:00,,f0de62b0-7b95-4c1d-bef8-04ae81f07173
IT/SPO.IT0477A_6001_BETA_2022-01-01_00:00:00,6001,2026-03-18 20:00:00,2026-03-18 21:00:00,4.520789000000000000,ug.m-3,hour,3,3,2026-03-18 21:00:00,,f1713ed1-c779-4077-ae8d-70cc787e21ca
IT/SPO.IT0477A_6001_BETA_2022-01-01_00:00:00,6001,2026-03-18 21:00:00,2026-03-18 22:00:00,9.563685000000000000,ug.m-3,hour,3,3,2026-03-18 22:00:00,,e4a5a6df-cf2b-42c5-9811-d5ac59550dde
IT/SPO.IT0477A_6001_BETA_2022-01-01_00:00:00,6001,2026-03-18 22:00:00,2026-03-18 23:00:00,7.650948000000000000,ug.m-3,hour,3,3,2026-03-18 23:00:00,,6f9c7df3-34b2-4650-a943-2919c6e9da57
IT/SPO.IT0477A_6001_BETA_2022-01-01_00:00:00,6001,2026-03-18 23:00:00,2026-03-19 00:00:00,6.156386000000000000,ug.m-3,hour,3,3,2026-03-19 00:00:00,,81c7bd48-de02-4cd2-8d65-e571bac3232c
IT/SPO.IT0477A_6001_BETA_2022-01-01_00:00:00,6001,2026-03-19 00:00:00,2026-03-19 01:00:00,9.758765000000000000,ug.m-3,hour,3,3,2026-03-19 01:00:00,,fa0ea880-0088-44cc-871e-e6fc10296ff6
IT/SPO.IT0477A_6001_BETA_2022-01-01_00:00:00,6001,2026-03-19 01:00:00,2026-03-19 02:00:00,7.807012000000000000,ug.m-3,hour,3,3,2026-03-19 02:00:00,,5ed830a2-29cb-4ef1-982b-146dcc86574f
IT/SPO.IT0477A_6001_BETA_2022-01-01_00:00:00,6001,2026-03-19 02:00:00,2026-03-19 03:00:00,8.723339000000000000,ug.m-3,hour,3,3,2026-03-19 03:00:00,,95ef1b63-850a-4e06-92d0-b5fd3f577107
IT/SPO.IT0477A_6001_BETA_2022-01-01_00:00:00,6001,2026-03-19 03:00:00,2026-03-19 04:00:00,8.685363000000000000,ug.m-3,hour,3,3,2026-03-19 04:00:00,,26f362a2-a6e9-4c0b-b223-e9446f5f6e17
IT/SPO.IT0477A_6001_BETA_2022-01-01_00:00:00,6001,2026-03-19 04:00:00,2026-03-19 05:00:00,15.361422000000000000,ug.m-3,hour,3,3,2026-03-19 05:00:00,,32e0ed26-1f68-4b42-a1cb-64d2502261e7
IT/SPO.IT0477A_6001_BETA_2022-01-01_00:00:00,6001,2026-03-19 05:00:00,2026-03-19 06:00:00,12.752305000000000000,ug.m-3,hour,3,3,2026-03-19 06:00:00,,bffb6f83-2a16-4964-b18e-6d3e46fa53c1
IT/SPO.IT0477A_6001_BETA_2022-01-01_00:00:00,6001,2026-03-19 06:00:00,2026-03-19 07:00:00,8.926614000000000000,ug.m-3,hour,3,3,2026-03-19 07:00:00,,89fa01d4-f420-47d6-9521-93103b8f6532
IT/SPO.IT0477A_6001_BETA_2022-01-01_00:00:00,6001,2026-03-19 07:00:00,2026-03-19 08:00:00,14.334656000000000000,ug.m-3,hour,3,3,2026-03-19 08:00:00,,c7e402ff-5571-4bf2-8de8-1a17d12c94a2
IT/SPO.IT0477A_6001_BETA_2022-01-01_00:00:00,6001,2026-03-19 08:00:00,2026-03-19 09:00:00,14.074116000000000000,ug.m-3,hour,3,3,2026-03-19 09:00:00,,ab63422e-f83b-4d21-99d4-fb4d2874e345
IT/SPO.IT0477A_6001_BETA_2022-01-01_00:00:00,6001,2026-03-19 09:00:00,2026-03-19 10:00:00,12.389691000000000000,ug.m-3,hour,3,3,2026-03-19 10:00:00,,13068f6c-ebb3-4d06-b112-9a6e628dd89c
IT/SPO.IT0477A_6001_BETA_2022-01-01_00:00:00,6001,2026-03-19 10:00:00,2026-03-19 11:00:00,13.310777000000000000,ug.m-3,hour,3,3,2026-03-19 11:00:00,,fb6f66f5-f670-453e-859f-32753f0efd8d
IT/SPO.IT0477A_6001_BETA_2022-01-01_00:00:00,6001,2026-03-19 11:00:00,2026-03-19 12:00:00,11.089106000000000000,ug.m-3,hour,3,3,2026-03-19 12:00:00,,bf182736-1174-475b-9287-3ea5ccf5a588
IT/SPO.IT0477A_6001_BETA_2022-01-01_00:00:00,6001,2026-03-19 12:00:00,2026-03-19 13:00:00,7.762374000000000000,ug.m-3,hour,3,3,2026-03-19 13:00:00,,3d5c9571-6a7d-4e96-9edb-36efa336164c
IT/SPO.IT0477A_6001_BETA_2022-01-01_00:00:00,6001,2026-03-19 13:00:00,2026-03-19 14:00:00,13.240776000000000000,ug.m-3,hour,3,3,2026-03-19 14:00:00,,87ff1de5-308a-4e12-9dbc-da9e2c3ac410
IT/SPO.IT0477A_6001_BETA_2022-01-01_00:00:00,6001,2026-03-19 14:00:00,2026-03-19 15:00:00,11.899068000000000000,ug.m-3,hour,3,3,2026-03-19 15:00:00,,d2b3c69e-2bc9-4305-93b3-0ff98a22dcf1
IT/SPO.IT0477A_6001_BETA_2022-01-01_00:00:00,6001,2026-03-19 15:00:00,2026-03-19 16:00:00,8.329348000000000000,ug.m-3,hour,3,3,2026-03-19 16:00:00,,83391554-362a-4e63-b4f5-15b5974321c2
IT/SPO.IT0477A_6001_BETA_2022-01-01_00:00:00,6001,2026-03-19 16:00:00,2026-03-19 17:00:00,7.014047000000000000,ug.m-3,hour,3,3,2026-03-19 17:00:00,,99be4d18-ecc5-4921-af4f-361dc7ffbfa2
IT/SPO.IT0477A_6001_BETA_2022-01-01_00:00:00,6001,2026-03-19 17:00:00,2026-03-19 18:00:00,5.611238000000000000,ug.m-3,hour,3,3,2026-03-19 18:00:00,,94131c31-83c3-4278-86ed-a2e9cedc3933
IT/SPO.IT0477A_6001_BETA_2022-01-01_00:00:00,6001,2026-03-19 18:00:00,2026-03-19 19:00:00,9.228780000000000000,ug.m-3,hour,3,3,2026-03-19 19:00:00,,1db10f30-ac3c-4a29-bab6-1ccd6f9ba107
IT/SPO.IT0477A_6001_BETA_2022-01-01_00:00:00,6001,2026-03-19 19:00:00,2026-03-19 20:00:00,8.020329000000000000,ug.m-3,hour,3,3,2026-03-19 20:00:00,,4826ddac-dd96-40e8-afb8-15a5aa67890a
IT/SPO.IT0477A_6001_BETA_2022-01-01_00:00:00,6001,2026-03-19 20:00:00,2026-03-19 21:00:00,9.809906000000000000,ug.m-3,hour,3,3,2026-03-19 21:00:00,,c069bcc4-174b-443f-95fe-bb0d89651f70
IT/SPO.IT0477A_6001_BETA_2022-01-01_00:00:00,6001,2026-03-19 21:00:00,2026-03-19 22:00:00,14.234307000000000000,ug.m-3,hour,3,3,2026-03-19 22:00:00,,5fda4d76-a2fa-4088-b2db-e078586da8f6
IT/SPO.IT0477A_6001_BETA_2022-01-01_00:00:00,6001,2026-03-19 22:00:00,2026-03-19 23:00:00,16.426077000000000000,ug.m-3,hour,3,3,2026-03-19 23:00:00,,05702c89-0c37-4b2c-a61a-2f6065a69c49
IT/SPO.IT0477A_6001_BETA_2022-01-01_00:00:00,6001,2026-03-19 23:00:00,2026-03-20 00:00:00,23.129230000000000000,ug.m-3,hour,3,3,2026-03-20 00:00:00,,9f59d7d1-5f52-40b9-b569-059882efed0a
IT/SPO.IT0477A_6001_BETA_2022-01-01_00:00:00,6001,2026-03-20 00:00:00,2026-03-20 01:00:00,24.375282000000000000,ug.m-3,hour,3,3,2026-03-20 01:00:00,,69d37609-33df-481b-8b46-2d02295d856f
IT/SPO.IT0477A_6001_BETA_2022-01-01_00:00:00,6001,2026-03-20 01:00:00,2026-03-20 02:00:00,17.430904000000000000,ug.m-3,hour,3,3,2026-03-20 02:00:00,,cc87a1f1-62cd-41dc-ae53-aded6993c1fb
IT/SPO.IT0477A_6001_BETA_2022-01-01_00:00:00,6001,2026-03-20 02:00:00,2026-03-20 03:00:00,19.146450000000000000,ug.m-3,hour,3,3,2026-03-20 03:00:00,,54540a94-deee-433d-8e8f-9e0d57c44b53
IT/SPO.IT0477A_6001_BETA_2022-01-01_00:00:00,6001,2026-03-20 03:00:00,2026-03-20 04:00:00,22.046154000000000000,ug.m-3,hour,3,3,2026-03-20 04:00:00,,69e63cc7-64aa-43fa-89a1-395dc7892216
IT/SPO.IT0477A_6001_BETA_2022-01-01_00:00:00,6001,2026-03-20 04:00:00,2026-03-20 05:00:00,22.305515000000000000,ug.m-3,hour,3,3,2026-03-20 05:00:00,,f972f60c-f590-41b0-85bc-6219527c3cb3
IT/SPO.IT0477A_6001_BETA_2022-01-01_00:00:00,6001,2026-03-20 05:00:00,2026-03-20 06:00:00,24.868328000000000000,ug.m-3,hour,3,3,2026-03-20 06:00:00,,6bdc8e1e-714d-45a7-a841-a408e8a84091
IT/SPO.IT0477A_6001_BETA_2022-01-01_00:00:00,6001,2026-03-20 06:00:00,2026-03-20 07:00:00,18.733969000000000000,ug.m-3,hour,3,3,2026-03-20 07:00:00,,dca61751-7fc2-4bfa-b09c-f1af974a0cf0
IT/SPO.IT0477A_6001_BETA_2022-01-01_00:00:00,6001,2026-03-20 07:00:00,2026-03-20 08:00:00,27.265090000000000000,ug.m-3,hour,3,3,2026-03-20 08:00:00,,2f153798-c497-4879-9164-a6df80009f36
IT/SPO.IT0477A_6001_BETA_2022-01-01_00:00:00,6001,2026-03-20 08:00:00,2026-03-20 09:00:00,24.646494000000000000,ug.m-3,hour,3,3,2026-03-20 09:00:00,,a77b5e20-7272-403a-8872-d417e37cf953
IT/SPO.IT0477A_6001_BETA_2022-01-01_00:00:00,6001,2026-03-20 09:00:00,2026-03-20 10:00:00,22.326916000000000000,ug.m-3,hour,3,3,2026-03-20 10:00:00,,d5294299-d21c-42b1-aade-7ba9165f6bcc
IT/SPO.IT0477A_6001_BETA_2022-01-01_00:00:00,6001,2026-03-20 10:00:00,2026-03-20 11:00:00,15.628842000000000000,ug.m-3,hour,3,3,2026-03-20 11:00:00,,b7a6d32a-36f0-4957-b54f-898c3b500bc5
IT/SPO.IT0477A_6001_BETA_2022-01-01_00:00:00,6001,2026-03-20 11:00:00,2026-03-20 12:00:00,10.940189000000000000,ug.m-3,hour,3,3,2026-03-20 12:00:00,,a099d3a6-547d-42ac-b30b-858ce7885d9d
IT/SPO.IT0477A_6001_BETA_2022-01-01_00:00:00,6001,2026-03-20 12:00:00,2026-03-20 13:00:00,11.585584000000000000,ug.m-3,hour,3,3,2026-03-20 13:00:00,,73c1e4db-9788-4dff-a630-562606f2aeed
IT/SPO.IT0477A_6001_BETA_2022-01-01_00:00:00,6001,2026-03-20 13:00:00,2026-03-20 14:00:00,16.479816000000000000,ug.m-3,hour,3,3,2026-03-20 14:00:00,,f7d0d8c4-d575-4860-b726-46c29de44dfd
IT/SPO.IT0477A_6001_BETA_2022-01-01_00:00:00,6001,2026-03-20 14:00:00,2026-03-20 15:00:00,11.535871000000000000,ug.m-3,hour,3,3,2026-03-20 15:00:00,,8f943a0a-e23d-4da9-b6b3-192bb1952305
IT/SPO.IT0477A_6001_BETA_2022-01-01_00:00:00,6001,2026-03-20 15:00:00,2026-03-20 16:00:00,12.491711000000000000,ug.m-3,hour,3,3,2026-03-20 16:00:00,,8810dcef-a6f9-4ca3-a1c2-dad2a299f180
IT/SPO.IT0477A_6001_BETA_2022-01-01_00:00:00,6001,2026-03-20 16:00:00,2026-03-20 17:00:00,8.744197000000000000,ug.m-3,hour,3,3,2026-03-20 17:00:00,,81318479-67d7-4da5-8345-690831b3c589
IT/SPO.IT0477A_6001_BETA_2022-01-01_00:00:00,6001,2026-03-20 17:00:00,2026-03-20 18:00:00,12.474252000000000000,ug.m-3,hour,3,3,2026-03-20 18:00:00,,0c89ea79-d678-417c-868c-6486d0783f2d
IT/SPO.IT0477A_6001_BETA_2022-01-01_00:00:00,6001,2026-03-20 18:00:00,2026-03-20 19:00:00,11.201170000000000000,ug.m-3,hour,3,3,2026-03-20 19:00:00,,fe7b8655-0681-4289-85c8-84d401020c9c
IT/SPO.IT0477A_6001_BETA_2022-01-01_00:00:00,6001,2026-03-20 19:00:00,2026-03-20 20:00:00,11.110168000000000000,ug.m-3,hour,3,3,2026-03-20 20:00:00,,0af16426-5ae3-415b-8a37-2a8e036b0005
IT/SPO.IT0477A_6001_BETA_2022-01-01_00:00:00,6001,2026-03-20 20:00:00,2026-03-20 21:00:00,8.807941000000000000,ug.m-3,hour,3,3,2026-03-20 21:00:00,,8ced5089-3c2d-4c13-96cc-53b0e7a2776c
IT/SPO.IT0477A_6001_BETA_2022-01-01_00:00:00,6001,2026-03-20 21:00:00,2026-03-20 22:00:00,17.197440000000000000,ug.m-3,hour,3,3,2026-03-20 22:00:00,,92da1c1d-b996-4a4f-84e7-e1afe411d4e6
IT/SPO.IT0477A_6001_BETA_2022-01-01_00:00:00,6001,2026-03-20 22:00:00,2026-03-20 23:00:00,19.570814000000000000,ug.m-3,hour,3,3,2026-03-20 23:00:00,,de83e7b7-f48c-46e7-b076-f3112bf834a7
IT/SPO.IT0477A_6001_BETA_2022-01-01_00:00:00,6001,2026-03-20 23:00:00,2026-03-21 00:00:00,25.354206000000000000,ug.m-3,hour,3,3,2026-03-21 00:00:00,,b8d37737-113e-412d-8746-2806d5285764
IT/SPO.IT0477A_6001_BETA_2022-01-01_00:00:00,6001,2026-03-21 00:00:00,2026-03-21 01:00:00,29.029070000000000000,ug.m-3,hour,3,3,2026-03-21 01:00:00,,d4cbb3ea-a937-4a9b-9eaf-ddac835c29c6
IT/SPO.IT0477A_6001_BETA_2022-01-01_00:00:00,6001,2026-03-21 01:00:00,2026-03-21 02:00:00,20.320349000000000000,ug.m-3,hour,3,3,2026-03-21 02:00:00,,00c59f32-98aa-4c49-88ba-cff2ff08d125
IT/SPO.IT0477A_6001_BETA_2022-01-01_00:00:00,6001,2026-03-21 02:00:00,2026-03-21 03:00:00,28.915709000000000000,ug.m-3,hour,3,3,2026-03-21 03:00:00,,67d6e143-3ac5-4784-9200-e8244397be99
IT/SPO.IT0477A_6001_BETA_2022-01-01_00:00:00,6001,2026-03-21 03:00:00,2026-03-21 04:00:00,23.115030000000000000,ug.m-3,hour,3,3,2026-03-21 04:00:00,,b1b9df81-7b9c-4393-a68d-bb8bb3f0ba22
IT/SPO.IT0477A_6001_BETA_2022-01-01_00:00:00,6001,2026-03-21 04:00:00,2026-03-21 05:00:00,16.180521000000000000,ug.m-3,hour,3,3,2026-03-21 05:00:00,,8a362eca-f515-4ff0-848a-7b6e3530d525
IT/SPO.IT0477A_6001_BETA_2022-01-01_00:00:00,6001,2026-03-21 05:00:00,2026-03-21 06:00:00,29.636340000000000000,ug.m-3,hour,3,3,2026-03-21 06:00:00,,a202fd2c-b408-4094-9f50-dde5574ecc8f
IT/SPO.IT0477A_6001_BETA_2022-01-01_00:00:00,6001,2026-03-21 06:00:00,2026-03-21 07:00:00,20.745438000000000000,ug.m-3,hour,3,3,2026-03-21 07:00:00,,e5ef2180-83a3-4a48-8430-7376962cede6
IT/SPO.IT0477A_6001_BETA_2022-01-01_00:00:00,6001,2026-03-21 07:00:00,2026-03-21 08:00:00,18.865751000000000000,ug.m-3,hour,3,3,2026-03-21 08:00:00,,0076f29c-ee0f-4665-80c4-d76d2e582275
IT/SPO.IT0477A_6001_BETA_2022-01-01_00:00:00,6001,2026-03-21 08:00:00,2026-03-21 09:00:00,15.732368000000000000,ug.m-3,hour,3,3,2026-03-21 09:00:00,,97e4c64f-d12f-46b9-b93b-da307c4d6d6a
IT/SPO.IT0477A_6001_BETA_2022-01-01_00:00:00,6001,2026-03-21 09:00:00,2026-03-21 10:00:00,29.380230000000000000,ug.m-3,hour,3,3,2026-03-21 10:00:00,,94c5a9a8-a410-4f6a-9a42-3fb16a788a16
IT/SPO.IT0477A_6001_BETA_2022-01-01_00:00:00,6001,2026-03-21 10:00:00,2026-03-21 11:00:00,24.790157000000000000,ug.m-3,hour,3,3,2026-03-21 11:00:00,,ebb614ab-f128-43a4-a913-feff40d3aef5
IT/SPO.IT0477A_6001_BETA_2022-01-01_00:00:00,6001,2026-03-21 11:00:00,2026-03-21 12:00:00,20.659270000000000000,ug.m-3,hour,3,3,2026-03-21 12:00:00,,5c08c554-2d2b-4bc3-b980-befbe90e3238
IT/SPO.IT0477A_6001_BETA_2022-01-01_00:00:00,6001,2026-03-21 12:00:00,2026-03-21 13:00:00,21.064716000000000000,ug.m-3,hour,3,3,2026-03-21 13:00:00,,516c66fd-bf7e-4665-8eb7-30467cedd219
IT/SPO.IT0477A_6001_BETA_2022-01-01_00:00:00,6001,2026-03-21 13:00:00,2026-03-21 14:00:00,21.588570000000000000,ug.m-3,hour,3,3,2026-03-21 14:00:00,,2a759dcf-b193-420d-a223-ef6312f51db8
IT/SPO.IT0477A_6001_BETA_2022-01-01_00:00:00,6001,2026-03-21 14:00:00,2026-03-21 15:00:00,24.407068000000000000,ug.m-3,hour,3,3,2026-03-21 15:00:00,,bf8810e5-227b-4930-8df0-ed9f69bf0411
IT/SPO.IT0477A_6001_BETA_2022-01-01_00:00:00,6001,2026-03-21 15:00:00,2026-03-21 16:00:00,25.183870000000000000,ug.m-3,hour,3,3,2026-03-21 16:00:00,,d0cdb5bb-3d7f-4244-b2ad-8871dc91ac4b
IT/SPO.IT0477A_6001_BETA_2022-01-01_00:00:00,6001,2026-03-21 16:00:00,2026-03-21 17:00:00,18.960646000000000000,ug.m-3,hour,3,3,2026-03-21 17:00:00,,ce2dfbff-293d-43bf-8310-a68511f6f3a6
IT/SPO.IT0477A_6001_BETA_2022-01-01_00:00:00,6001,2026-03-21 17:00:00,2026-03-21 18:00:00,21.972511000000000000,ug.m-3,hour,3,3,2026-03-21 18:00:00,,1577ad81-c25f-43e0-b696-94e3479d540e
IT/SPO.IT0477A_6001_BETA_2022-01-01_00:00:00,6001,2026-03-21 18:00:00,2026-03-21 19:00:00,23.297804000000000000,ug.m-3,hour,3,3,2026-03-21 19:00:00,,3ab4eb8f-597e-4fcd-9e84-d064da00f137
IT/SPO.IT0477A_6001_BETA_2022-01-01_00:00:00,6001,2026-03-21 19:00:00,2026-03-21 20:00:00,19.711506000000000000,ug.m-3,hour,3,3,2026-03-21 20:00:00,,9436a0ce-589d-458f-a875-f2ca223e549e
IT/SPO.IT0477A_6001_BETA_2022-01-01_00:00:00,6001,2026-03-21 20:00:00,2026-03-21 21:00:00,23.110973000000000000,ug.m-3,hour,3,3,2026-03-21 21:00:00,,47be391c-0859-4f0e-8305-06673242e8f9
IT/SPO.IT0477A_6001_BETA_2022-01-01_00:00:00,6001,2026-03-21 21:00:00,2026-03-21 22:00:00,31.267939000000000000,ug.m-3,hour,3,3,2026-03-21 22:00:00,,be37a3fb-1eea-4e0e-b087-efbd51998546
IT/SPO.IT0477A_6001_BETA_2022-01-01_00:00:00,6001,2026-03-21 22:00:00,2026-03-21 23:00:00,24.447638000000000000,ug.m-3,hour,3,3,2026-03-21 23:00:00,,b46d36d6-ead1-425e-a991-dd5605d80e55
IT/SPO.IT0477A_6001_BETA_2022-01-01_00:00:00,6001,2026-03-21 23:00:00,2026-03-22 00:00:00,20.339098000000000000,ug.m-3,hour,3,3,2026-03-22 00:00:00,,107accd7-16bb-47d5-b12b-fdfcb1fd44fe
IT/SPO.IT0477A_6001_BETA_2022-01-01_00:00:00,6001,2026-03-22 00:00:00,2026-03-22 01:00:00,16.805664000000000000,ug.m-3,hour,3,3,2026-03-22 01:00:00,,3467cb5e-9c7d-43c1-893a-11d01167d48c
IT/SPO.IT0477A_6001_BETA_2022-01-01_00:00:00,6001,2026-03-22 01:00:00,2026-03-22 02:00:00,15.121959000000000000,ug.m-3,hour,3,3,2026-03-22 02:00:00,,6f96c0f5-37dc-48a8-a6d6-227f512c08d8
IT/SPO.IT0477A_6001_BETA_2022-01-01_00:00:00,6001,2026-03-22 02:00:00,2026-03-22 03:00:00,20.199080000000000000,ug.m-3,hour,3,3,2026-03-22 03:00:00,,1c0c3bb3-2bed-4be4-9efb-f1489179973d
IT/SPO.IT0477A_6001_BETA_2022-01-01_00:00:00,6001,2026-03-22 03:00:00,2026-03-22 04:00:00,22.849491000000000000,ug.m-3,hour,3,3,2026-03-22 04:00:00,,e2060432-699a-40d8-9261-d2de3010ec5b
IT/SPO.IT0477A_6001_BETA_2022-01-01_00:00:00,6001,2026-03-22 04:00:00,2026-03-22 05:00:00,15.994643000000000000,ug.m-3,hour,3,3,2026-03-22 05:00:00,,9fd6ae65-efa7-4963-8fec-59071e316da8
IT/SPO.IT0477A_6001_BETA_2022-01-01_00:00:00,6001,2026-03-22 05:00:00,2026-03-22 06:00:00,17.812916000000000000,ug.m-3,hour,3,3,2026-03-22 06:00:00,,f613eaaf-750d-4264-8a27-ec61d565c3d6
IT/SPO.IT0477A_6001_BETA_2022-01-01_00:00:00,6001,2026-03-22 06:00:00,2026-03-22 07:00:00,21.100300000000000000,ug.m-3,hour,3,3,2026-03-22 07:00:00,,4f794842-aef3-4e06-9854-73a62a423daa
IT/SPO.IT0477A_6001_BETA_2022-01-01_00:00:00,6001,2026-03-22 07:00:00,2026-03-22 08:00:00,26.715454000000000000,ug.m-3,hour,3,3,2026-03-22 08:00:00,,6f584797-17af-43d9-9070-ba765bc336fd
IT/SPO.IT0477A_6001_BETA_2022-01-01_00:00:00,6001,2026-03-22 08:00:00,2026-03-22 09:00:00,26.596554000000000000,ug.m-3,hour,3,3,2026-03-22 09:00:00,,71350fbc-83da-463f-bd06-dfe1a4a91aef
IT/SPO.IT0477A_6001_BETA_2022-01-01_00:00:00,6001,2026-03-22 09:00:00,2026-03-22 10:00:00,21.754362000000000000,ug.m-3,hour,3,3,2026-03-22 10:00:00,,6f718d22-ca28-419e-836b-3d95d0d531a3
IT/SPO.IT0477A_6001_BETA_2022-01-01_00:00:00,6001,2026-03-22 10:00:00,2026-03-22 11:00:00,25.350552000000000000,ug.m-3,hour,3,3,2026-03-22 11:00:00,,e60bf7a9-38b0-4a80-90f5-b9d0b265007a
IT/SPO.IT0477A_6001_BETA_2022-01-01_00:00:00,6001,2026-03-22 11:00:00,2026-03-22 12:00:00,24.759193000000000000,ug.m-3,hour,3,3,2026-03-22 12:00:00,,92133342-fe8d-4a91-9ccf-379bf735ebb6
IT/SPO.IT0477A_6001_BETA_2022-01-01_00:00:00,6001,2026-03-22 12:00:00,2026-03-22 13:00:00,17.331434000000000000,ug.m-3,hour,3,3,2026-03-22 13:00:00,,2ebcbd37-4be7-4937-8ab0-f5376521f61a
IT/SPO.IT0477A_6001_BETA_2022-01-01_00:00:00,6001,2026-03-22 13:00:00,2026-03-22 14:00:00,14.329064000000000000,ug.m-3,hour,3,3,2026-03-22 14:00:00,,f1775205-dcea-4f16-8ad8-db04b776f10d
IT/SPO.IT0477A_6001_BETA_2022-01-01_00:00:00,6001,2026-03-22 14:00:00,2026-03-22 15:00:00,22.480410000000000000,ug.m-3,hour,3,3,2026-03-22 15:00:00,,cdc92294-2568-4872-9660-45f3c8cce23e
IT/SPO.IT0477A_6001_BETA_2022-01-01_00:00:00,6001,2026-03-22 15:00:00,2026-03-22 16:00:00,15.736286000000000000,ug.m-3,hour,3,3,2026-03-22 16:00:00,,d7148893-6d47-431b-91ce-729d3caf20f8
IT/SPO.IT0477A_6001_BETA_2022-01-01_00:00:00,6001,2026-03-22 16:00:00,2026-03-22 17:00:00,11.015400000000000000,ug.m-3,hour,3,3,2026-03-22 17:00:00,,a511cf73-f332-4e03-849a-b578f7b2e271
IT/SPO.IT0477A_6001_BETA_2022-01-01_00:00:00,6001,2026-03-22 17:00:00,2026-03-22 18:00:00,20.527395000000000000,ug.m-3,hour,3,3,2026-03-22 18:00:00,,3ddd5ceb-87ea-42e6-925d-1f5c96a5cbe2
IT/SPO.IT0477A_6001_BETA_2022-01-01_00:00:00,6001,2026-03-22 18:00:00,2026-03-22 19:00:00,14.369177000000000000,ug.m-3,hour,3,3,2026-03-22 19:00:00,,aec841bf-cc6f-47f8-9b69-f178fd5f56ae
IT/SPO.IT0477A_6001_BETA_2022-01-01_00:00:00,6001,2026-03-22 19:00:00,2026-03-22 20:00:00,14.202627000000000000,ug.m-3,hour,3,3,2026-03-22 20:00:00,,9d0ae9ad-488b-4fa4-85e5-16c653190247
IT/SPO.IT0477A_6001_BETA_2022-01-01_00:00:00,6001,2026-03-22 20:00:00,2026-03-22 21:00:00,15.516839000000000000,ug.m-3,hour,3,3,2026-03-22 21:00:00,,802ed674-b98a-49db-84d1-6269b7e243b3
IT/SPO.IT0477A_6001_BETA_2022-01-01_00:00:00,6001,2026-03-22 21:00:00,2026-03-22 22:00:00,18.520292000000000000,ug.m-3,hour,3,3,2026-03-22 22:00:00,,ac2f2d9e-e433-4b34-9403-c3e18336586b
IT/SPO.IT0477A_6001_BETA_2022-01-01_00:00:00,6001,2026-03-22 22:00:00,2026-03-22 23:00:00,21.025425000000000000,ug.m-3,hour,3,3,2026-03-22 23:00:00,,26a4850e-f5eb-4aac-9b8b-e02b84135d56
IT/SPO.IT0477A_6001_BETA_2022-01-01_00:00:00,6001,2026-03-22 23:00:00,2026-03-23 00:00:00,19.417713000000000000,ug.m-3,hour,3,3,2026-03-23 00:00:00,,29ee6e12-9d66-4bbd-a839-ffc2b2115083
IT/SPO.IT0477A_6001_BETA_2022-01-01_00:00:00,6001,2026-03-23 00:00:00,2026-03-23 01:00:00,13.592401000000000000,ug.m-3,hour,3,3,2026-03-23 01:00:00,,6a840085-9a40-49ef-9050-a53e3a56a219
IT/SPO.IT0477A_6001_BETA_2022-01-01_00:00:00,6001,2026-03-23 01:00:00,2026-03-23 02:00:00,33.373985000000000000,ug.m-3,hour,3,3,2026-03-23 02:00:00,,98939695-54d1-4289-9513-03903dc404b0
IT/SPO.IT0477A_6001_BETA_2022-01-01_00:00:00,6001,2026-03-23 02:00:00,2026-03-23 03:00:00,23.361790000000000000,ug.m-3,hour,3,3,2026-03-23 03:00:00,,cc80028e-6c16-433f-8d0c-b692d629b419
IT/SPO.IT0477A_6001_BETA_2022-01-01_00:00:00,6001,2026-03-23 03:00:00,2026-03-23 04:00:00,22.688177000000000000,ug.m-3,hour,3,3,2026-03-23 04:00:00,,51cd8cb4-8c86-4419-bb37-f5a609836f14
IT/SPO.IT0477A_6001_BETA_2022-01-01_00:00:00,6001,2026-03-23 04:00:00,2026-03-23 05:00:00,21.757145000000000000,ug.m-3,hour,3,3,2026-03-23 05:00:00,,08127527-3cc0-43f6-9e7c-37693a6c18b8
IT/SPO.IT0477A_6001_BETA_2022-01-01_00:00:00,6001,2026-03-23 05:00:00,2026-03-23 06:00:00,22.103062000000000000,ug.m-3,hour,3,3,2026-03-23 06:00:00,,7cafada5-335a-464b-91cb-904b1b02c3fe
IT/SPO.IT0477A_6001_BETA_2022-01-01_00:00:00,6001,2026-03-23 06:00:00,2026-03-23 07:00:00,26.972340000000000000,ug.m-3,hour,3,3,2026-03-23 07:00:00,,593b6818-eacd-4e27-b09a-fba560cfcffc
IT/SPO.IT0477A_6001_BETA_2022-01-01_00:00:00,6001,2026-03-23 07:00:00,2026-03-23 08:00:00,20.356594000000000000,ug.m-3,hour,3,3,2026-03-23 08:00:00,,dcc66fde-1d87-4133-90ec-dd8a148c49ed
IT/SPO.IT0477A_6001_BETA_2022-01-01_00:00:00,6001,2026-03-23 08:00:00,2026-03-23 09:00:00,28.081175000000000000,ug.m-3,hour,3,3,2026-03-23 09:00:00,,1d85ce40-ad85-4174-9f0e-6f8593184bd7
IT/SPO.IT0477A_6001_BETA_2022-01-01_00:00:00,6001,2026-03-23 09:00:00,2026-03-23 10:00:00,28.136110000000000000,ug.m-3,hour,3,3,2026-03-23 11:00:00,,1975290a-c6d7-4888-8413-7a6dc576bd08
IT/SPO.IT0477A_6001_BETA_2022-01-01_00:00:00,6001,2026-03-23 10:00:00,2026-03-23 11:00:00,19.695276000000000000,ug.m-3,hour,3,3,2026-03-23 11:00:00,,1975290a-c6d7-4888-8413-7a6dc576bd08
IT/SPO.IT0477A_6001_BETA_2022-01-01_00:00:00,6001,2026-03-23 11:00:00,2026-03-23 12:00:00,22.860040000000000000,ug.m-3,hour,3,3,2026-03-23 12:00:00,,fe8e11e8-6cfa-4c69-9b29-2d322df8f051
IT/SPO.IT0477A_6001_BETA_2022-01-01_00:00:00,6001,2026-03-23 12:00:00,2026-03-23 13:00:00,23.266273000000000000,ug.m-3,hour,3,3,2026-03-23 13:00:00,,d6e3e346-05ca-4417-b8ea-1810fc0ce305
IT/SPO.IT0477A_6001_BETA_2022-01-01_00:00:00,6001,2026-03-23 13:00:00,2026-03-23 14:00:00,16.286390000000000000,ug.m-3,hour,3,3,2026-03-23 14:00:00,,135e887c-07a1-4345-aefd-3836051f5085
IT/SPO.IT0477A_6001_BETA_2022-01-01_00:00:00,6001,2026-03-23 14:00:00,2026-03-23 15:00:00,16.404776000000000000,ug.m-3,hour,3,3,2026-03-23 15:00:00,,c6d65e63-e5a9-4d6e-bbc0-18f409c77621
IT/SPO.IT0477A_6001_BETA_2022-01-01_00:00:00,6001,2026-03-23 15:00:00,2026-03-23 16:00:00,16.273125000000000000,ug.m-3,hour,3,3,2026-03-23 16:00:00,,6553cf5e-d95b-4bfd-bf63-4d9b70f56ad5
IT/SPO.IT0477A_6001_BETA_2022-01-01_00:00:00,6001,2026-03-23 16:00:00,2026-03-23 17:00:00,11.391187000000000000,ug.m-3,hour,3,3,2026-03-23 17:00:00,,2752ff17-1f37-4f32-8afa-967d33c2e51a
IT/SPO.IT0477A_6001_BETA_2022-01-01_00:00:00,6001,2026-03-23 17:00:00,2026-03-23 18:00:00,13.235589000000000000,ug.m-3,hour,3,3,2026-03-23 18:00:00,,f918a5f6-6baa-40df-8154-73b869573b8f
IT/SPO.IT0477A_6001_BETA_2022-01-01_00:00:00,6001,2026-03-23 18:00:00,2026-03-23 19:00:00,9.264913000000000000,ug.m-3,hour,3,3,2026-03-23 19:00:00,,b701fa0a-28d8-4472-ab4f-8b2066b7e866
IT/SPO.IT0477A_6001_BETA_2022-01-01_00:00:00,6001,2026-03-23 19:00:00,2026-03-23 20:00:00,6.485438000000000000,ug.m-3,hour,3,3,2026-03-23 20:00:00,,f0a662c5-9158-42c7-9eac-74f86970ba9f
IT/SPO.IT0477A_6001_BETA_2022-01-01_00:00:00,6001,2026-03-23 20:00:00,2026-03-23 21:00:00,12.414274000000000000,ug.m-3,hour,3,3,2026-03-23 21:00:00,,6dc14d7b-e168-451a-92b5-693e21834e61
IT/SPO.IT0477A_6001_BETA_2022-01-01_00:00:00,6001,2026-03-23 21:00:00,2026-03-23 22:00:00,14.346176000000000000,ug.m-3,hour,3,3,2026-03-23 22:00:00,,0c438b32-b300-4016-a9e7-40cde895a911
IT/SPO.IT0477A_6001_BETA_2022-01-01_00:00:00,6001,2026-03-23 22:00:00,2026-03-23 23:00:00,17.131824000000000000,ug.m-3,hour,3,3,2026-03-23 23:00:00,,e79c7ceb-2591-4f39-83b4-74dd609407d5
IT/SPO.IT0477A_6001_BETA_2022-01-01_00:00:00,6001,2026-03-23 23:00:00,2026-03-24 00:00:00,28.656412000000000000,ug.m-3,hour,3,3,2026-03-24 00:00:00,,33f1caba-bea2-4f7a-8ef2-3aa50934dc51
IT/SPO.IT0477A_6001_BETA_2022-01-01_00:00:00,6001,2026-03-24 00:00:00,2026-03-24 01:00:00,22.879316000000000000,ug.m-3,hour,3,3,2026-03-24 01:00:00,,e0b6866f-9f90-4e12-aa1e-3ce2378c49e2
IT/SPO.IT0477A_6001_BETA_2022-01-01_00:00:00,6001,2026-03-24 01:00:00,2026-03-24 02:00:00,19.048914000000000000,ug.m-3,hour,3,3,2026-03-24 02:00:00,,0497edfd-bb04-4333-947b-1b16d3e6871a
IT/SPO.IT0477A_6001_BETA_2022-01-01_00:00:00,6001,2026-03-24 02:00:00,2026-03-24 03:00:00,29.743782000000000000,ug.m-3,hour,3,3,2026-03-24 03:00:00,,3578e5ab-b35b-4589-a905-b3fcc9ad5407
IT/SPO.IT0477A_6001_BETA_2022-01-01_00:00:00,6001,2026-03-24 03:00:00,2026-03-24 04:00:00,34.843792000000000000,ug.m-3,hour,3,3,2026-03-24 04:00:00,,e3cf2187-6786-48b4-8415-06305295c229
IT/SPO.IT0477A_6001_BETA_2022-01-01_00:00:00,6001,2026-03-24 04:00:00,2026-03-24 05:00:00,27.567350000000000000,ug.m-3,hour,3,3,2026-03-24 05:00:00,,fed72e2e-4ae4-481d-a266-09cace31689e
IT/SPO.IT0477A_6001_BETA_2022-01-01_00:00:00,6001,2026-03-24 05:00:00,2026-03-24 06:00:00,33.709430000000000000,ug.m-3,hour,3,3,2026-03-24 06:00:00,,133af662-6430-4e40-bc4e-b6bd2668a5ef
IT/SPO.IT0477A_6001_BETA_2022-01-01_00:00:00,6001,2026-03-24 06:00:00,2026-03-24 07:00:00,28.608970000000000000,ug.m-3,hour,3,3,2026-03-24 07:00:00,,7f309724-adce-4129-a187-1da5daf2b37b
IT/SPO.IT0477A_6001_BETA_2022-01-01_00:00:00,6001,2026-03-24 07:00:00,2026-03-24 08:00:00,31.380445000000000000,ug.m-3,hour,3,3,2026-03-24 08:00:00,,e09309e8-a7f9-4f42-8f05-1287c97c17e8
IT/SPO.IT0477A_6001_BETA_2022-01-01_00:00:00,6001,2026-03-24 08:00:00,2026-03-24 09:00:00,35.456215000000000000,ug.m-3,hour,3,3,2026-03-24 09:00:00,,5a5a8e88-9458-44d5-9357-fe7a5ec202b7
IT/SPO.IT0477A_6001_BETA_2022-01-01_00:00:00,6001,2026-03-24 09:00:00,2026-03-24 10:00:00,24.819355000000000000,ug.m-3,hour,3,3,2026-03-24 10:00:00,,eb53d29a-a4a4-44b0-b599-bf5932dcf2cd
IT/SPO.IT0477A_6001_BETA_2022-01-01_00:00:00,6001,2026-03-24 10:00:00,2026-03-24 11:00:00,24.281387000000000000,ug.m-3,hour,3,3,2026-03-24 11:00:00,,6033bfdb-350c-4c73-bd7f-722e023fbfbd
IT/SPO.IT0477A_6001_BETA_2022-01-01_00:00:00,6001,2026-03-24 11:00:00,2026-03-24 12:00:00,26.282219000000000000,ug.m-3,hour,3,3,2026-03-24 12:00:00,,ea865d0d-9531-4239-8ac5-c8567406b214
IT/SPO.IT0477A_6001_BETA_2022-01-01_00:00:00,6001,2026-03-24 12:00:00,2026-03-24 13:00:00,22.829868000000000000,ug.m-3,hour,3,3,2026-03-24 13:00:00,,e0c024d5-69e7-4ec8-aef7-f673202c5a6e
IT/SPO.IT0477A_6001_BETA_2022-01-01_00:00:00,6001,2026-03-24 13:00:00,2026-03-24 14:00:00,31.826464000000000000,ug.m-3,hour,3,3,2026-03-24 14:00:00,,a3d53d7b-6a36-4124-a040-4de38a6ee742
IT/SPO.IT0477A_6001_BETA_2022-01-01_00:00:00,6001,2026-03-24 14:00:00,2026-03-24 15:00:00,27.586535000000000000,ug.m-3,hour,3,3,2026-03-24 15:00:00,,ff239d0a-f9f4-49ee-af82-597daa19f049
IT/SPO.IT0477A_6001_BETA_2022-01-01_00:00:00,6001,2026-03-24 15:00:00,2026-03-24 16:00:00,23.753223000000000000,ug.m-3,hour,3,3,2026-03-24 16:00:00,,11716de2-63ca-4569-9477-3da8ccef34bd
IT/SPO.IT0477A_6001_BETA_2022-01-01_00:00:00,6001,2026-03-24 16:00:00,2026-03-24 17:00:00,23.319532000000000000,ug.m-3,hour,3,3,2026-03-24 17:00:00,,444df0ea-891c-4127-be99-570515cd1e12
IT/SPO.IT0477A_6001_BETA_2022-01-01_00:00:00,6001,2026-03-24 17:00:00,2026-03-24 18:00:00,20.100075000000000000,ug.m-3,hour,3,3,2026-03-24 18:00:00,,504125bf-01c8-4c33-bb26-2530f8f42825
IT/SPO.IT0477A_6001_BETA_2022-01-01_00:00:00,6001,2026-03-24 18:00:00,2026-03-24 19:00:00,23.936203000000000000,ug.m-3,hour,3,3,2026-03-24 19:00:00,,0e26060b-d67c-4108-84f4-3f9e47354a6f
IT/SPO.IT0477A_6001_BETA_2022-01-01_00:00:00,6001,2026-03-24 19:00:00,2026-03-24 20:00:00,21.363125000000000000,ug.m-3,hour,3,3,2026-03-24 20:00:00,,5b90ea13-43f5-4fd2-9b64-9c6645683807
IT/SPO.IT0477A_6001_BETA_2022-01-01_00:00:00,6001,2026-03-24 20:00:00,2026-03-24 21:00:00,24.684505000000000000,ug.m-3,hour,3,3,2026-03-24 21:00:00,,3448352a-dc33-48c1-928e-c6b0f2e2ddf5
IT/SPO.IT0477A_6001_BETA_2022-01-01_00:00:00,6001,2026-03-24 21:00:00,2026-03-24 22:00:00,17.279154000000000000,ug.m-3,hour,3,3,2026-03-24 22:00:00,,99453b80-3577-43e5-87d2-2e915cd5abf0
IT/SPO.IT0477A_6001_BETA_2022-01-01_00:00:00,6001,2026-03-24 22:00:00,2026-03-24 23:00:00,22.400267000000000000,ug.m-3,hour,3,3,2026-03-24 23:00:00,,a82cd626-b26e-46f4-8770-b0d313d912bf
IT/SPO.IT0477A_6001_BETA_2022-01-01_00:00:00,6001,2026-03-24 23:00:00,2026-03-25 00:00:00,32.790436000000000000,ug.m-3,hour,3,3,2026-03-25 00:00:00,,73f3c601-aab0-4305-8157-4ded204ba1a6
IT/SPO.IT0477A_6001_BETA_2022-01-01_00:00:00,6001,2026-03-25 00:00:00,2026-03-25 01:00:00,22.995085000000000000,ug.m-3,hour,3,3,2026-03-25 01:00:00,,0987af98-993c-456e-9dec-2ad94cf1327f
IT/SPO.IT0477A_6001_BETA_2022-01-01_00:00:00,6001,2026-03-25 01:00:00,2026-03-25 02:00:00,24.417206000000000000,ug.m-3,hour,3,3,2026-03-25 02:00:00,,81baf47b-4ab3-4d2b-8d0f-310ce93ccf4a
IT/SPO.IT0477A_6001_BETA_2022-01-01_00:00:00,6001,2026-03-25 02:00:00,2026-03-25 03:00:00,32.561610000000000000,ug.m-3,hour,3,3,2026-03-25 03:00:00,,8803877d-f07b-44ec-a57c-d2ae40b7307e
IT/SPO.IT0477A_6001_BETA_2022-01-01_00:00:00,6001,2026-03-25 03:00:00,2026-03-25 04:00:00,43.596584000000000000,ug.m-3,hour,3,3,2026-03-25 04:00:00,,31e7877c-dcff-4922-932c-a9a0f928921f
IT/SPO.IT0477A_6001_BETA_2022-01-01_00:00:00,6001,2026-03-25 04:00:00,2026-03-25 05:00:00,34.993046000000000000,ug.m-3,hour,3,3,2026-03-25 05:00:00,,c04114c1-42b2-412f-9f14-aacdfc079f4d
IT/SPO.IT0477A_6001_BETA_2022-01-01_00:00:00,6001,2026-03-25 05:00:00,2026-03-25 06:00:00,31.246350000000000000,ug.m-3,hour,3,3,2026-03-25 06:00:00,,141b8ee9-f4ad-4a5f-81ec-030e4049bf0b
IT/SPO.IT0477A_6001_BETA_2022-01-01_00:00:00,6001,2026-03-25 06:00:00,2026-03-25 07:00:00,42.418377000000000000,ug.m-3,hour,3,3,2026-03-25 07:00:00,,4b280a27-b202-4cf5-a419-b03a682df966
IT/SPO.IT0477A_6001_BETA_2022-01-01_00:00:00,6001,2026-03-25 07:00:00,2026-03-25 08:00:00,42.332030000000000000,ug.m-3,hour,3,3,2026-03-25 08:00:00,,791ca778-da0d-49b9-b582-5bc5a8730b57
IT/SPO.IT0477A_6001_BETA_2022-01-01_00:00:00,6001,2026-03-25 08:00:00,2026-03-25 09:00:00,38.942425000000000000,ug.m-3,hour,3,3,2026-03-25 09:00:00,,6befdb74-4aa2-44e8-ba57-5ffe2315ec36
IT/SPO.IT0477A_6001_BETA_2022-01-01_00:00:00,6001,2026-03-25 09:00:00,2026-03-25 10:00:00,37.696140000000000000,ug.m-3,hour,3,3,2026-03-25 10:00:00,,4e66fee7-e00b-4f8d-8120-4b7c20289160
IT/SPO.IT0477A_6001_BETA_2022-01-01_00:00:00,6001,2026-03-25 10:00:00,2026-03-25 11:00:00,34.295586000000000000,ug.m-3,hour,3,3,2026-03-25 11:00:00,,fa40946a-973b-44ca-8c95-344a361f6451
IT/SPO.IT0477A_6001_BETA_2022-01-01_00:00:00,6001,2026-03-25 11:00:00,2026-03-25 12:00:00,34.378770000000000000,ug.m-3,hour,3,3,2026-03-25 12:00:00,,5d3d8eb3-be19-4b8e-a8ee-d4fef3f47a88
IT/SPO.IT0477A_6001_BETA_2022-01-01_00:00:00,6001,2026-03-25 12:00:00,2026-03-25 13:00:00,25.486550000000000000,ug.m-3,hour,3,3,2026-03-25 13:00:00,,5676675b-d9e6-48c2-9d03-e1a4230ea64d
IT/SPO.IT0477A_6001_BETA_2022-01-01_00:00:00,6001,2026-03-25 13:00:00,2026-03-25 14:00:00,18.489647000000000000,ug.m-3,hour,3,3,2026-03-25 14:00:00,,04e55be4-663c-4994-b6cc-03efa480a78e
IT/SPO.IT0477A_6001_BETA_2022-01-01_00:00:00,6001,2026-03-25 14:00:00,2026-03-25 15:00:00,19.850994000000000000,ug.m-3,hour,3,3,2026-03-25 15:00:00,,e785bf7c-e7af-4bda-a858-e09f5fdb1201
IT/SPO.IT0477A_6001_BETA_2022-01-01_00:00:00,6001,2026-03-25 15:00:00,2026-03-25 16:00:00,18.339758000000000000,ug.m-3,hour,3,3,2026-03-25 16:00:00,,474adc4b-8d32-42f5-9837-59a803fcb1ab
IT/SPO.IT0477A_6001_BETA_2022-01-01_00:00:00,6001,2026-03-25 16:00:00,2026-03-25 17:00:00,12.837831000000000000,ug.m-3,hour,3,3,2026-03-25 17:00:00,,a6bf6997-73a3-4cca-afe0-9d44b92df7c6
IT/SPO.IT0477A_6001_BETA_2022-01-01_00:00:00,6001,2026-03-25 17:00:00,2026-03-25 18:00:00,8.986482000000000000,ug.m-3,hour,3,3,2026-03-25 18:00:00,,2427069e-7e7c-4a1a-afbb-7b2b24eb831e
IT/SPO.IT0477A_6001_BETA_2022-01-01_00:00:00,6001,2026-03-25 18:00:00,2026-03-25 19:00:00,9.377698000000000000,ug.m-3,hour,3,3,2026-03-25 19:00:00,,77b7c796-b32b-4a35-8819-2f0a85b1008e
IT/SPO.IT0477A_6001_BETA_2022-01-01_00:00:00,6001,2026-03-25 19:00:00,2026-03-25 20:00:00,7.502158000000000000,ug.m-3,hour,3,3,2026-03-25 20:00:00,,1f96e0a1-b37c-4604-94d5-ca23180d3e08
IT/SPO.IT0477A_6001_BETA_2022-01-01_00:00:00,6001,2026-03-25 20:00:00,2026-03-25 21:00:00,17.055107000000000000,ug.m-3,hour,3,3,2026-03-25 21:00:00,,f2d640b6-c4dc-4581-9ace-904021eed230
IT/SPO.IT0477A_6001_BETA_2022-01-01_00:00:00,6001,2026-03-25 21:00:00,2026-03-25 22:00:00,11.938575000000000000,ug.m-3,hour,3,3,2026-03-25 22:00:00,,959a8116-3d81-4675-9f4c-75b912d16607
IT/SPO.IT0477A_6001_BETA_2022-01-01_00:00:00,6001,2026-03-25 22:00:00,2026-03-25 23:00:00,8.357002000000000000,ug.m-3,hour,3,3,2026-03-25 23:00:00,,906028f0-078f-4973-a1d0-3aebad100da6
IT/SPO.IT0477A_6001_BETA_2022-01-01_00:00:00,6001,2026-03-25 23:00:00,2026-03-26 00:00:00,5.849902000000000000,ug.m-3,hour,3,3,2026-03-26 00:00:00,,4baacb8b-110f-468d-a9a1-16c030e96be1
IT/SPO.IT0477A_6001_BETA_2022-01-01_00:00:00,6001,2026-03-26 00:00:00,2026-03-26 01:00:00,7.144310000000000000,ug.m-3,hour,3,3,2026-03-26 01:00:00,,bdfa5fe9-f32d-4e84-aa5c-69b7ba6d835f
IT/SPO.IT0477A_6001_BETA_2022-01-01_00:00:00,6001,2026-03-26 01:00:00,2026-03-26 02:00:00,5.715448000000000000,ug.m-3,hour,3,3,2026-03-26 02:00:00,,dc4cae9a-619a-4a78-98ab-5a89cab43f5a
IT/SPO.IT0477A_6001_BETA_2022-01-01_00:00:00,6001,2026-03-26 02:00:00,2026-03-26 03:00:00,4.572359000000000000,ug.m-3,hour,3,3,2026-03-26 03:00:00,,1dd40855-61cc-471b-ac57-2fc05b200454
IT/SPO.IT0477A_6001_BETA_2022-01-01_00:00:00,6001,2026-03-26 03:00:00,2026-03-26 04:00:00,3.657887000000000000,ug.m-3,hour,3,3,2026-03-26 04:00:00,,de71e4d3-a5e5-4f0f-b63c-e5543e77b410
IT/SPO.IT0477A_6001_BETA_2022-01-01_00:00:00,6001,2026-03-26 04:00:00,2026-03-26 05:00:00,2.926310000000000000,ug.m-3,hour,3,3,2026-03-26 05:00:00,,50059b66-ca84-4ae9-819b-8367ea08a503
IT/SPO.IT0477A_6001_BETA_2022-01-01_00:00:00,6001,2026-03-26 05:00:00,2026-03-26 06:00:00,2.341048000000000000,ug.m-3,hour,3,3,2026-03-26 06:00:00,,6abf43da-eb04-4635-9c5a-919719b4b05f
IT/SPO.IT0477A_6001_BETA_2022-01-01_00:00:00,6001,2026-03-26 06:00:00,2026-03-26 07:00:00,1.872838000000000000,ug.m-3,hour,3,3,2026-03-26 07:00:00,,cf687df8-9b7a-4526-a2e3-97226fc9915d
IT/SPO.IT0477A_6001_BETA_2022-01-01_00:00:00,6001,2026-03-26 07:00:00,2026-03-26 08:00:00,2.455171000000000000,ug.m-3,hour,3,3,2026-03-26 08:00:00,,bf10bca0-79de-4f12-ae60-549bcf326a46
IT/SPO.IT0477A_6001_BETA_2022-01-01_00:00:00,6001,2026-03-26 08:00:00,2026-03-26 09:00:00,5.337524000000000000,ug.m-3,hour,3,3,2026-03-26 09:00:00,,fa62b93f-0ef3-4289-9df4-4f3f0089fe5c
IT/SPO.IT0477A_6001_BETA_2022-01-01_00:00:00,6001,2026-03-26 09:00:00,2026-03-26 10:00:00,4.270019000000000000,ug.m-3,hour,3,3,2026-03-26 10:00:00,,33a8eb0b-fbc7-4fae-bb05-7f67f929c537
IT/SPO.IT0477A_6001_BETA_2022-01-01_00:00:00,6001,2026-03-26 10:00:00,2026-03-26 11:00:00,3.416015000000000000,ug.m-3,hour,3,3,2026-03-26 11:00:00,,c11ef029-2944-4584-99ff-377a88af00cd
IT/SPO.IT0477A_6001_BETA_2022-01-01_00:00:00,6001,2026-03-26 11:00:00,2026-03-26 12:00:00,2.732812000000000000,ug.m-3,hour,3,3,2026-03-26 12:00:00,,29fbc8fa-28a6-456c-b1d9-39a0e7afbb70
IT/SPO.IT0477A_6001_BETA_2022-01-01_00:00:00,6001,2026-03-26 12:00:00,2026-03-26 13:00:00,2.186250000000000000,ug.m-3,hour,3,3,2026-03-26 13:00:00,,60f34f05-befa-44fc-b1b0-50dd799b17d1
IT/SPO.IT0477A_6001_BETA_2022-01-01_00:00:00,6001,2026-03-26 13:00:00,2026-03-26 14:00:00,1.749000000000000000,ug.m-3,hour,3,3,2026-03-26 14:00:00,,834eaf47-f4ce-4c85-994b-9e396a88b020
IT/SPO.IT0477A_6001_BETA_2022-01-01_00:00:00,6001,2026-03-26 14:00:00,2026-03-26 15:00:00,1.399200000000000000,ug.m-3,hour,3,3,2026-04-09 16:00:00,,2b6e0619-a10d-4db5-9db3-0b893c66a63c
IT/SPO.IT0477A_6001_BETA_2022-01-01_00:00:00,6001,2026-03-26 15:00:00,2026-03-26 16:00:00,1.883539000000000000,ug.m-3,hour,3,3,2026-04-09 16:00:00,,2b6e0619-a10d-4db5-9db3-0b893c66a63c
IT/SPO.IT0477A_6001_BETA_2022-01-01_00:00:00,6001,2026-03-26 16:00:00,2026-03-26 17:00:00,1.506831000000000000,ug.m-3,hour,3,3,2026-04-09 16:00:00,,2b6e0619-a10d-4db5-9db3-0b893c66a63c
IT/SPO.IT0477A_6001_BETA_2022-01-01_00:00:00,6001,2026-03-26 17:00:00,2026-03-26 18:00:00,1.205465000000000000,ug.m-3,hour,3,3,2026-04-09 16:00:00,,2b6e0619-a10d-4db5-9db3-0b893c66a63c
IT/SPO.IT0477A_6001_BETA_2022-01-01_00:00:00,6001,2026-03-26 18:00:00,2026-03-26 19:00:00,0.964372000000000000,ug.m-3,hour,3,3,2026-04-09 16:00:00,,2b6e0619-a10d-4db5-9db3-0b893c66a63c
IT/SPO.IT0477A_6001_BETA_2022-01-01_00:00:00,6001,2026-03-26 19:00:00,2026-03-26 20:00:00,4.002302000000000000,ug.m-3,hour,3,3,2026-04-09 16:00:00,,2b6e0619-a10d-4db5-9db3-0b893c66a63c
IT/SPO.IT0477A_6001_BETA_2022-01-01_00:00:00,6001,2026-03-26 20:00:00,2026-03-26 21:00:00,3.201841000000000000,ug.m-3,hour,3,3,2026-04-09 16:00:00,,2b6e0619-a10d-4db5-9db3-0b893c66a63c
IT/SPO.IT0477A_6001_BETA_2022-01-01_00:00:00,6001,2026-03-26 21:00:00,2026-03-26 22:00:00,2.561473000000000000,ug.m-3,hour,3,3,2026-04-09 16:00:00,,2b6e0619-a10d-4db5-9db3-0b893c66a63c
IT/SPO.IT0477A_6001_BETA_2022-01-01_00:00:00,6001,2026-03-26 22:00:00,2026-03-26 23:00:00,2.049179000000000000,ug.m-3,hour,3,3,2026-04-09 16:00:00,,2b6e0619-a10d-4db5-9db3-0b893c66a63c
IT/SPO.IT0477A_6001_BETA_2022-01-01_00:00:00,6001,2026-03-26 23:00:00,2026-03-27 00:00:00,1.639343000000000000,ug.m-3,hour,3,3,2026-04-09 16:00:00,,2b6e0619-a10d-4db5-9db3-0b893c66a63c
IT/SPO.IT0477A_6001_BETA_2022-01-01_00:00:00,6001,2026-03-27 00:00:00,2026-03-27 01:00:00,1.666147000000000000,ug.m-3,hour,3,3,2026-04-09 16:00:00,,2b6e0619-a10d-4db5-9db3-0b893c66a63c
IT/SPO.IT0477A_6001_BETA_2022-01-01_00:00:00,6001,2026-03-27 01:00:00,2026-03-27 02:00:00,1.332918000000000000,ug.m-3,hour,3,3,2026-04-09 16:00:00,,2b6e0619-a10d-4db5-9db3-0b893c66a63c
IT/SPO.IT0477A_6001_BETA_2022-01-01_00:00:00,6001,2026-03-27 02:00:00,2026-03-27 03:00:00,1.066334000000000000,ug.m-3,hour,3,3,2026-04-09 16:00:00,,2b6e0619-a10d-4db5-9db3-0b893c66a63c
IT/SPO.IT0477A_6001_BETA_2022-01-01_00:00:00,6001,2026-03-27 03:00:00,2026-03-27 04:00:00,0.853067000000000000,ug.m-3,hour,3,3,2026-04-09 16:00:00,,2b6e0619-a10d-4db5-9db3-0b893c66a63c
IT/SPO.IT0477A_6001_BETA_2022-01-01_00:00:00,6001,2026-03-27 04:00:00,2026-03-27 05:00:00,0.682454000000000000,ug.m-3,hour,3,3,2026-04-09 16:00:00,,2b6e0619-a10d-4db5-9db3-0b893c66a63c
IT/SPO.IT0477A_6001_BETA_2022-01-01_00:00:00,6001,2026-03-27 05:00:00,2026-03-27 06:00:00,0.545963000000000000,ug.m-3,hour,3,3,2026-04-09 16:00:00,,2b6e0619-a10d-4db5-9db3-0b893c66a63c
IT/SPO.IT0477A_6001_BETA_2022-01-01_00:00:00,6001,2026-03-27 06:00:00,2026-03-27 07:00:00,1.112067000000000000,ug.m-3,hour,3,3,2026-04-09 16:00:00,,2b6e0619-a10d-4db5-9db3-0b893c66a63c
IT/SPO.IT0477A_6001_BETA_2022-01-01_00:00:00,6001,2026-03-27 07:00:00,2026-03-27 08:00:00,0.889654000000000000,ug.m-3,hour,3,3,2026-04-09 16:00:00,,2b6e0619-a10d-4db5-9db3-0b893c66a63c
IT/SPO.IT0477A_6001_BETA_2022-01-01_00:00:00,6001,2026-03-27 08:00:00,2026-03-27 09:00:00,0.711723000000000000,ug.m-3,hour,3,3,2026-04-09 16:00:00,,2b6e0619-a10d-4db5-9db3-0b893c66a63c
IT/SPO.IT0477A_6001_BETA_2022-01-01_00:00:00,6001,2026-03-27 09:00:00,2026-03-27 10:00:00,1.247470000000000000,ug.m-3,hour,3,3,2026-04-09 16:00:00,,2b6e0619-a10d-4db5-9db3-0b893c66a63c
IT/SPO.IT0477A_6001_BETA_2022-01-01_00:00:00,6001,2026-03-27 10:00:00,2026-03-27 11:00:00,0.997976000000000000,ug.m-3,hour,3,3,2026-04-09 16:00:00,,2b6e0619-a10d-4db5-9db3-0b893c66a63c
IT/SPO.IT0477A_6001_BETA_2022-01-01_00:00:00,6001,2026-03-27 11:00:00,2026-03-27 12:00:00,1.644027000000000000,ug.m-3,hour,3,3,2026-04-09 16:00:00,,2b6e0619-a10d-4db5-9db3-0b893c66a63c
IT/SPO.IT0477A_6001_BETA_2022-01-01_00:00:00,6001,2026-03-27 12:00:00,2026-03-27 13:00:00,2.195062000000000000,ug.m-3,hour,3,3,2026-04-09 16:00:00,,2b6e0619-a10d-4db5-9db3-0b893c66a63c
IT/SPO.IT0477A_6001_BETA_2022-01-01_00:00:00,6001,2026-03-27 13:00:00,2026-03-27 14:00:00,2.178530000000000000,ug.m-3,hour,3,3,2026-04-09 16:00:00,,2b6e0619-a10d-4db5-9db3-0b893c66a63c
IT/SPO.IT0477A_6001_BETA_2022-01-01_00:00:00,6001,2026-03-27 14:00:00,2026-03-27 15:00:00,5.500564000000000000,ug.m-3,hour,3,3,2026-04-09 16:00:00,,2b6e0619-a10d-4db5-9db3-0b893c66a63c
IT/SPO.IT0477A_6001_BETA_2022-01-01_00:00:00,6001,2026-03-27 15:00:00,2026-03-27 16:00:00,4.400451000000000000,ug.m-3,hour,3,3,2026-04-09 16:00:00,,2b6e0619-a10d-4db5-9db3-0b893c66a63c
IT/SPO.IT0477A_6001_BETA_2022-01-01_00:00:00,6001,2026-03-27 16:00:00,2026-03-27 17:00:00,3.520360000000000000,ug.m-3,hour,3,3,2026-04-09 16:00:00,,2b6e0619-a10d-4db5-9db3-0b893c66a63c
IT/SPO.IT0477A_6001_BETA_2022-01-01_00:00:00,6001,2026-03-27 17:00:00,2026-03-27 18:00:00,2.816288000000000000,ug.m-3,hour,3,3,2026-04-09 16:00:00,,2b6e0619-a10d-4db5-9db3-0b893c66a63c
IT/SPO.IT0477A_6001_BETA_2022-01-01_00:00:00,6001,2026-03-27 18:00:00,2026-03-27 19:00:00,2.689135000000000000,ug.m-3,hour,3,3,2026-04-09 16:00:00,,2b6e0619-a10d-4db5-9db3-0b893c66a63c
IT/SPO.IT0477A_6001_BETA_2022-01-01_00:00:00,6001,2026-03-27 19:00:00,2026-03-27 20:00:00,2.151308000000000000,ug.m-3,hour,3,3,2026-04-09 16:00:00,,2b6e0619-a10d-4db5-9db3-0b893c66a63c
IT/SPO.IT0477A_6001_BETA_2022-01-01_00:00:00,6001,2026-03-27 20:00:00,2026-03-27 21:00:00,1.721046000000000000,ug.m-3,hour,3,3,2026-04-09 16:00:00,,2b6e0619-a10d-4db5-9db3-0b893c66a63c
IT/SPO.IT0477A_6001_BETA_2022-01-01_00:00:00,6001,2026-03-27 21:00:00,2026-03-27 22:00:00,1.376837000000000000,ug.m-3,hour,3,3,2026-04-09 16:00:00,,2b6e0619-a10d-4db5-9db3-0b893c66a63c
IT/SPO.IT0477A_6001_BETA_2022-01-01_00:00:00,6001,2026-03-27 22:00:00,2026-03-27 23:00:00,1.101470000000000000,ug.m-3,hour,3,3,2026-04-09 16:00:00,,2b6e0619-a10d-4db5-9db3-0b893c66a63c
IT/SPO.IT0477A_6001_BETA_2022-01-01_00:00:00,6001,2026-03-27 23:00:00,2026-03-28 00:00:00,5.272811000000000000,ug.m-3,hour,3,3,2026-04-09 16:00:00,,2b6e0619-a10d-4db5-9db3-0b893c66a63c
IT/SPO.IT0477A_6001_BETA_2022-01-01_00:00:00,6001,2026-03-28 00:00:00,2026-03-28 01:00:00,4.218249000000000000,ug.m-3,hour,3,3,2026-04-09 16:00:00,,2b6e0619-a10d-4db5-9db3-0b893c66a63c
IT/SPO.IT0477A_6001_BETA_2022-01-01_00:00:00,6001,2026-03-28 01:00:00,2026-03-28 02:00:00,3.374599000000000000,ug.m-3,hour,3,3,2026-04-09 16:00:00,,2b6e0619-a10d-4db5-9db3-0b893c66a63c
IT/SPO.IT0477A_6001_BETA_2022-01-01_00:00:00,6001,2026-03-28 02:00:00,2026-03-28 03:00:00,3.264116000000000000,ug.m-3,hour,3,3,2026-04-09 16:00:00,,2b6e0619-a10d-4db5-9db3-0b893c66a63c
IT/SPO.IT0477A_6001_BETA_2022-01-01_00:00:00,6001,2026-03-28 03:00:00,2026-03-28 04:00:00,7.662927000000000000,ug.m-3,hour,3,3,2026-04-09 16:00:00,,2b6e0619-a10d-4db5-9db3-0b893c66a63c
IT/SPO.IT0477A_6001_BETA_2022-01-01_00:00:00,6001,2026-03-28 04:00:00,2026-03-28 05:00:00,6.907153000000000000,ug.m-3,hour,3,3,2026-04-09 16:00:00,,2b6e0619-a10d-4db5-9db3-0b893c66a63c
IT/SPO.IT0477A_6001_BETA_2022-01-01_00:00:00,6001,2026-03-28 05:00:00,2026-03-28 06:00:00,5.613387000000000000,ug.m-3,hour,3,3,2026-04-09 16:00:00,,2b6e0619-a10d-4db5-9db3-0b893c66a63c
IT/SPO.IT0477A_6001_BETA_2022-01-01_00:00:00,6001,2026-03-28 06:00:00,2026-03-28 07:00:00,11.421950000000000000,ug.m-3,hour,3,3,2026-04-09 16:00:00,,2b6e0619-a10d-4db5-9db3-0b893c66a63c
IT/SPO.IT0477A_6001_BETA_2022-01-01_00:00:00,6001,2026-03-28 07:00:00,2026-03-28 08:00:00,9.882133000000000000,ug.m-3,hour,3,3,2026-04-09 16:00:00,,2b6e0619-a10d-4db5-9db3-0b893c66a63c
IT/SPO.IT0477A_6001_BETA_2022-01-01_00:00:00,6001,2026-03-28 08:00:00,2026-03-28 09:00:00,16.035963000000000000,ug.m-3,hour,3,3,2026-04-09 16:00:00,,2b6e0619-a10d-4db5-9db3-0b893c66a63c
IT/SPO.IT0477A_6001_BETA_2022-01-01_00:00:00,6001,2026-03-28 09:00:00,2026-03-28 10:00:00,16.269274000000000000,ug.m-3,hour,3,3,2026-04-09 16:00:00,,2b6e0619-a10d-4db5-9db3-0b893c66a63c
IT/SPO.IT0477A_6001_BETA_2022-01-01_00:00:00,6001,2026-03-28 10:00:00,2026-03-28 11:00:00,11.388492000000000000,ug.m-3,hour,3,3,2026-04-09 16:00:00,,2b6e0619-a10d-4db5-9db3-0b893c66a63c
IT/SPO.IT0477A_6001_BETA_2022-01-01_00:00:00,6001,2026-03-28 11:00:00,2026-03-28 12:00:00,8.755629000000000000,ug.m-3,hour,3,3,2026-04-09 16:00:00,,2b6e0619-a10d-4db5-9db3-0b893c66a63c
IT/SPO.IT0477A_6001_BETA_2022-01-01_00:00:00,6001,2026-03-28 12:00:00,2026-03-28 13:00:00,6.370014000000000000,ug.m-3,hour,3,3,2026-04-09 16:00:00,,2b6e0619-a10d-4db5-9db3-0b893c66a63c
IT/SPO.IT0477A_6001_BETA_2022-01-01_00:00:00,6001,2026-03-28 13:00:00,2026-03-28 14:00:00,10.467063000000000000,ug.m-3,hour,3,3,2026-04-09 16:00:00,,2b6e0619-a10d-4db5-9db3-0b893c66a63c
IT/SPO.IT0477A_6001_BETA_2022-01-01_00:00:00,6001,2026-03-28 14:00:00,2026-03-28 15:00:00,14.188148000000000000,ug.m-3,hour,3,3,2026-04-09 16:00:00,,2b6e0619-a10d-4db5-9db3-0b893c66a63c
IT/SPO.IT0477A_6001_BETA_2022-01-01_00:00:00,6001,2026-03-28 15:00:00,2026-03-28 16:00:00,9.962341000000000000,ug.m-3,hour,3,3,2026-04-09 16:00:00,,2b6e0619-a10d-4db5-9db3-0b893c66a63c
IT/SPO.IT0477A_6001_BETA_2022-01-01_00:00:00,6001,2026-03-28 16:00:00,2026-03-28 17:00:00,6.973639000000000000,ug.m-3,hour,3,3,2026-04-09 16:00:00,,2b6e0619-a10d-4db5-9db3-0b893c66a63c
IT/SPO.IT0477A_6001_BETA_2022-01-01_00:00:00,6001,2026-03-28 17:00:00,2026-03-28 18:00:00,5.578912000000000000,ug.m-3,hour,3,3,2026-04-09 16:00:00,,2b6e0619-a10d-4db5-9db3-0b893c66a63c
IT/SPO.IT0477A_6001_BETA_2022-01-01_00:00:00,6001,2026-03-28 18:00:00,2026-03-28 19:00:00,4.463130000000000000,ug.m-3,hour,3,3,2026-04-09 16:00:00,,2b6e0619-a10d-4db5-9db3-0b893c66a63c
IT/SPO.IT0477A_6001_BETA_2022-01-01_00:00:00,6001,2026-03-28 19:00:00,2026-03-28 20:00:00,3.570504000000000000,ug.m-3,hour,3,3,2026-04-09 16:00:00,,2b6e0619-a10d-4db5-9db3-0b893c66a63c
IT/SPO.IT0477A_6001_BETA_2022-01-01_00:00:00,6001,2026-03-28 20:00:00,2026-03-28 21:00:00,2.856403000000000000,ug.m-3,hour,3,3,2026-04-09 16:00:00,,2b6e0619-a10d-4db5-9db3-0b893c66a63c
IT/SPO.IT0477A_6001_BETA_2022-01-01_00:00:00,6001,2026-03-28 21:00:00,2026-03-28 22:00:00,6.492835000000000000,ug.m-3,hour,3,3,2026-04-09 16:00:00,,2b6e0619-a10d-4db5-9db3-0b893c66a63c
IT/SPO.IT0477A_6001_BETA_2022-01-01_00:00:00,6001,2026-03-28 22:00:00,2026-03-28 23:00:00,5.688818000000000000,ug.m-3,hour,3,3,2026-04-09 16:00:00,,2b6e0619-a10d-4db5-9db3-0b893c66a63c
IT/SPO.IT0477A_6001_BETA_2022-01-01_00:00:00,6001,2026-03-28 23:00:00,2026-03-29 00:00:00,11.365574000000000000,ug.m-3,hour,3,3,2026-04-09 16:00:00,,2b6e0619-a10d-4db5-9db3-0b893c66a63c
IT/SPO.IT0477A_6001_BETA_2022-01-01_00:00:00,6001,2026-03-29 00:00:00,2026-03-29 01:00:00,9.204151000000000000,ug.m-3,hour,3,3,2026-04-09 16:00:00,,2b6e0619-a10d-4db5-9db3-0b893c66a63c
IT/SPO.IT0477A_6001_BETA_2022-01-01_00:00:00,6001,2026-03-29 03:00:00,2026-03-29 04:00:00,12.247433000000000000,ug.m-3,hour,3,3,2026-04-09 16:00:00,,2b6e0619-a10d-4db5-9db3-0b893c66a63c
IT/SPO.IT0477A_6001_BETA_2022-01-01_00:00:00,6001,2026-03-29 04:00:00,2026-03-29 05:00:00,13.255888000000000000,ug.m-3,hour,3,3,2026-04-09 16:00:00,,2b6e0619-a10d-4db5-9db3-0b893c66a63c
IT/SPO.IT0477A_6001_BETA_2022-01-01_00:00:00,6001,2026-03-29 05:00:00,2026-03-29 06:00:00,16.200787000000000000,ug.m-3,hour,3,3,2026-04-09 16:00:00,,2b6e0619-a10d-4db5-9db3-0b893c66a63c
IT/SPO.IT0477A_6001_BETA_2022-01-01_00:00:00,6001,2026-03-29 06:00:00,2026-03-29 07:00:00,14.368646000000000000,ug.m-3,hour,3,3,2026-04-09 16:00:00,,2b6e0619-a10d-4db5-9db3-0b893c66a63c
IT/SPO.IT0477A_6001_BETA_2022-01-01_00:00:00,6001,2026-03-29 07:00:00,2026-03-29 08:00:00,10.058052000000000000,ug.m-3,hour,3,3,2026-04-09 16:00:00,,2b6e0619-a10d-4db5-9db3-0b893c66a63c
IT/SPO.IT0477A_6001_BETA_2022-01-01_00:00:00,6001,2026-03-29 08:00:00,2026-03-29 09:00:00,7.040637000000000000,ug.m-3,hour,3,3,2026-04-09 16:00:00,,2b6e0619-a10d-4db5-9db3-0b893c66a63c
IT/SPO.IT0477A_6001_BETA_2022-01-01_00:00:00,6001,2026-03-29 09:00:00,2026-03-29 10:00:00,10.460197000000000000,ug.m-3,hour,3,3,2026-04-09 16:00:00,,2b6e0619-a10d-4db5-9db3-0b893c66a63c
IT/SPO.IT0477A_6001_BETA_2022-01-01_00:00:00,6001,2026-03-29 10:00:00,2026-03-29 11:00:00,8.368158000000000000,ug.m-3,hour,3,3,2026-04-09 16:00:00,,2b6e0619-a10d-4db5-9db3-0b893c66a63c
IT/SPO.IT0477A_6001_BETA_2022-01-01_00:00:00,6001,2026-03-29 11:00:00,2026-03-29 12:00:00,6.803102000000000000,ug.m-3,hour,3,3,2026-04-09 16:00:00,,2b6e0619-a10d-4db5-9db3-0b893c66a63c
IT/SPO.IT0477A_6001_BETA_2022-01-01_00:00:00,6001,2026-03-29 12:00:00,2026-03-29 13:00:00,5.442481000000000000,ug.m-3,hour,3,3,2026-04-09 16:00:00,,2b6e0619-a10d-4db5-9db3-0b893c66a63c
IT/SPO.IT0477A_6001_BETA_2022-01-01_00:00:00,6001,2026-03-29 13:00:00,2026-03-29 14:00:00,4.353985000000000000,ug.m-3,hour,3,3,2026-04-09 16:00:00,,2b6e0619-a10d-4db5-9db3-0b893c66a63c
IT/SPO.IT0477A_6001_BETA_2022-01-01_00:00:00,6001,2026-03-29 14:00:00,2026-03-29 15:00:00,3.483188000000000000,ug.m-3,hour,3,3,2026-04-09 16:00:00,,2b6e0619-a10d-4db5-9db3-0b893c66a63c
IT/SPO.IT0477A_6001_BETA_2022-01-01_00:00:00,6001,2026-03-29 15:00:00,2026-03-29 16:00:00,2.951222000000000000,ug.m-3,hour,3,3,2026-04-09 16:00:00,,2b6e0619-a10d-4db5-9db3-0b893c66a63c
IT/SPO.IT0477A_6001_BETA_2022-01-01_00:00:00,6001,2026-03-29 16:00:00,2026-03-29 17:00:00,2.360977000000000000,ug.m-3,hour,3,3,2026-04-09 16:00:00,,2b6e0619-a10d-4db5-9db3-0b893c66a63c
IT/SPO.IT0477A_6001_BETA_2022-01-01_00:00:00,6001,2026-03-29 17:00:00,2026-03-29 18:00:00,2.215091000000000000,ug.m-3,hour,3,3,2026-04-09 16:00:00,,2b6e0619-a10d-4db5-9db3-0b893c66a63c
IT/SPO.IT0477A_6001_BETA_2022-01-01_00:00:00,6001,2026-03-29 18:00:00,2026-03-29 19:00:00,7.186202000000000000,ug.m-3,hour,3,3,2026-04-09 16:00:00,,2b6e0619-a10d-4db5-9db3-0b893c66a63c
IT/SPO.IT0477A_6001_BETA_2022-01-01_00:00:00,6001,2026-03-29 19:00:00,2026-03-29 20:00:00,5.748961000000000000,ug.m-3,hour,3,3,2026-04-09 16:00:00,,2b6e0619-a10d-4db5-9db3-0b893c66a63c
IT/SPO.IT0477A_6001_BETA_2022-01-01_00:00:00,6001,2026-03-29 20:00:00,2026-03-29 21:00:00,4.599169000000000000,ug.m-3,hour,3,3,2026-04-09 16:00:00,,2b6e0619-a10d-4db5-9db3-0b893c66a63c
IT/SPO.IT0477A_6001_BETA_2022-01-01_00:00:00,6001,2026-03-29 21:00:00,2026-03-29 22:00:00,3.679335000000000000,ug.m-3,hour,3,3,2026-04-09 16:00:00,,2b6e0619-a10d-4db5-9db3-0b893c66a63c
IT/SPO.IT0477A_6001_BETA_2022-01-01_00:00:00,6001,2026-03-29 22:00:00,2026-03-29 23:00:00,2.943468000000000000,ug.m-3,hour,3,3,2026-04-09 16:00:00,,2b6e0619-a10d-4db5-9db3-0b893c66a63c
IT/SPO.IT0477A_6001_BETA_2022-01-01_00:00:00,6001,2026-03-29 23:00:00,2026-03-30 00:00:00,2.354775000000000000,ug.m-3,hour,3,3,2026-04-09 16:00:00,,2b6e0619-a10d-4db5-9db3-0b893c66a63c
IT/SPO.IT0477A_6001_BETA_2022-01-01_00:00:00,6001,2026-03-30 00:00:00,2026-03-30 01:00:00,1.883820000000000000,ug.m-3,hour,3,3,2026-04-09 16:00:00,,2b6e0619-a10d-4db5-9db3-0b893c66a63c
IT/SPO.IT0477A_6001_BETA_2022-01-01_00:00:00,6001,2026-03-30 01:00:00,2026-03-30 02:00:00,1.578435000000000000,ug.m-3,hour,3,3,2026-04-09 16:00:00,,2b6e0619-a10d-4db5-9db3-0b893c66a63c
IT/SPO.IT0477A_6001_BETA_2022-01-01_00:00:00,6001,2026-03-30 02:00:00,2026-03-30 03:00:00,2.881720000000000000,ug.m-3,hour,3,3,2026-04-09 16:00:00,,2b6e0619-a10d-4db5-9db3-0b893c66a63c
IT/SPO.IT0477A_6001_BETA_2022-01-01_00:00:00,6001,2026-03-30 03:00:00,2026-03-30 04:00:00,2.305376000000000000,ug.m-3,hour,3,3,2026-04-09 16:00:00,,2b6e0619-a10d-4db5-9db3-0b893c66a63c
IT/SPO.IT0477A_6001_BETA_2022-01-01_00:00:00,6001,2026-03-30 04:00:00,2026-03-30 05:00:00,1.844301000000000000,ug.m-3,hour,3,3,2026-04-09 16:00:00,,2b6e0619-a10d-4db5-9db3-0b893c66a63c
IT/SPO.IT0477A_6001_BETA_2022-01-01_00:00:00,6001,2026-03-30 05:00:00,2026-03-30 06:00:00,1.529031000000000000,ug.m-3,hour,3,3,2026-04-09 16:00:00,,2b6e0619-a10d-4db5-9db3-0b893c66a63c
IT/SPO.IT0477A_6001_BETA_2022-01-01_00:00:00,6001,2026-03-30 06:00:00,2026-03-30 07:00:00,2.801441000000000000,ug.m-3,hour,3,3,2026-04-09 16:00:00,,2b6e0619-a10d-4db5-9db3-0b893c66a63c
IT/SPO.IT0477A_6001_BETA_2022-01-01_00:00:00,6001,2026-03-30 07:00:00,2026-03-30 08:00:00,4.354294000000000000,ug.m-3,hour,3,3,2026-04-09 16:00:00,,2b6e0619-a10d-4db5-9db3-0b893c66a63c
IT/SPO.IT0477A_6001_BETA_2022-01-01_00:00:00,6001,2026-03-30 08:00:00,2026-03-30 09:00:00,6.646761000000000000,ug.m-3,hour,3,3,2026-04-09 16:00:00,,2b6e0619-a10d-4db5-9db3-0b893c66a63c
IT/SPO.IT0477A_6001_BETA_2022-01-01_00:00:00,6001,2026-03-30 09:00:00,2026-03-30 10:00:00,6.192103000000000000,ug.m-3,hour,3,3,2026-04-09 16:00:00,,2b6e0619-a10d-4db5-9db3-0b893c66a63c
IT/SPO.IT0477A_6001_BETA_2022-01-01_00:00:00,6001,2026-03-30 10:00:00,2026-03-30 11:00:00,4.953683000000000000,ug.m-3,hour,3,3,2026-04-09 16:00:00,,2b6e0619-a10d-4db5-9db3-0b893c66a63c
IT/SPO.IT0477A_6001_BETA_2022-01-01_00:00:00,6001,2026-03-30 11:00:00,2026-03-30 12:00:00,8.438206000000000000,ug.m-3,hour,3,3,2026-04-09 16:00:00,,2b6e0619-a10d-4db5-9db3-0b893c66a63c
IT/SPO.IT0477A_6001_BETA_2022-01-01_00:00:00,6001,2026-03-30 12:00:00,2026-03-30 13:00:00,6.750565000000000000,ug.m-3,hour,3,3,2026-04-09 16:00:00,,2b6e0619-a10d-4db5-9db3-0b893c66a63c
IT/SPO.IT0477A_6001_BETA_2022-01-01_00:00:00,6001,2026-03-30 13:00:00,2026-03-30 14:00:00,5.858759000000000000,ug.m-3,hour,3,3,2026-04-09 16:00:00,,2b6e0619-a10d-4db5-9db3-0b893c66a63c
IT/SPO.IT0477A_6001_BETA_2022-01-01_00:00:00,6001,2026-03-30 14:00:00,2026-03-30 15:00:00,4.687007000000000000,ug.m-3,hour,3,3,2026-04-09 16:00:00,,2b6e0619-a10d-4db5-9db3-0b893c66a63c
IT/SPO.IT0477A_6001_BETA_2022-01-01_00:00:00,6001,2026-03-30 15:00:00,2026-03-30 16:00:00,8.125918000000000000,ug.m-3,hour,3,3,2026-04-09 16:00:00,,2b6e0619-a10d-4db5-9db3-0b893c66a63c
IT/SPO.IT0477A_6001_BETA_2022-01-01_00:00:00,6001,2026-03-30 16:00:00,2026-03-30 17:00:00,7.923989000000000000,ug.m-3,hour,3,3,2026-04-09 16:00:00,,2b6e0619-a10d-4db5-9db3-0b893c66a63c
IT/SPO.IT0477A_6001_BETA_2022-01-01_00:00:00,6001,2026-03-30 17:00:00,2026-03-30 18:00:00,6.339191000000000000,ug.m-3,hour,3,3,2026-04-09 16:00:00,,2b6e0619-a10d-4db5-9db3-0b893c66a63c
IT/SPO.IT0477A_6001_BETA_2022-01-01_00:00:00,6001,2026-03-30 18:00:00,2026-03-30 19:00:00,5.071353000000000000,ug.m-3,hour,3,3,2026-04-09 16:00:00,,2b6e0619-a10d-4db5-9db3-0b893c66a63c
IT/SPO.IT0477A_6001_BETA_2022-01-01_00:00:00,6001,2026-03-30 19:00:00,2026-03-30 20:00:00,4.057082000000000000,ug.m-3,hour,3,3,2026-04-09 16:00:00,,2b6e0619-a10d-4db5-9db3-0b893c66a63c
IT/SPO.IT0477A_6001_BETA_2022-01-01_00:00:00,6001,2026-03-30 20:00:00,2026-03-30 21:00:00,3.245666000000000000,ug.m-3,hour,3,3,2026-04-09 16:00:00,,2b6e0619-a10d-4db5-9db3-0b893c66a63c
IT/SPO.IT0477A_6001_BETA_2022-01-01_00:00:00,6001,2026-03-30 21:00:00,2026-03-30 22:00:00,5.511357000000000000,ug.m-3,hour,3,3,2026-04-09 16:00:00,,2b6e0619-a10d-4db5-9db3-0b893c66a63c
IT/SPO.IT0477A_6001_BETA_2022-01-01_00:00:00,6001,2026-03-30 22:00:00,2026-03-30 23:00:00,4.409085000000000000,ug.m-3,hour,3,3,2026-04-09 16:00:00,,2b6e0619-a10d-4db5-9db3-0b893c66a63c
IT/SPO.IT0477A_6001_BETA_2022-01-01_00:00:00,6001,2026-03-30 23:00:00,2026-03-31 00:00:00,3.527268000000000000,ug.m-3,hour,3,3,2026-04-09 16:00:00,,2b6e0619-a10d-4db5-9db3-0b893c66a63c
IT/SPO.IT0477A_6001_BETA_2022-01-01_00:00:00,6001,2026-03-31 00:00:00,2026-03-31 01:00:00,2.821815000000000000,ug.m-3,hour,3,3,2026-04-09 16:00:00,,2b6e0619-a10d-4db5-9db3-0b893c66a63c
IT/SPO.IT0477A_6001_BETA_2022-01-01_00:00:00,6001,2026-03-31 01:00:00,2026-03-31 02:00:00,2.400973000000000000,ug.m-3,hour,3,3,2026-04-09 16:00:00,,2b6e0619-a10d-4db5-9db3-0b893c66a63c
IT/SPO.IT0477A_6001_BETA_2022-01-01_00:00:00,6001,2026-03-31 02:00:00,2026-03-31 03:00:00,1.925653000000000000,ug.m-3,hour,3,3,2026-04-09 16:00:00,,2b6e0619-a10d-4db5-9db3-0b893c66a63c
IT/SPO.IT0477A_6001_BETA_2022-01-01_00:00:00,6001,2026-03-31 03:00:00,2026-03-31 04:00:00,1.659366000000000000,ug.m-3,hour,3,3,2026-04-09 16:00:00,,2b6e0619-a10d-4db5-9db3-0b893c66a63c
IT/SPO.IT0477A_6001_BETA_2022-01-01_00:00:00,6001,2026-03-31 04:00:00,2026-03-31 05:00:00,1.327493000000000000,ug.m-3,hour,3,3,2026-04-09 16:00:00,,2b6e0619-a10d-4db5-9db3-0b893c66a63c
IT/SPO.IT0477A_6001_BETA_2022-01-01_00:00:00,6001,2026-03-31 05:00:00,2026-03-31 06:00:00,1.061994000000000000,ug.m-3,hour,3,3,2026-04-09 16:00:00,,2b6e0619-a10d-4db5-9db3-0b893c66a63c
IT/SPO.IT0477A_6001_BETA_2022-01-01_00:00:00,6001,2026-03-31 06:00:00,2026-03-31 07:00:00,0.999250000000000000,ug.m-3,hour,3,3,2026-04-09 16:00:00,,2b6e0619-a10d-4db5-9db3-0b893c66a63c
IT/SPO.IT0477A_6001_BETA_2022-01-01_00:00:00,6001,2026-03-31 07:00:00,2026-03-31 08:00:00,0.799400000000000000,ug.m-3,hour,3,3,2026-04-09 16:00:00,,2b6e0619-a10d-4db5-9db3-0b893c66a63c
IT/SPO.IT0477A_6001_BETA_2022-01-01_00:00:00,6001,2026-03-31 08:00:00,2026-03-31 09:00:00,0.639520000000000000,ug.m-3,hour,3,3,2026-04-09 16:00:00,,2b6e0619-a10d-4db5-9db3-0b893c66a63c
IT/SPO.IT0477A_6001_BETA_2022-01-01_00:00:00,6001,2026-03-31 09:00:00,2026-03-31 10:00:00,0.511616000000000000,ug.m-3,hour,3,3,2026-04-09 16:00:00,,2b6e0619-a10d-4db5-9db3-0b893c66a63c
IT/SPO.IT0477A_6001_BETA_2022-01-01_00:00:00,6001,2026-03-31 10:00:00,2026-03-31 11:00:00,0.409293000000000000,ug.m-3,hour,3,3,2026-04-09 16:00:00,,2b6e0619-a10d-4db5-9db3-0b893c66a63c
IT/SPO.IT0477A_6001_BETA_2022-01-01_00:00:00,6001,2026-03-31 11:00:00,2026-03-31 12:00:00,0.327434000000000000,ug.m-3,hour,3,3,2026-04-09 16:00:00,,2b6e0619-a10d-4db5-9db3-0b893c66a63c
IT/SPO.IT0477A_6001_BETA_2022-01-01_00:00:00,6001,2026-03-31 12:00:00,2026-03-31 13:00:00,1.563327000000000000,ug.m-3,hour,3,3,2026-04-09 16:00:00,,2b6e0619-a10d-4db5-9db3-0b893c66a63c
IT/SPO.IT0477A_6001_BETA_2022-01-01_00:00:00,6001,2026-03-31 13:00:00,2026-03-31 14:00:00,1.250661000000000000,ug.m-3,hour,3,3,2026-04-09 16:00:00,,2b6e0619-a10d-4db5-9db3-0b893c66a63c
IT/SPO.IT0477A_6001_BETA_2022-01-01_00:00:00,6001,2026-03-31 14:00:00,2026-03-31 15:00:00,4.113122000000000000,ug.m-3,hour,3,3,2026-04-09 16:00:00,,2b6e0619-a10d-4db5-9db3-0b893c66a63c
IT/SPO.IT0477A_6001_BETA_2022-01-01_00:00:00,6001,2026-03-31 15:00:00,2026-03-31 16:00:00,4.966967000000000000,ug.m-3,hour,3,3,2026-04-09 16:00:00,,2b6e0619-a10d-4db5-9db3-0b893c66a63c
IT/SPO.IT0477A_6001_BETA_2022-01-01_00:00:00,6001,2026-03-31 16:00:00,2026-03-31 17:00:00,5.145657000000000000,ug.m-3,hour,3,3,2026-04-09 16:00:00,,2b6e0619-a10d-4db5-9db3-0b893c66a63c
IT/SPO.IT0477A_6001_BETA_2022-01-01_00:00:00,6001,2026-03-31 17:00:00,2026-03-31 18:00:00,8.008940000000000000,ug.m-3,hour,3,3,2026-04-09 16:00:00,,2b6e0619-a10d-4db5-9db3-0b893c66a63c
IT/SPO.IT0477A_6001_BETA_2022-01-01_00:00:00,6001,2026-03-31 18:00:00,2026-03-31 19:00:00,6.407152000000000000,ug.m-3,hour,3,3,2026-04-09 16:00:00,,2b6e0619-a10d-4db5-9db3-0b893c66a63c
IT/SPO.IT0477A_6001_BETA_2022-01-01_00:00:00,6001,2026-03-31 19:00:00,2026-03-31 20:00:00,5.125722000000000000,ug.m-3,hour,3,3,2026-04-09 16:00:00,,2b6e0619-a10d-4db5-9db3-0b893c66a63c
IT/SPO.IT0477A_6001_BETA_2022-01-01_00:00:00,6001,2026-03-31 20:00:00,2026-03-31 21:00:00,4.100577000000000000,ug.m-3,hour,3,3,2026-04-09 16:00:00,,2b6e0619-a10d-4db5-9db3-0b893c66a63c
IT/SPO.IT0477A_6001_BETA_2022-01-01_00:00:00,6001,2026-03-31 21:00:00,2026-03-31 22:00:00,3.280462000000000000,ug.m-3,hour,3,3,2026-04-09 16:00:00,,2b6e0619-a10d-4db5-9db3-0b893c66a63c
IT/SPO.IT0477A_6001_BETA_2022-01-01_00:00:00,6001,2026-03-31 22:00:00,2026-03-31 23:00:00,2.624369000000000000,ug.m-3,hour,3,3,2026-04-09 16:00:00,,2b6e0619-a10d-4db5-9db3-0b893c66a63c
IT/SPO.IT0477A_6001_BETA_2022-01-01_00:00:00,6001,2026-03-31 23:00:00,2026-04-01 00:00:00,2.099495000000000000,ug.m-3,hour,3,3,2026-04-09 16:00:00,,2b6e0619-a10d-4db5-9db3-0b893c66a63c
IT/SPO.IT0477A_6001_BETA_2022-01-01_00:00:00,6001,2026-04-01 00:00:00,2026-04-01 01:00:00,1.679596000000000000,ug.m-3,hour,3,3,2026-04-09 16:00:00,,2b6e0619-a10d-4db5-9db3-0b893c66a63c
IT/SPO.IT0477A_6001_BETA_2022-01-01_00:00:00,6001,2026-04-01 01:00:00,2026-04-01 02:00:00,5.720908000000000000,ug.m-3,hour,3,3,2026-04-09 16:00:00,,2b6e0619-a10d-4db5-9db3-0b893c66a63c
IT/SPO.IT0477A_6001_BETA_2022-01-01_00:00:00,6001,2026-04-01 02:00:00,2026-04-01 03:00:00,4.576726000000000000,ug.m-3,hour,3,3,2026-04-09 16:00:00,,2b6e0619-a10d-4db5-9db3-0b893c66a63c
IT/SPO.IT0477A_6001_BETA_2022-01-01_00:00:00,6001,2026-04-01 03:00:00,2026-04-01 04:00:00,3.661381000000000000,ug.m-3,hour,3,3,2026-04-09 16:00:00,,2b6e0619-a10d-4db5-9db3-0b893c66a63c
IT/SPO.IT0477A_6001_BETA_2022-01-01_00:00:00,6001,2026-04-01 04:00:00,2026-04-01 05:00:00,2.929105000000000000,ug.m-3,hour,3,3,2026-04-09 16:00:00,,2b6e0619-a10d-4db5-9db3-0b893c66a63c
IT/SPO.IT0477A_6001_BETA_2022-01-01_00:00:00,6001,2026-04-01 05:00:00,2026-04-01 06:00:00,2.612149000000000000,ug.m-3,hour,3,3,2026-04-09 16:00:00,,2b6e0619-a10d-4db5-9db3-0b893c66a63c
IT/SPO.IT0477A_6001_BETA_2022-01-01_00:00:00,6001,2026-04-01 06:00:00,2026-04-01 07:00:00,6.279922000000000000,ug.m-3,hour,3,3,2026-04-09 16:00:00,,2b6e0619-a10d-4db5-9db3-0b893c66a63c
IT/SPO.IT0477A_6001_BETA_2022-01-01_00:00:00,6001,2026-04-01 07:00:00,2026-04-01 08:00:00,5.023938000000000000,ug.m-3,hour,3,3,2026-04-09 16:00:00,,2b6e0619-a10d-4db5-9db3-0b893c66a63c
IT/SPO.IT0477A_6001_BETA_2022-01-01_00:00:00,6001,2026-04-01 08:00:00,2026-04-01 09:00:00,4.019150000000000000,ug.m-3,hour,3,3,2026-04-09 16:00:00,,2b6e0619-a10d-4db5-9db3-0b893c66a63c
IT/SPO.IT0477A_6001_BETA_2022-01-01_00:00:00,6001,2026-04-01 09:00:00,2026-04-01 10:00:00,4.154907000000000000,ug.m-3,hour,3,3,2026-04-09 16:00:00,,2b6e0619-a10d-4db5-9db3-0b893c66a63c
IT/SPO.IT0477A_6001_BETA_2022-01-01_00:00:00,6001,2026-04-01 10:00:00,2026-04-01 11:00:00,3.852033000000000000,ug.m-3,hour,3,3,2026-04-09 16:00:00,,2b6e0619-a10d-4db5-9db3-0b893c66a63c
IT/SPO.IT0477A_6001_BETA_2022-01-01_00:00:00,6001,2026-04-01 11:00:00,2026-04-01 12:00:00,4.594082000000000000,ug.m-3,hour,3,3,2026-04-09 16:00:00,,2b6e0619-a10d-4db5-9db3-0b893c66a63c
IT/SPO.IT0477A_6001_BETA_2022-01-01_00:00:00,6001,2026-04-01 12:00:00,2026-04-01 13:00:00,3.675266000000000000,ug.m-3,hour,3,3,2026-04-09 16:00:00,,2b6e0619-a10d-4db5-9db3-0b893c66a63c
IT/SPO.IT0477A_6001_BETA_2022-01-01_00:00:00,6001,2026-04-01 13:00:00,2026-04-01 14:00:00,2.940213000000000000,ug.m-3,hour,3,3,2026-04-09 16:00:00,,2b6e0619-a10d-4db5-9db3-0b893c66a63c
IT/SPO.IT0477A_6001_BETA_2022-01-01_00:00:00,6001,2026-04-01 14:00:00,2026-04-01 15:00:00,6.206244000000000000,ug.m-3,hour,3,3,2026-04-09 16:00:00,,2b6e0619-a10d-4db5-9db3-0b893c66a63c
IT/SPO.IT0477A_6001_BETA_2022-01-01_00:00:00,6001,2026-04-01 15:00:00,2026-04-01 16:00:00,4.964995000000000000,ug.m-3,hour,3,3,2026-04-09 16:00:00,,2b6e0619-a10d-4db5-9db3-0b893c66a63c
IT/SPO.IT0477A_6001_BETA_2022-01-01_00:00:00,6001,2026-04-01 16:00:00,2026-04-01 17:00:00,3.971996000000000000,ug.m-3,hour,3,3,2026-04-09 16:00:00,,2b6e0619-a10d-4db5-9db3-0b893c66a63c
IT/SPO.IT0477A_6001_BETA_2022-01-01_00:00:00,6001,2026-04-01 17:00:00,2026-04-01 18:00:00,5.859410000000000000,ug.m-3,hour,3,3,2026-04-09 16:00:00,,2b6e0619-a10d-4db5-9db3-0b893c66a63c
IT/SPO.IT0477A_6001_BETA_2022-01-01_00:00:00,6001,2026-04-01 18:00:00,2026-04-01 19:00:00,4.687528000000000000,ug.m-3,hour,3,3,2026-04-09 16:00:00,,2b6e0619-a10d-4db5-9db3-0b893c66a63c
IT/SPO.IT0477A_6001_BETA_2022-01-01_00:00:00,6001,2026-04-01 19:00:00,2026-04-01 20:00:00,3.750022000000000000,ug.m-3,hour,3,3,2026-04-09 16:00:00,,2b6e0619-a10d-4db5-9db3-0b893c66a63c
IT/SPO.IT0477A_6001_BETA_2022-01-01_00:00:00,6001,2026-04-01 20:00:00,2026-04-01 21:00:00,3.491447000000000000,ug.m-3,hour,3,3,2026-04-09 16:00:00,,2b6e0619-a10d-4db5-9db3-0b893c66a63c
IT/SPO.IT0477A_6001_BETA_2022-01-01_00:00:00,6001,2026-04-01 21:00:00,2026-04-01 22:00:00,2.793158000000000000,ug.m-3,hour,3,3,2026-04-09 16:00:00,,2b6e0619-a10d-4db5-9db3-0b893c66a63c
IT/SPO.IT0477A_6001_BETA_2022-01-01_00:00:00,6001,2026-04-01 22:00:00,2026-04-01 23:00:00,2.234526000000000000,ug.m-3,hour,3,3,2026-04-09 16:00:00,,2b6e0619-a10d-4db5-9db3-0b893c66a63c
IT/SPO.IT0477A_6001_BETA_2022-01-01_00:00:00,6001,2026-04-01 23:00:00,2026-04-02 00:00:00,6.203179000000000000,ug.m-3,hour,3,3,2026-04-09 16:00:00,,2b6e0619-a10d-4db5-9db3-0b893c66a63c
IT/SPO.IT0477A_6001_BETA_2022-01-01_00:00:00,6001,2026-04-02 00:00:00,2026-04-02 01:00:00,4.962543000000000000,ug.m-3,hour,3,3,2026-04-09 16:00:00,,2b6e0619-a10d-4db5-9db3-0b893c66a63c
IT/SPO.IT0477A_6001_BETA_2022-01-01_00:00:00,6001,2026-04-02 01:00:00,2026-04-02 02:00:00,5.158713000000000000,ug.m-3,hour,3,3,2026-04-09 16:00:00,,2b6e0619-a10d-4db5-9db3-0b893c66a63c
IT/SPO.IT0477A_6001_BETA_2022-01-01_00:00:00,6001,2026-04-02 02:00:00,2026-04-02 03:00:00,8.986870000000000000,ug.m-3,hour,3,3,2026-04-09 16:00:00,,2b6e0619-a10d-4db5-9db3-0b893c66a63c
IT/SPO.IT0477A_6001_BETA_2022-01-01_00:00:00,6001,2026-04-02 03:00:00,2026-04-02 04:00:00,11.660052000000000000,ug.m-3,hour,3,3,2026-04-09 16:00:00,,2b6e0619-a10d-4db5-9db3-0b893c66a63c
IT/SPO.IT0477A_6001_BETA_2022-01-01_00:00:00,6001,2026-04-02 04:00:00,2026-04-02 05:00:00,11.185573000000000000,ug.m-3,hour,3,3,2026-04-09 16:00:00,,2b6e0619-a10d-4db5-9db3-0b893c66a63c
IT/SPO.IT0477A_6001_BETA_2022-01-01_00:00:00,6001,2026-04-02 05:00:00,2026-04-02 06:00:00,10.637155000000000000,ug.m-3,hour,3,3,2026-04-09 16:00:00,,2b6e0619-a10d-4db5-9db3-0b893c66a63c
IT/SPO.IT0477A_6001_BETA_2022-01-01_00:00:00,6001,2026-04-02 06:00:00,2026-04-02 07:00:00,9.421719000000000000,ug.m-3,hour,3,3,2026-04-09 16:00:00,,2b6e0619-a10d-4db5-9db3-0b893c66a63c
IT/SPO.IT0477A_6001_BETA_2022-01-01_00:00:00,6001,2026-04-02 07:00:00,2026-04-02 08:00:00,18.434662000000000000,ug.m-3,hour,3,3,2026-04-09 16:00:00,,2b6e0619-a10d-4db5-9db3-0b893c66a63c
IT/SPO.IT0477A_6001_BETA_2022-01-01_00:00:00,6001,2026-04-02 08:00:00,2026-04-02 09:00:00,12.904263000000000000,ug.m-3,hour,3,3,2026-04-09 16:00:00,,2b6e0619-a10d-4db5-9db3-0b893c66a63c
IT/SPO.IT0477A_6001_BETA_2022-01-01_00:00:00,6001,2026-04-02 09:00:00,2026-04-02 10:00:00,20.761711000000000000,ug.m-3,hour,3,3,2026-04-09 16:00:00,,2b6e0619-a10d-4db5-9db3-0b893c66a63c
IT/SPO.IT0477A_6001_BETA_2022-01-01_00:00:00,6001,2026-04-02 10:00:00,2026-04-02 11:00:00,14.533197000000000000,ug.m-3,hour,3,3,2026-04-09 16:00:00,,2b6e0619-a10d-4db5-9db3-0b893c66a63c
IT/SPO.IT0477A_6001_BETA_2022-01-01_00:00:00,6001,2026-04-02 11:00:00,2026-04-02 12:00:00,10.173237000000000000,ug.m-3,hour,3,3,2026-04-09 16:00:00,,2b6e0619-a10d-4db5-9db3-0b893c66a63c
IT/SPO.IT0477A_6001_BETA_2022-01-01_00:00:00,6001,2026-04-02 12:00:00,2026-04-02 13:00:00,11.813568000000000000,ug.m-3,hour,3,3,2026-04-09 16:00:00,,2b6e0619-a10d-4db5-9db3-0b893c66a63c
IT/SPO.IT0477A_6001_BETA_2022-01-01_00:00:00,6001,2026-04-02 13:00:00,2026-04-02 14:00:00,8.269498000000000000,ug.m-3,hour,3,3,2026-04-09 16:00:00,,2b6e0619-a10d-4db5-9db3-0b893c66a63c
IT/SPO.IT0477A_6001_BETA_2022-01-01_00:00:00,6001,2026-04-02 14:00:00,2026-04-02 15:00:00,20.154710000000000000,ug.m-3,hour,3,3,2026-04-09 16:00:00,,2b6e0619-a10d-4db5-9db3-0b893c66a63c
IT/SPO.IT0477A_6001_BETA_2022-01-01_00:00:00,6001,2026-04-02 15:00:00,2026-04-02 16:00:00,14.108297000000000000,ug.m-3,hour,3,3,2026-04-09 16:00:00,,2b6e0619-a10d-4db5-9db3-0b893c66a63c
IT/SPO.IT0477A_6001_BETA_2022-01-01_00:00:00,6001,2026-04-02 16:00:00,2026-04-02 17:00:00,9.875808000000000000,ug.m-3,hour,3,3,2026-04-09 16:00:00,,2b6e0619-a10d-4db5-9db3-0b893c66a63c
IT/SPO.IT0477A_6001_BETA_2022-01-01_00:00:00,6001,2026-04-02 17:00:00,2026-04-02 18:00:00,8.779717000000000000,ug.m-3,hour,3,3,2026-04-09 16:00:00,,2b6e0619-a10d-4db5-9db3-0b893c66a63c
IT/SPO.IT0477A_6001_BETA_2022-01-01_00:00:00,6001,2026-04-02 18:00:00,2026-04-02 19:00:00,7.443407000000000000,ug.m-3,hour,3,3,2026-04-09 16:00:00,,2b6e0619-a10d-4db5-9db3-0b893c66a63c
IT/SPO.IT0477A_6001_BETA_2022-01-01_00:00:00,6001,2026-04-02 19:00:00,2026-04-02 20:00:00,5.954725000000000000,ug.m-3,hour,3,3,2026-04-09 16:00:00,,2b6e0619-a10d-4db5-9db3-0b893c66a63c
IT/SPO.IT0477A_6001_BETA_2022-01-01_00:00:00,6001,2026-04-02 20:00:00,2026-04-02 21:00:00,7.500897000000000000,ug.m-3,hour,3,3,2026-04-09 16:00:00,,2b6e0619-a10d-4db5-9db3-0b893c66a63c
IT/SPO.IT0477A_6001_BETA_2022-01-01_00:00:00,6001,2026-04-02 21:00:00,2026-04-02 22:00:00,6.000718000000000000,ug.m-3,hour,3,3,2026-04-09 16:00:00,,2b6e0619-a10d-4db5-9db3-0b893c66a63c
IT/SPO.IT0477A_6001_BETA_2022-01-01_00:00:00,6001,2026-04-02 22:00:00,2026-04-02 23:00:00,9.348477000000000000,ug.m-3,hour,3,3,2026-04-09 16:00:00,,2b6e0619-a10d-4db5-9db3-0b893c66a63c
IT/SPO.IT0477A_6001_BETA_2022-01-01_00:00:00,6001,2026-04-02 23:00:00,2026-04-03 00:00:00,7.478782000000000000,ug.m-3,hour,3,3,2026-04-09 16:00:00,,2b6e0619-a10d-4db5-9db3-0b893c66a63c
IT/SPO.IT0477A_6001_BETA_2022-01-01_00:00:00,6001,2026-04-03 00:00:00,2026-04-03 01:00:00,7.950027000000000000,ug.m-3,hour,3,3,2026-04-09 16:00:00,,2b6e0619-a10d-4db5-9db3-0b893c66a63c
IT/SPO.IT0477A_6001_BETA_2022-01-01_00:00:00,6001,2026-04-03 01:00:00,2026-04-03 02:00:00,11.214448000000000000,ug.m-3,hour,3,3,2026-04-09 16:00:00,,2b6e0619-a10d-4db5-9db3-0b893c66a63c
IT/SPO.IT0477A_6001_BETA_2022-01-01_00:00:00,6001,2026-04-03 02:00:00,2026-04-03 03:00:00,15.186016000000000000,ug.m-3,hour,3,3,2026-04-09 16:00:00,,2b6e0619-a10d-4db5-9db3-0b893c66a63c
IT/SPO.IT0477A_6001_BETA_2022-01-01_00:00:00,6001,2026-04-03 03:00:00,2026-04-03 04:00:00,13.371116000000000000,ug.m-3,hour,3,3,2026-04-09 16:00:00,,2b6e0619-a10d-4db5-9db3-0b893c66a63c
IT/SPO.IT0477A_6001_BETA_2022-01-01_00:00:00,6001,2026-04-03 04:00:00,2026-04-03 05:00:00,14.529322000000000000,ug.m-3,hour,3,3,2026-04-09 16:00:00,,2b6e0619-a10d-4db5-9db3-0b893c66a63c
IT/SPO.IT0477A_6001_BETA_2022-01-01_00:00:00,6001,2026-04-03 05:00:00,2026-04-03 06:00:00,13.892732000000000000,ug.m-3,hour,3,3,2026-04-09 16:00:00,,2b6e0619-a10d-4db5-9db3-0b893c66a63c
IT/SPO.IT0477A_6001_BETA_2022-01-01_00:00:00,6001,2026-04-03 06:00:00,2026-04-03 07:00:00,9.724912000000000000,ug.m-3,hour,3,3,2026-04-09 16:00:00,,2b6e0619-a10d-4db5-9db3-0b893c66a63c
IT/SPO.IT0477A_6001_BETA_2022-01-01_00:00:00,6001,2026-04-03 07:00:00,2026-04-03 08:00:00,21.189425000000000000,ug.m-3,hour,3,3,2026-04-09 16:00:00,,2b6e0619-a10d-4db5-9db3-0b893c66a63c
IT/SPO.IT0477A_6001_BETA_2022-01-01_00:00:00,6001,2026-04-03 08:00:00,2026-04-03 09:00:00,20.081566000000000000,ug.m-3,hour,3,3,2026-04-09 16:00:00,,2b6e0619-a10d-4db5-9db3-0b893c66a63c
IT/SPO.IT0477A_6001_BETA_2022-01-01_00:00:00,6001,2026-04-03 09:00:00,2026-04-03 10:00:00,15.477310000000000000,ug.m-3,hour,3,3,2026-04-09 16:00:00,,2b6e0619-a10d-4db5-9db3-0b893c66a63c
IT/SPO.IT0477A_6001_BETA_2022-01-01_00:00:00,6001,2026-04-03 10:00:00,2026-04-03 11:00:00,10.834117000000000000,ug.m-3,hour,3,3,2026-04-09 16:00:00,,2b6e0619-a10d-4db5-9db3-0b893c66a63c
IT/SPO.IT0477A_6001_BETA_2022-01-01_00:00:00,6001,2026-04-03 11:00:00,2026-04-03 12:00:00,7.583882000000000000,ug.m-3,hour,3,3,2026-04-09 16:00:00,,2b6e0619-a10d-4db5-9db3-0b893c66a63c
IT/SPO.IT0477A_6001_BETA_2022-01-01_00:00:00,6001,2026-04-03 12:00:00,2026-04-03 13:00:00,6.067105000000000000,ug.m-3,hour,3,3,2026-04-09 16:00:00,,2b6e0619-a10d-4db5-9db3-0b893c66a63c
IT/SPO.IT0477A_6001_BETA_2022-01-01_00:00:00,6001,2026-04-03 13:00:00,2026-04-03 14:00:00,8.853987000000000000,ug.m-3,hour,3,3,2026-04-09 16:00:00,,2b6e0619-a10d-4db5-9db3-0b893c66a63c
IT/SPO.IT0477A_6001_BETA_2022-01-01_00:00:00,6001,2026-04-03 14:00:00,2026-04-03 15:00:00,7.083189000000000000,ug.m-3,hour,3,3,2026-04-09 16:00:00,,2b6e0619-a10d-4db5-9db3-0b893c66a63c
IT/SPO.IT0477A_6001_BETA_2022-01-01_00:00:00,6001,2026-04-03 15:00:00,2026-04-03 16:00:00,5.666551000000000000,ug.m-3,hour,3,3,2026-04-09 16:00:00,,2b6e0619-a10d-4db5-9db3-0b893c66a63c
IT/SPO.IT0477A_6001_BETA_2022-01-01_00:00:00,6001,2026-04-03 16:00:00,2026-04-03 17:00:00,4.533241000000000000,ug.m-3,hour,3,3,2026-04-09 16:00:00,,2b6e0619-a10d-4db5-9db3-0b893c66a63c
IT/SPO.IT0477A_6001_BETA_2022-01-01_00:00:00,6001,2026-04-03 17:00:00,2026-04-03 18:00:00,3.626593000000000000,ug.m-3,hour,3,3,2026-04-09 16:00:00,,2b6e0619-a10d-4db5-9db3-0b893c66a63c
IT/SPO.IT0477A_6001_BETA_2022-01-01_00:00:00,6001,2026-04-03 18:00:00,2026-04-03 19:00:00,3.841979000000000000,ug.m-3,hour,3,3,2026-04-09 16:00:00,,2b6e0619-a10d-4db5-9db3-0b893c66a63c
IT/SPO.IT0477A_6001_BETA_2022-01-01_00:00:00,6001,2026-04-03 19:00:00,2026-04-03 20:00:00,3.073583000000000000,ug.m-3,hour,3,3,2026-04-09 16:00:00,,2b6e0619-a10d-4db5-9db3-0b893c66a63c
IT/SPO.IT0477A_6001_BETA_2022-01-01_00:00:00,6001,2026-04-03 20:00:00,2026-04-03 21:00:00,2.458866000000000000,ug.m-3,hour,3,3,2026-04-09 16:00:00,,2b6e0619-a10d-4db5-9db3-0b893c66a63c
IT/SPO.IT0477A_6001_BETA_2022-01-01_00:00:00,6001,2026-04-03 21:00:00,2026-04-03 22:00:00,1.967093000000000000,ug.m-3,hour,3,3,2026-04-09 16:00:00,,2b6e0619-a10d-4db5-9db3-0b893c66a63c
IT/SPO.IT0477A_6001_BETA_2022-01-01_00:00:00,6001,2026-04-03 22:00:00,2026-04-03 23:00:00,1.573674000000000000,ug.m-3,hour,3,3,2026-04-09 16:00:00,,2b6e0619-a10d-4db5-9db3-0b893c66a63c
IT/SPO.IT0477A_6001_BETA_2022-01-01_00:00:00,6001,2026-04-03 23:00:00,2026-04-04 00:00:00,6.400338000000000000,ug.m-3,hour,3,3,2026-04-09 16:00:00,,2b6e0619-a10d-4db5-9db3-0b893c66a63c
IT/SPO.IT0477A_6001_BETA_2022-01-01_00:00:00,6001,2026-04-04 00:00:00,2026-04-04 01:00:00,5.294240000000000000,ug.m-3,hour,3,3,2026-04-09 16:00:00,,2b6e0619-a10d-4db5-9db3-0b893c66a63c
IT/SPO.IT0477A_6001_BETA_2022-01-01_00:00:00,6001,2026-04-04 01:00:00,2026-04-04 02:00:00,4.235392000000000000,ug.m-3,hour,3,3,2026-04-09 16:00:00,,2b6e0619-a10d-4db5-9db3-0b893c66a63c
IT/SPO.IT0477A_6001_BETA_2022-01-01_00:00:00,6001,2026-04-04 02:00:00,2026-04-04 03:00:00,3.550148000000000000,ug.m-3,hour,3,3,2026-04-09 16:00:00,,2b6e0619-a10d-4db5-9db3-0b893c66a63c
IT/SPO.IT0477A_6001_BETA_2022-01-01_00:00:00,6001,2026-04-04 03:00:00,2026-04-04 04:00:00,5.127675000000000000,ug.m-3,hour,3,3,2026-04-09 16:00:00,,2b6e0619-a10d-4db5-9db3-0b893c66a63c
IT/SPO.IT0477A_6001_BETA_2022-01-01_00:00:00,6001,2026-04-04 04:00:00,2026-04-04 05:00:00,4.102140000000000000,ug.m-3,hour,3,3,2026-04-09 16:00:00,,2b6e0619-a10d-4db5-9db3-0b893c66a63c
IT/SPO.IT0477A_6001_BETA_2022-01-01_00:00:00,6001,2026-04-04 05:00:00,2026-04-04 06:00:00,12.225425000000000000,ug.m-3,hour,3,3,2026-04-09 16:00:00,,2b6e0619-a10d-4db5-9db3-0b893c66a63c
IT/SPO.IT0477A_6001_BETA_2022-01-01_00:00:00,6001,2026-04-04 06:00:00,2026-04-04 07:00:00,9.780340000000000000,ug.m-3,hour,3,3,2026-04-09 16:00:00,,2b6e0619-a10d-4db5-9db3-0b893c66a63c
IT/SPO.IT0477A_6001_BETA_2022-01-01_00:00:00,6001,2026-04-04 07:00:00,2026-04-04 08:00:00,8.242969000000000000,ug.m-3,hour,3,3,2026-04-09 16:00:00,,2b6e0619-a10d-4db5-9db3-0b893c66a63c
IT/SPO.IT0477A_6001_BETA_2022-01-01_00:00:00,6001,2026-04-04 08:00:00,2026-04-04 09:00:00,15.994135000000000000,ug.m-3,hour,3,3,2026-04-09 16:00:00,,2b6e0619-a10d-4db5-9db3-0b893c66a63c
IT/SPO.IT0477A_6001_BETA_2022-01-01_00:00:00,6001,2026-04-04 09:00:00,2026-04-04 10:00:00,16.145285000000000000,ug.m-3,hour,3,3,2026-04-09 16:00:00,,2b6e0619-a10d-4db5-9db3-0b893c66a63c
IT/SPO.IT0477A_6001_BETA_2022-01-01_00:00:00,6001,2026-04-04 10:00:00,2026-04-04 11:00:00,11.301699000000000000,ug.m-3,hour,3,3,2026-04-09 16:00:00,,2b6e0619-a10d-4db5-9db3-0b893c66a63c
IT/SPO.IT0477A_6001_BETA_2022-01-01_00:00:00,6001,2026-04-04 11:00:00,2026-04-04 12:00:00,11.160192000000000000,ug.m-3,hour,3,3,2026-04-09 16:00:00,,2b6e0619-a10d-4db5-9db3-0b893c66a63c
IT/SPO.IT0477A_6001_BETA_2022-01-01_00:00:00,6001,2026-04-04 12:00:00,2026-04-04 13:00:00,22.584663000000000000,ug.m-3,hour,3,3,2026-04-09 16:00:00,,2b6e0619-a10d-4db5-9db3-0b893c66a63c
IT/SPO.IT0477A_6001_BETA_2022-01-01_00:00:00,6001,2026-04-04 13:00:00,2026-04-04 14:00:00,19.022734000000000000,ug.m-3,hour,3,3,2026-04-09 16:00:00,,2b6e0619-a10d-4db5-9db3-0b893c66a63c
IT/SPO.IT0477A_6001_BETA_2022-01-01_00:00:00,6001,2026-04-04 14:00:00,2026-04-04 15:00:00,26.951010000000000000,ug.m-3,hour,3,3,2026-04-09 16:00:00,,2b6e0619-a10d-4db5-9db3-0b893c66a63c
IT/SPO.IT0477A_6001_BETA_2022-01-01_00:00:00,6001,2026-04-04 15:00:00,2026-04-04 16:00:00,23.649132000000000000,ug.m-3,hour,3,3,2026-04-09 16:00:00,,2b6e0619-a10d-4db5-9db3-0b893c66a63c
IT/SPO.IT0477A_6001_BETA_2022-01-01_00:00:00,6001,2026-04-04 16:00:00,2026-04-04 17:00:00,24.930355000000000000,ug.m-3,hour,3,3,2026-04-09 16:00:00,,2b6e0619-a10d-4db5-9db3-0b893c66a63c
IT/SPO.IT0477A_6001_BETA_2022-01-01_00:00:00,6001,2026-04-04 17:00:00,2026-04-04 18:00:00,17.451246000000000000,ug.m-3,hour,3,3,2026-04-09 16:00:00,,2b6e0619-a10d-4db5-9db3-0b893c66a63c
IT/SPO.IT0477A_6001_BETA_2022-01-01_00:00:00,6001,2026-04-04 18:00:00,2026-04-04 19:00:00,22.410090000000000000,ug.m-3,hour,3,3,2026-04-09 16:00:00,,2b6e0619-a10d-4db5-9db3-0b893c66a63c
IT/SPO.IT0477A_6001_BETA_2022-01-01_00:00:00,6001,2026-04-04 19:00:00,2026-04-04 20:00:00,22.827944000000000000,ug.m-3,hour,3,3,2026-04-09 16:00:00,,2b6e0619-a10d-4db5-9db3-0b893c66a63c
IT/SPO.IT0477A_6001_BETA_2022-01-01_00:00:00,6001,2026-04-04 20:00:00,2026-04-04 21:00:00,15.979561000000000000,ug.m-3,hour,3,3,2026-04-09 16:00:00,,2b6e0619-a10d-4db5-9db3-0b893c66a63c
IT/SPO.IT0477A_6001_BETA_2022-01-01_00:00:00,6001,2026-04-04 21:00:00,2026-04-04 22:00:00,13.795199000000000000,ug.m-3,hour,3,3,2026-04-09 16:00:00,,2b6e0619-a10d-4db5-9db3-0b893c66a63c
IT/SPO.IT0477A_6001_BETA_2022-01-01_00:00:00,6001,2026-04-04 22:00:00,2026-04-04 23:00:00,15.235529000000000000,ug.m-3,hour,3,3,2026-04-09 16:00:00,,2b6e0619-a10d-4db5-9db3-0b893c66a63c
IT/SPO.IT0477A_6001_BETA_2022-01-01_00:00:00,6001,2026-04-04 23:00:00,2026-04-05 00:00:00,25.877300000000000000,ug.m-3,hour,3,3,2026-04-09 16:00:00,,2b6e0619-a10d-4db5-9db3-0b893c66a63c
IT/SPO.IT0477A_6001_BETA_2022-01-01_00:00:00,6001,2026-04-05 00:00:00,2026-04-05 01:00:00,27.254036000000000000,ug.m-3,hour,3,3,2026-04-09 16:00:00,,2b6e0619-a10d-4db5-9db3-0b893c66a63c
IT/SPO.IT0477A_6001_BETA_2022-01-01_00:00:00,6001,2026-04-05 01:00:00,2026-04-05 02:00:00,36.329330000000000000,ug.m-3,hour,3,3,2026-04-09 16:00:00,,2b6e0619-a10d-4db5-9db3-0b893c66a63c
IT/SPO.IT0477A_6001_BETA_2022-01-01_00:00:00,6001,2026-04-05 02:00:00,2026-04-05 03:00:00,29.340164000000000000,ug.m-3,hour,3,3,2026-04-09 16:00:00,,2b6e0619-a10d-4db5-9db3-0b893c66a63c
IT/SPO.IT0477A_6001_BETA_2022-01-01_00:00:00,6001,2026-04-05 03:00:00,2026-04-05 04:00:00,21.746632000000000000,ug.m-3,hour,3,3,2026-04-09 16:00:00,,2b6e0619-a10d-4db5-9db3-0b893c66a63c
IT/SPO.IT0477A_6001_BETA_2022-01-01_00:00:00,6001,2026-04-05 04:00:00,2026-04-05 05:00:00,33.327694000000000000,ug.m-3,hour,3,3,2026-04-09 16:00:00,,2b6e0619-a10d-4db5-9db3-0b893c66a63c
IT/SPO.IT0477A_6001_BETA_2022-01-01_00:00:00,6001,2026-04-05 05:00:00,2026-04-05 06:00:00,28.085976000000000000,ug.m-3,hour,3,3,2026-04-09 16:00:00,,2b6e0619-a10d-4db5-9db3-0b893c66a63c
IT/SPO.IT0477A_6001_BETA_2022-01-01_00:00:00,6001,2026-04-05 06:00:00,2026-04-05 07:00:00,27.954088000000000000,ug.m-3,hour,3,3,2026-04-09 16:00:00,,2b6e0619-a10d-4db5-9db3-0b893c66a63c
IT/SPO.IT0477A_6001_BETA_2022-01-01_00:00:00,6001,2026-04-05 07:00:00,2026-04-05 08:00:00,27.765180000000000000,ug.m-3,hour,3,3,2026-04-09 16:00:00,,2b6e0619-a10d-4db5-9db3-0b893c66a63c
IT/SPO.IT0477A_6001_BETA_2022-01-01_00:00:00,6001,2026-04-05 08:00:00,2026-04-05 09:00:00,32.985775000000000000,ug.m-3,hour,3,3,2026-04-09 16:00:00,,2b6e0619-a10d-4db5-9db3-0b893c66a63c
IT/SPO.IT0477A_6001_BETA_2022-01-01_00:00:00,6001,2026-04-05 09:00:00,2026-04-05 10:00:00,38.180866000000000000,ug.m-3,hour,3,3,2026-04-09 16:00:00,,2b6e0619-a10d-4db5-9db3-0b893c66a63c
IT/SPO.IT0477A_6001_BETA_2022-01-01_00:00:00,6001,2026-04-05 10:00:00,2026-04-05 11:00:00,26.726606000000000000,ug.m-3,hour,3,3,2026-04-09 16:00:00,,2b6e0619-a10d-4db5-9db3-0b893c66a63c
IT/SPO.IT0477A_6001_BETA_2022-01-01_00:00:00,6001,2026-04-05 11:00:00,2026-04-05 12:00:00,18.708624000000000000,ug.m-3,hour,3,3,2026-04-09 16:00:00,,2b6e0619-a10d-4db5-9db3-0b893c66a63c
IT/SPO.IT0477A_6001_BETA_2022-01-01_00:00:00,6001,2026-04-05 12:00:00,2026-04-05 13:00:00,21.262789000000000000,ug.m-3,hour,3,3,2026-04-09 16:00:00,,2b6e0619-a10d-4db5-9db3-0b893c66a63c
IT/SPO.IT0477A_6001_BETA_2022-01-01_00:00:00,6001,2026-04-05 13:00:00,2026-04-05 14:00:00,24.392641000000000000,ug.m-3,hour,3,3,2026-04-09 16:00:00,,2b6e0619-a10d-4db5-9db3-0b893c66a63c
IT/SPO.IT0477A_6001_BETA_2022-01-01_00:00:00,6001,2026-04-05 14:00:00,2026-04-05 15:00:00,22.989920000000000000,ug.m-3,hour,3,3,2026-04-09 16:00:00,,2b6e0619-a10d-4db5-9db3-0b893c66a63c
IT/SPO.IT0477A_6001_BETA_2022-01-01_00:00:00,6001,2026-04-05 15:00:00,2026-04-05 16:00:00,17.002766000000000000,ug.m-3,hour,3,3,2026-04-09 16:00:00,,2b6e0619-a10d-4db5-9db3-0b893c66a63c
IT/SPO.IT0477A_6001_BETA_2022-01-01_00:00:00,6001,2026-04-05 16:00:00,2026-04-05 17:00:00,13.143536000000000000,ug.m-3,hour,3,3,2026-04-09 16:00:00,,2b6e0619-a10d-4db5-9db3-0b893c66a63c
IT/SPO.IT0477A_6001_BETA_2022-01-01_00:00:00,6001,2026-04-05 17:00:00,2026-04-05 18:00:00,9.200475000000000000,ug.m-3,hour,3,3,2026-04-09 16:00:00,,2b6e0619-a10d-4db5-9db3-0b893c66a63c
IT/SPO.IT0477A_6001_BETA_2022-01-01_00:00:00,6001,2026-04-05 18:00:00,2026-04-05 19:00:00,6.440332000000000000,ug.m-3,hour,3,3,2026-04-09 16:00:00,,2b6e0619-a10d-4db5-9db3-0b893c66a63c
IT/SPO.IT0477A_6001_BETA_2022-01-01_00:00:00,6001,2026-04-05 19:00:00,2026-04-05 20:00:00,5.152266000000000000,ug.m-3,hour,3,3,2026-04-09 16:00:00,,2b6e0619-a10d-4db5-9db3-0b893c66a63c
IT/SPO.IT0477A_6001_BETA_2022-01-01_00:00:00,6001,2026-04-05 20:00:00,2026-04-05 21:00:00,4.121813000000000000,ug.m-3,hour,3,3,2026-04-09 16:00:00,,2b6e0619-a10d-4db5-9db3-0b893c66a63c
IT/SPO.IT0477A_6001_BETA_2022-01-01_00:00:00,6001,2026-04-05 21:00:00,2026-04-05 22:00:00,6.786869000000000000,ug.m-3,hour,3,3,2026-04-09 16:00:00,,2b6e0619-a10d-4db5-9db3-0b893c66a63c
IT/SPO.IT0477A_6001_BETA_2022-01-01_00:00:00,6001,2026-04-05 22:00:00,2026-04-05 23:00:00,7.289784000000000000,ug.m-3,hour,3,3,2026-04-09 16:00:00,,2b6e0619-a10d-4db5-9db3-0b893c66a63c
IT/SPO.IT0477A_6001_BETA_2022-01-01_00:00:00,6001,2026-04-05 23:00:00,2026-04-06 00:00:00,7.504929000000000000,ug.m-3,hour,3,3,2026-04-09 16:00:00,,2b6e0619-a10d-4db5-9db3-0b893c66a63c
IT/SPO.IT0477A_6001_BETA_2022-01-01_00:00:00,6001,2026-04-06 00:00:00,2026-04-06 01:00:00,6.003943000000000000,ug.m-3,hour,3,3,2026-04-09 16:00:00,,2b6e0619-a10d-4db5-9db3-0b893c66a63c
IT/SPO.IT0477A_6001_BETA_2022-01-01_00:00:00,6001,2026-04-06 01:00:00,2026-04-06 02:00:00,4.803154000000000000,ug.m-3,hour,3,3,2026-04-09 16:00:00,,2b6e0619-a10d-4db5-9db3-0b893c66a63c
IT/SPO.IT0477A_6001_BETA_2022-01-01_00:00:00,6001,2026-04-06 02:00:00,2026-04-06 03:00:00,4.033495000000000000,ug.m-3,hour,3,3,2026-04-09 16:00:00,,2b6e0619-a10d-4db5-9db3-0b893c66a63c
IT/SPO.IT0477A_6001_BETA_2022-01-01_00:00:00,6001,2026-04-06 03:00:00,2026-04-06 04:00:00,3.226796000000000000,ug.m-3,hour,3,3,2026-04-09 16:00:00,,2b6e0619-a10d-4db5-9db3-0b893c66a63c
IT/SPO.IT0477A_6001_BETA_2022-01-01_00:00:00,6001,2026-04-06 04:00:00,2026-04-06 05:00:00,6.189352000000000000,ug.m-3,hour,3,3,2026-04-09 16:00:00,,2b6e0619-a10d-4db5-9db3-0b893c66a63c
IT/SPO.IT0477A_6001_BETA_2022-01-01_00:00:00,6001,2026-04-06 05:00:00,2026-04-06 06:00:00,4.954061000000000000,ug.m-3,hour,3,3,2026-04-09 16:00:00,,2b6e0619-a10d-4db5-9db3-0b893c66a63c
IT/SPO.IT0477A_6001_BETA_2022-01-01_00:00:00,6001,2026-04-06 06:00:00,2026-04-06 07:00:00,3.963248000000000000,ug.m-3,hour,3,3,2026-04-09 16:00:00,,2b6e0619-a10d-4db5-9db3-0b893c66a63c
IT/SPO.IT0477A_6001_BETA_2022-01-01_00:00:00,6001,2026-04-06 07:00:00,2026-04-06 08:00:00,11.368670000000000000,ug.m-3,hour,3,3,2026-04-09 16:00:00,,2b6e0619-a10d-4db5-9db3-0b893c66a63c
IT/SPO.IT0477A_6001_BETA_2022-01-01_00:00:00,6001,2026-04-06 08:00:00,2026-04-06 09:00:00,10.428127000000000000,ug.m-3,hour,3,3,2026-04-09 16:00:00,,2b6e0619-a10d-4db5-9db3-0b893c66a63c
IT/SPO.IT0477A_6001_BETA_2022-01-01_00:00:00,6001,2026-04-06 09:00:00,2026-04-06 10:00:00,8.432708000000000000,ug.m-3,hour,3,3,2026-04-09 16:00:00,,2b6e0619-a10d-4db5-9db3-0b893c66a63c
IT/SPO.IT0477A_6001_BETA_2022-01-01_00:00:00,6001,2026-04-06 10:00:00,2026-04-06 11:00:00,7.287154000000000000,ug.m-3,hour,3,3,2026-04-09 16:00:00,,2b6e0619-a10d-4db5-9db3-0b893c66a63c
IT/SPO.IT0477A_6001_BETA_2022-01-01_00:00:00,6001,2026-04-06 11:00:00,2026-04-06 12:00:00,16.086359000000000000,ug.m-3,hour,3,3,2026-04-09 16:00:00,,2b6e0619-a10d-4db5-9db3-0b893c66a63c
IT/SPO.IT0477A_6001_BETA_2022-01-01_00:00:00,6001,2026-04-06 12:00:00,2026-04-06 13:00:00,16.309397000000000000,ug.m-3,hour,3,3,2026-04-09 16:00:00,,2b6e0619-a10d-4db5-9db3-0b893c66a63c
IT/SPO.IT0477A_6001_BETA_2022-01-01_00:00:00,6001,2026-04-06 13:00:00,2026-04-06 14:00:00,18.786394000000000000,ug.m-3,hour,3,3,2026-04-09 16:00:00,,2b6e0619-a10d-4db5-9db3-0b893c66a63c
IT/SPO.IT0477A_6001_BETA_2022-01-01_00:00:00,6001,2026-04-06 14:00:00,2026-04-06 15:00:00,14.757401000000000000,ug.m-3,hour,3,3,2026-04-09 16:00:00,,2b6e0619-a10d-4db5-9db3-0b893c66a63c
IT/SPO.IT0477A_6001_BETA_2022-01-01_00:00:00,6001,2026-04-06 15:00:00,2026-04-06 16:00:00,12.294885000000000000,ug.m-3,hour,3,3,2026-04-09 16:00:00,,2b6e0619-a10d-4db5-9db3-0b893c66a63c
IT/SPO.IT0477A_6001_BETA_2022-01-01_00:00:00,6001,2026-04-06 16:00:00,2026-04-06 17:00:00,8.606420000000000000,ug.m-3,hour,3,3,2026-04-09 16:00:00,,2b6e0619-a10d-4db5-9db3-0b893c66a63c
IT/SPO.IT0477A_6001_BETA_2022-01-01_00:00:00,6001,2026-04-06 17:00:00,2026-04-06 18:00:00,6.024494000000000000,ug.m-3,hour,3,3,2026-04-09 16:00:00,,2b6e0619-a10d-4db5-9db3-0b893c66a63c
IT/SPO.IT0477A_6001_BETA_2022-01-01_00:00:00,6001,2026-04-06 18:00:00,2026-04-06 19:00:00,5.450798000000000000,ug.m-3,hour,3,3,2026-04-09 16:00:00,,2b6e0619-a10d-4db5-9db3-0b893c66a63c
IT/SPO.IT0477A_6001_BETA_2022-01-01_00:00:00,6001,2026-04-06 19:00:00,2026-04-06 20:00:00,4.360638000000000000,ug.m-3,hour,3,3,2026-04-09 16:00:00,,2b6e0619-a10d-4db5-9db3-0b893c66a63c
IT/SPO.IT0477A_6001_BETA_2022-01-01_00:00:00,6001,2026-04-06 20:00:00,2026-04-06 21:00:00,5.481942000000000000,ug.m-3,hour,3,3,2026-04-09 16:00:00,,2b6e0619-a10d-4db5-9db3-0b893c66a63c
IT/SPO.IT0477A_6001_BETA_2022-01-01_00:00:00,6001,2026-04-06 21:00:00,2026-04-06 22:00:00,8.562828000000000000,ug.m-3,hour,3,3,2026-04-09 16:00:00,,2b6e0619-a10d-4db5-9db3-0b893c66a63c
IT/SPO.IT0477A_6001_BETA_2022-01-01_00:00:00,6001,2026-04-06 22:00:00,2026-04-06 23:00:00,6.850263000000000000,ug.m-3,hour,3,3,2026-04-09 16:00:00,,2b6e0619-a10d-4db5-9db3-0b893c66a63c
IT/SPO.IT0477A_6001_BETA_2022-01-01_00:00:00,6001,2026-04-06 23:00:00,2026-04-07 00:00:00,5.480210000000000000,ug.m-3,hour,3,3,2026-04-09 16:00:00,,2b6e0619-a10d-4db5-9db3-0b893c66a63c
IT/SPO.IT0477A_6001_BETA_2022-01-01_00:00:00,6001,2026-04-07 00:00:00,2026-04-07 01:00:00,10.287038000000000000,ug.m-3,hour,3,3,2026-04-09 16:00:00,,2b6e0619-a10d-4db5-9db3-0b893c66a63c
IT/SPO.IT0477A_6001_BETA_2022-01-01_00:00:00,6001,2026-04-07 01:00:00,2026-04-07 02:00:00,8.229630000000000000,ug.m-3,hour,3,3,2026-04-09 16:00:00,,2b6e0619-a10d-4db5-9db3-0b893c66a63c
IT/SPO.IT0477A_6001_BETA_2022-01-01_00:00:00,6001,2026-04-07 02:00:00,2026-04-07 03:00:00,7.488259000000000000,ug.m-3,hour,3,3,2026-04-09 16:00:00,,2b6e0619-a10d-4db5-9db3-0b893c66a63c
IT/SPO.IT0477A_6001_BETA_2022-01-01_00:00:00,6001,2026-04-07 03:00:00,2026-04-07 04:00:00,7.784878000000000000,ug.m-3,hour,3,3,2026-04-09 16:00:00,,2b6e0619-a10d-4db5-9db3-0b893c66a63c
IT/SPO.IT0477A_6001_BETA_2022-01-01_00:00:00,6001,2026-04-07 04:00:00,2026-04-07 05:00:00,9.155326000000000000,ug.m-3,hour,3,3,2026-04-09 16:00:00,,2b6e0619-a10d-4db5-9db3-0b893c66a63c
IT/SPO.IT0477A_6001_BETA_2022-01-01_00:00:00,6001,2026-04-07 05:00:00,2026-04-07 06:00:00,7.324261000000000000,ug.m-3,hour,3,3,2026-04-09 16:00:00,,2b6e0619-a10d-4db5-9db3-0b893c66a63c
IT/SPO.IT0477A_6001_BETA_2022-01-01_00:00:00,6001,2026-04-07 06:00:00,2026-04-07 07:00:00,5.859408000000000000,ug.m-3,hour,3,3,2026-04-09 16:00:00,,2b6e0619-a10d-4db5-9db3-0b893c66a63c
IT/SPO.IT0477A_6001_BETA_2022-01-01_00:00:00,6001,2026-04-07 07:00:00,2026-04-07 08:00:00,7.085932000000000000,ug.m-3,hour,3,3,2026-04-09 16:00:00,,2b6e0619-a10d-4db5-9db3-0b893c66a63c
IT/SPO.IT0477A_6001_BETA_2022-01-01_00:00:00,6001,2026-04-07 08:00:00,2026-04-07 09:00:00,8.579941000000000000,ug.m-3,hour,3,3,2026-04-09 16:00:00,,2b6e0619-a10d-4db5-9db3-0b893c66a63c
IT/SPO.IT0477A_6001_BETA_2022-01-01_00:00:00,6001,2026-04-07 09:00:00,2026-04-07 10:00:00,11.878429000000000000,ug.m-3,hour,3,3,2026-04-09 16:00:00,,2b6e0619-a10d-4db5-9db3-0b893c66a63c
IT/SPO.IT0477A_6001_BETA_2022-01-01_00:00:00,6001,2026-04-07 10:00:00,2026-04-07 11:00:00,9.502744000000000000,ug.m-3,hour,3,3,2026-04-09 16:00:00,,2b6e0619-a10d-4db5-9db3-0b893c66a63c
IT/SPO.IT0477A_6001_BETA_2022-01-01_00:00:00,6001,2026-04-07 11:00:00,2026-04-07 12:00:00,12.359579000000000000,ug.m-3,hour,3,3,2026-04-09 16:00:00,,2b6e0619-a10d-4db5-9db3-0b893c66a63c
IT/SPO.IT0477A_6001_BETA_2022-01-01_00:00:00,6001,2026-04-07 12:00:00,2026-04-07 13:00:00,8.651705000000000000,ug.m-3,hour,3,3,2026-04-09 16:00:00,,2b6e0619-a10d-4db5-9db3-0b893c66a63c
IT/SPO.IT0477A_6001_BETA_2022-01-01_00:00:00,6001,2026-04-07 13:00:00,2026-04-07 14:00:00,6.921364000000000000,ug.m-3,hour,3,3,2026-04-09 16:00:00,,2b6e0619-a10d-4db5-9db3-0b893c66a63c
IT/SPO.IT0477A_6001_BETA_2022-01-01_00:00:00,6001,2026-04-07 14:00:00,2026-04-07 15:00:00,7.725959000000000000,ug.m-3,hour,3,3,2026-04-09 16:00:00,,2b6e0619-a10d-4db5-9db3-0b893c66a63c
IT/SPO.IT0477A_6001_BETA_2022-01-01_00:00:00,6001,2026-04-07 15:00:00,2026-04-07 16:00:00,6.180768000000000000,ug.m-3,hour,3,3,2026-04-09 16:00:00,,2b6e0619-a10d-4db5-9db3-0b893c66a63c
IT/SPO.IT0477A_6001_BETA_2022-01-01_00:00:00,6001,2026-04-07 16:00:00,2026-04-07 17:00:00,4.944614000000000000,ug.m-3,hour,3,3,2026-04-09 16:00:00,,2b6e0619-a10d-4db5-9db3-0b893c66a63c
IT/SPO.IT0477A_6001_BETA_2022-01-01_00:00:00,6001,2026-04-07 17:00:00,2026-04-07 18:00:00,4.531463000000000000,ug.m-3,hour,3,3,2026-04-09 16:00:00,,2b6e0619-a10d-4db5-9db3-0b893c66a63c
IT/SPO.IT0477A_6001_BETA_2022-01-01_00:00:00,6001,2026-04-07 18:00:00,2026-04-07 19:00:00,3.975531000000000000,ug.m-3,hour,3,3,2026-04-09 16:00:00,,2b6e0619-a10d-4db5-9db3-0b893c66a63c
IT/SPO.IT0477A_6001_BETA_2022-01-01_00:00:00,6001,2026-04-07 19:00:00,2026-04-07 20:00:00,8.838291000000000000,ug.m-3,hour,3,3,2026-04-09 16:00:00,,2b6e0619-a10d-4db5-9db3-0b893c66a63c
IT/SPO.IT0477A_6001_BETA_2022-01-01_00:00:00,6001,2026-04-07 20:00:00,2026-04-07 21:00:00,7.213587000000000000,ug.m-3,hour,3,3,2026-04-09 16:00:00,,2b6e0619-a10d-4db5-9db3-0b893c66a63c
IT/SPO.IT0477A_6001_BETA_2022-01-01_00:00:00,6001,2026-04-07 21:00:00,2026-04-07 22:00:00,11.893160000000000000,ug.m-3,hour,3,3,2026-04-09 16:00:00,,2b6e0619-a10d-4db5-9db3-0b893c66a63c
IT/SPO.IT0477A_6001_BETA_2022-01-01_00:00:00,6001,2026-04-07 22:00:00,2026-04-07 23:00:00,8.325212000000000000,ug.m-3,hour,3,3,2026-04-09 16:00:00,,2b6e0619-a10d-4db5-9db3-0b893c66a63c
IT/SPO.IT0477A_6001_BETA_2022-01-01_00:00:00,6001,2026-04-07 23:00:00,2026-04-08 00:00:00,6.660170000000000000,ug.m-3,hour,3,3,2026-04-09 16:00:00,,2b6e0619-a10d-4db5-9db3-0b893c66a63c
IT/SPO.IT0477A_6001_BETA_2022-01-01_00:00:00,6001,2026-04-08 00:00:00,2026-04-08 01:00:00,6.384604000000000000,ug.m-3,hour,3,3,2026-04-09 16:00:00,,2b6e0619-a10d-4db5-9db3-0b893c66a63c
IT/SPO.IT0477A_6001_BETA_2022-01-01_00:00:00,6001,2026-04-08 01:00:00,2026-04-08 02:00:00,5.107683000000000000,ug.m-3,hour,3,3,2026-04-09 16:00:00,,2b6e0619-a10d-4db5-9db3-0b893c66a63c
IT/SPO.IT0477A_6001_BETA_2022-01-01_00:00:00,6001,2026-04-08 02:00:00,2026-04-08 03:00:00,8.351814000000000000,ug.m-3,hour,3,3,2026-04-09 16:00:00,,2b6e0619-a10d-4db5-9db3-0b893c66a63c
IT/SPO.IT0477A_6001_BETA_2022-01-01_00:00:00,6001,2026-04-08 03:00:00,2026-04-08 04:00:00,6.681451000000000000,ug.m-3,hour,3,3,2026-04-09 16:00:00,,2b6e0619-a10d-4db5-9db3-0b893c66a63c
IT/SPO.IT0477A_6001_BETA_2022-01-01_00:00:00,6001,2026-04-08 04:00:00,2026-04-08 05:00:00,5.345161000000000000,ug.m-3,hour,3,3,2026-04-09 16:00:00,,2b6e0619-a10d-4db5-9db3-0b893c66a63c
IT/SPO.IT0477A_6001_BETA_2022-01-01_00:00:00,6001,2026-04-08 05:00:00,2026-04-08 06:00:00,5.391325000000000000,ug.m-3,hour,3,3,2026-04-09 16:00:00,,2b6e0619-a10d-4db5-9db3-0b893c66a63c
IT/SPO.IT0477A_6001_BETA_2022-01-01_00:00:00,6001,2026-04-08 06:00:00,2026-04-08 07:00:00,4.313060000000000000,ug.m-3,hour,3,3,2026-04-09 16:00:00,,2b6e0619-a10d-4db5-9db3-0b893c66a63c
IT/SPO.IT0477A_6001_BETA_2022-01-01_00:00:00,6001,2026-04-08 07:00:00,2026-04-08 08:00:00,10.708971000000000000,ug.m-3,hour,3,3,2026-04-09 16:00:00,,2b6e0619-a10d-4db5-9db3-0b893c66a63c
IT/SPO.IT0477A_6001_BETA_2022-01-01_00:00:00,6001,2026-04-08 08:00:00,2026-04-08 09:00:00,9.120067000000000000,ug.m-3,hour,3,3,2026-04-09 16:00:00,,2b6e0619-a10d-4db5-9db3-0b893c66a63c
IT/SPO.IT0477A_6001_BETA_2022-01-01_00:00:00,6001,2026-04-08 09:00:00,2026-04-08 10:00:00,7.296053000000000000,ug.m-3,hour,3,3,2026-04-09 16:00:00,,2b6e0619-a10d-4db5-9db3-0b893c66a63c
IT/SPO.IT0477A_6001_BETA_2022-01-01_00:00:00,6001,2026-04-08 10:00:00,2026-04-08 11:00:00,5.836843000000000000,ug.m-3,hour,3,3,2026-04-09 16:00:00,,2b6e0619-a10d-4db5-9db3-0b893c66a63c
IT/SPO.IT0477A_6001_BETA_2022-01-01_00:00:00,6001,2026-04-08 11:00:00,2026-04-08 12:00:00,7.383539000000000000,ug.m-3,hour,3,3,2026-04-09 16:00:00,,2b6e0619-a10d-4db5-9db3-0b893c66a63c
IT/SPO.IT0477A_6001_BETA_2022-01-01_00:00:00,6001,2026-04-08 12:00:00,2026-04-08 13:00:00,7.653911000000000000,ug.m-3,hour,3,3,2026-04-09 16:00:00,,2b6e0619-a10d-4db5-9db3-0b893c66a63c
IT/SPO.IT0477A_6001_BETA_2022-01-01_00:00:00,6001,2026-04-08 13:00:00,2026-04-08 14:00:00,10.287433000000000000,ug.m-3,hour,3,3,2026-04-09 16:00:00,,2b6e0619-a10d-4db5-9db3-0b893c66a63c
IT/SPO.IT0477A_6001_BETA_2022-01-01_00:00:00,6001,2026-04-08 14:00:00,2026-04-08 15:00:00,11.366028000000000000,ug.m-3,hour,3,3,2026-04-09 16:00:00,,2b6e0619-a10d-4db5-9db3-0b893c66a63c
IT/SPO.IT0477A_6001_BETA_2022-01-01_00:00:00,6001,2026-04-08 15:00:00,2026-04-08 16:00:00,9.092822000000000000,ug.m-3,hour,3,3,2026-04-09 16:00:00,,2b6e0619-a10d-4db5-9db3-0b893c66a63c
IT/SPO.IT0477A_6001_BETA_2022-01-01_00:00:00,6001,2026-04-08 16:00:00,2026-04-08 17:00:00,7.401917000000000000,ug.m-3,hour,3,3,2026-04-09 16:00:00,,2b6e0619-a10d-4db5-9db3-0b893c66a63c
IT/SPO.IT0477A_6001_BETA_2022-01-01_00:00:00,6001,2026-04-08 17:00:00,2026-04-08 18:00:00,8.910216000000000000,ug.m-3,hour,3,3,2026-04-09 16:00:00,,2b6e0619-a10d-4db5-9db3-0b893c66a63c
IT/SPO.IT0477A_6001_BETA_2022-01-01_00:00:00,6001,2026-04-08 18:00:00,2026-04-08 19:00:00,11.331248000000000000,ug.m-3,hour,3,3,2026-04-09 16:00:00,,2b6e0619-a10d-4db5-9db3-0b893c66a63c
IT/SPO.IT0477A_6001_BETA_2022-01-01_00:00:00,6001,2026-04-08 19:00:00,2026-04-08 20:00:00,9.064999000000000000,ug.m-3,hour,3,3,2026-04-09 16:00:00,,2b6e0619-a10d-4db5-9db3-0b893c66a63c
IT/SPO.IT0477A_6001_BETA_2022-01-01_00:00:00,6001,2026-04-08 20:00:00,2026-04-08 21:00:00,17.755976000000000000,ug.m-3,hour,3,3,2026-04-09 16:00:00,,2b6e0619-a10d-4db5-9db3-0b893c66a63c
IT/SPO.IT0477A_6001_BETA_2022-01-01_00:00:00,6001,2026-04-08 21:00:00,2026-04-08 22:00:00,15.850403000000000000,ug.m-3,hour,3,3,2026-04-09 16:00:00,,2b6e0619-a10d-4db5-9db3-0b893c66a63c
IT/SPO.IT0477A_6001_BETA_2022-01-01_00:00:00,6001,2026-04-08 22:00:00,2026-04-08 23:00:00,21.359120000000000000,ug.m-3,hour,3,3,2026-04-09 16:00:00,,2b6e0619-a10d-4db5-9db3-0b893c66a63c
IT/SPO.IT0477A_6001_BETA_2022-01-01_00:00:00,6001,2026-04-08 23:00:00,2026-04-09 00:00:00,22.472897000000000000,ug.m-3,hour,3,3,2026-04-09 16:00:00,,2b6e0619-a10d-4db5-9db3-0b893c66a63c
IT/SPO.IT0477A_6001_BETA_2022-01-01_00:00:00,6001,2026-04-09 00:00:00,2026-04-09 01:00:00,24.957106000000000000,ug.m-3,hour,3,3,2026-04-09 16:00:00,,2b6e0619-a10d-4db5-9db3-0b893c66a63c
IT/SPO.IT0477A_6001_BETA_2022-01-01_00:00:00,6001,2026-04-09 01:00:00,2026-04-09 02:00:00,23.111124000000000000,ug.m-3,hour,3,3,2026-04-09 16:00:00,,2b6e0619-a10d-4db5-9db3-0b893c66a63c
IT/SPO.IT0477A_6001_BETA_2022-01-01_00:00:00,6001,2026-04-09 02:00:00,2026-04-09 03:00:00,17.184994000000000000,ug.m-3,hour,3,3,2026-04-09 16:00:00,,2b6e0619-a10d-4db5-9db3-0b893c66a63c
IT/SPO.IT0477A_6001_BETA_2022-01-01_00:00:00,6001,2026-04-09 03:00:00,2026-04-09 04:00:00,23.991625000000000000,ug.m-3,hour,3,3,2026-04-09 16:00:00,,2b6e0619-a10d-4db5-9db3-0b893c66a63c
IT/SPO.IT0477A_6001_BETA_2022-01-01_00:00:00,6001,2026-04-09 04:00:00,2026-04-09 05:00:00,18.100672000000000000,ug.m-3,hour,3,3,2026-04-09 16:00:00,,2b6e0619-a10d-4db5-9db3-0b893c66a63c
IT/SPO.IT0477A_6001_BETA_2022-01-01_00:00:00,6001,2026-04-09 05:00:00,2026-04-09 06:00:00,14.528028000000000000,ug.m-3,hour,3,3,2026-04-09 16:00:00,,2b6e0619-a10d-4db5-9db3-0b893c66a63c
IT/SPO.IT0477A_6001_BETA_2022-01-01_00:00:00,6001,2026-04-09 06:00:00,2026-04-09 07:00:00,14.180229000000000000,ug.m-3,hour,3,3,2026-04-09 16:00:00,,2b6e0619-a10d-4db5-9db3-0b893c66a63c
IT/SPO.IT0477A_6001_BETA_2022-01-01_00:00:00,6001,2026-04-09 07:00:00,2026-04-09 08:00:00,9.926160000000000000,ug.m-3,hour,3,3,2026-04-09 16:00:00,,2b6e0619-a10d-4db5-9db3-0b893c66a63c
IT/SPO.IT0477A_6001_BETA_2022-01-01_00:00:00,6001,2026-04-09 08:00:00,2026-04-09 09:00:00,14.110495000000000000,ug.m-3,hour,3,3,2026-04-09 16:00:00,,2b6e0619-a10d-4db5-9db3-0b893c66a63c
IT/SPO.IT0477A_6001_BETA_2022-01-01_00:00:00,6001,2026-04-09 09:00:00,2026-04-09 10:00:00,11.864982000000000000,ug.m-3,hour,3,3,2026-04-09 16:00:00,,2b6e0619-a10d-4db5-9db3-0b893c66a63c
IT/SPO.IT0477A_6001_BETA_2022-01-01_00:00:00,6001,2026-04-09 10:00:00,2026-04-09 11:00:00,19.927710000000000000,ug.m-3,hour,3,3,2026-04-09 16:00:00,,2b6e0619-a10d-4db5-9db3-0b893c66a63c
IT/SPO.IT0477A_6001_BETA_2022-01-01_00:00:00,6001,2026-04-09 11:00:00,2026-04-09 12:00:00,15.284644000000000000,ug.m-3,hour,3,3,2026-04-09 16:00:00,,2b6e0619-a10d-4db5-9db3-0b893c66a63c
IT/SPO.IT0477A_6001_BETA_2022-01-01_00:00:00,6001,2026-04-09 12:00:00,2026-04-09 13:00:00,10.699252000000000000,ug.m-3,hour,3,3,2026-04-09 16:00:00,,2b6e0619-a10d-4db5-9db3-0b893c66a63c
IT/SPO.IT0477A_6001_BETA_2022-01-01_00:00:00,6001,2026-04-09 13:00:00,2026-04-09 14:00:00,7.489475000000000000,ug.m-3,hour,3,3,2026-04-09 16:00:00,,2b6e0619-a10d-4db5-9db3-0b893c66a63c
IT/SPO.IT0477A_6001_BETA_2022-01-01_00:00:00,6001,2026-04-09 14:00:00,2026-04-09 15:00:00,13.460489000000000000,ug.m-3,hour,3,3,2026-04-09 16:00:00,,2b6e0619-a10d-4db5-9db3-0b893c66a63c
IT/SPO.IT0477A_6001_BETA_2022-01-01_00:00:00,6001,2026-04-09 15:00:00,2026-04-09 16:00:00,12.917667000000000000,ug.m-3,hour,3,3,2026-04-09 16:00:00,,2b6e0619-a10d-4db5-9db3-0b893c66a63c
IT/SPO.IT0477A_6001_BETA_2022-01-01_00:00:00,6001,2026-04-09 16:00:00,2026-04-09 17:00:00,10.747910000000000000,ug.m-3,hour,3,3,2026-04-09 16:00:00,,2b6e0619-a10d-4db5-9db3-0b893c66a63c
IT/SPO.IT0477A_6001_BETA_2022-01-01_00:00:00,6001,2026-04-09 17:00:00,2026-04-09 18:00:00,12.630378000000000000,ug.m-3,hour,3,3,2026-04-09 17:00:00,,d88d21ae-7e6e-407b-9922-77b3353ce2be
IT/SPO.IT0477A_6001_BETA_2022-01-01_00:00:00,6001,2026-04-09 18:00:00,2026-04-09 19:00:00,19.267632000000000000,ug.m-3,hour,3,3,2026-04-09 18:00:00,,0e7dba28-9cc7-442a-b48a-1760bd75924d
IT/SPO.IT0477A_6001_BETA_2022-01-01_00:00:00,6001,2026-04-09 19:00:00,2026-04-09 20:00:00,13.487342000000000000,ug.m-3,hour,3,3,2026-04-09 19:00:00,,8922f695-2da6-4288-8662-7dcf90495fb9
IT/SPO.IT0477A_6001_BETA_2022-01-01_00:00:00,6001,2026-04-09 20:00:00,2026-04-09 21:00:00,17.471970000000000000,ug.m-3,hour,3,3,2026-04-09 20:00:00,,c3caa6aa-951e-4087-a9d7-3ba2e9473ad6
IT/SPO.IT0477A_6001_BETA_2022-01-01_00:00:00,6001,2026-04-09 21:00:00,2026-04-09 22:00:00,22.361443000000000000,ug.m-3,hour,3,3,2026-04-09 21:00:00,,ebd57abb-db86-47dc-a95e-076215d3e5cb
IT/SPO.IT0477A_6001_BETA_2022-01-01_00:00:00,6001,2026-04-09 22:00:00,2026-04-09 23:00:00,18.417915000000000000,ug.m-3,hour,3,3,2026-04-09 22:00:00,,b028e2d7-d9aa-4af3-93ae-7108abfdbd72
IT/SPO.IT0477A_6001_BETA_2022-01-01_00:00:00,6001,2026-04-09 23:00:00,2026-04-10 00:00:00,22.759945000000000000,ug.m-3,hour,3,3,2026-04-09 23:00:00,,de6fb067-028d-4694-a92c-c4369f27cc1b
IT/SPO.IT0477A_6001_BETA_2022-01-01_00:00:00,6001,2026-04-10 00:00:00,2026-04-10 01:00:00,19.422915000000000000,ug.m-3,hour,3,3,2026-04-10 00:00:00,,6b96a90e-20b8-4b90-983e-19f5a4ba165c
IT/SPO.IT0477A_6001_BETA_2022-01-01_00:00:00,6001,2026-04-10 01:00:00,2026-04-10 02:00:00,14.074161000000000000,ug.m-3,hour,3,3,2026-04-10 01:00:00,,8fcb101f-4243-48df-ae42-bb4bc5e7f394
IT/SPO.IT0477A_6001_BETA_2022-01-01_00:00:00,6001,2026-04-10 02:00:00,2026-04-10 03:00:00,20.988337000000000000,ug.m-3,hour,3,3,2026-04-10 02:00:00,,fc615577-a05a-4bf0-96af-c0f9d8d4aada
IT/SPO.IT0477A_6001_BETA_2022-01-01_00:00:00,6001,2026-04-10 03:00:00,2026-04-10 04:00:00,14.691834000000000000,ug.m-3,hour,3,3,2026-04-10 03:00:00,,b381e397-1a65-465b-b5aa-53768f8ebe77
IT/SPO.IT0477A_6001_BETA_2022-01-01_00:00:00,6001,2026-04-10 04:00:00,2026-04-10 05:00:00,10.284284000000000000,ug.m-3,hour,3,3,2026-04-10 04:00:00,,e9b2a3cc-7f5e-4bbd-9ced-c78e06da5437
IT/SPO.IT0477A_6001_BETA_2022-01-01_00:00:00,6001,2026-04-10 05:00:00,2026-04-10 06:00:00,7.198998000000000000,ug.m-3,hour,3,3,2026-04-10 05:00:00,,559e67e7-5f57-406e-970c-bea71282979c
IT/SPO.IT0477A_6001_BETA_2022-01-01_00:00:00,6001,2026-04-10 06:00:00,2026-04-10 07:00:00,10.541091000000000000,ug.m-3,hour,3,3,2026-04-10 06:00:00,,e844de4e-42dd-44dc-874b-a1f781b2a00e
IT/SPO.IT0477A_6001_BETA_2022-01-01_00:00:00,6001,2026-04-10 07:00:00,2026-04-10 08:00:00,8.432873000000000000,ug.m-3,hour,3,3,2026-04-10 07:00:00,,7c3b31fd-7c1b-4528-88bf-fd7ebae6ffa8
IT/SPO.IT0477A_6001_BETA_2022-01-01_00:00:00,6001,2026-04-10 08:00:00,2026-04-10 09:00:00,7.661623000000000000,ug.m-3,hour,3,3,2026-04-10 08:00:00,,02b2fa1d-7c4c-40c4-9ebc-e9dbfa792d09
IT/SPO.IT0477A_6001_BETA_2022-01-01_00:00:00,6001,2026-04-10 09:00:00,2026-04-10 10:00:00,8.923775000000000000,ug.m-3,hour,3,3,2026-04-10 09:00:00,,7b7ba82a-52af-4bdf-b5a4-bdc1aab1b599
IT/SPO.IT0477A_6001_BETA_2022-01-01_00:00:00,6001,2026-04-10 10:00:00,2026-04-10 11:00:00,7.139020000000000000,ug.m-3,hour,3,3,2026-04-10 10:00:00,,4534574e-e988-4d23-afb3-beafe7bfa18c
IT/SPO.IT0477A_6001_BETA_2022-01-01_00:00:00,6001,2026-04-10 11:00:00,2026-04-10 12:00:00,11.368931000000000000,ug.m-3,hour,3,3,2026-04-10 11:00:00,,f2e66378-4e3f-413a-97bb-41b6804a48d6
IT/SPO.IT0477A_6001_BETA_2022-01-01_00:00:00,6001,2026-04-10 12:00:00,2026-04-10 13:00:00,9.095144000000000000,ug.m-3,hour,3,3,2026-04-10 12:00:00,,7541c7fd-2e54-43f2-8f91-3d0bc92dad65
IT/SPO.IT0477A_6001_BETA_2022-01-01_00:00:00,6001,2026-04-10 13:00:00,2026-04-10 14:00:00,12.861822000000000000,ug.m-3,hour,3,3,2026-04-10 13:00:00,,213abf33-666e-4a04-b544-8fb6cd7ee040
IT/SPO.IT0477A_6001_BETA_2022-01-01_00:00:00,6001,2026-04-10 14:00:00,2026-04-10 15:00:00,12.197859000000000000,ug.m-3,hour,3,3,2026-04-10 14:00:00,,747190c8-05f6-41e2-b2dc-5d813e56f7bf
IT/SPO.IT0477A_6001_BETA_2022-01-01_00:00:00,6001,2026-04-10 15:00:00,2026-04-10 16:00:00,13.689519000000000000,ug.m-3,hour,3,3,2026-04-10 15:00:00,,96fe003c-60c7-4b79-8a8a-d9d509a885cf
IT/SPO.IT0477A_6001_BETA_2022-01-01_00:00:00,6001,2026-04-10 16:00:00,2026-04-10 17:00:00,11.339737000000000000,ug.m-3,hour,3,3,2026-04-10 16:00:00,,2e2d6bb4-b6e4-4549-bdb0-141cbd17f86c
IT/SPO.IT0477A_6001_BETA_2022-01-01_00:00:00,6001,2026-04-10 17:00:00,2026-04-10 18:00:00,15.076589000000000000,ug.m-3,hour,3,3,2026-04-10 17:00:00,,07d3f628-afa3-4ecd-886f-9d3bd82c3645
IT/SPO.IT0477A_6001_BETA_2022-01-01_00:00:00,6001,2026-04-10 18:00:00,2026-04-10 19:00:00,10.837991000000000000,ug.m-3,hour,3,3,2026-04-10 18:00:00,,371e2bd6-bce8-4429-8432-e7dc860e0a0f
IT/SPO.IT0477A_6001_BETA_2022-01-01_00:00:00,6001,2026-04-10 19:00:00,2026-04-10 20:00:00,15.200673000000000000,ug.m-3,hour,3,3,2026-04-10 19:00:00,,951a8d2c-2f42-498e-94b8-e47b6245c3c0
IT/SPO.IT0477A_6001_BETA_2022-01-01_00:00:00,6001,2026-04-10 20:00:00,2026-04-10 21:00:00,20.481033000000000000,ug.m-3,hour,3,3,2026-04-10 20:00:00,,d103af4f-2342-4f79-adf6-9b6311f9936e
IT/SPO.IT0477A_6001_BETA_2022-01-01_00:00:00,6001,2026-04-10 21:00:00,2026-04-10 22:00:00,23.130928000000000000,ug.m-3,hour,3,3,2026-04-10 22:00:00,,3799ac89-86dc-4a21-a819-1ebeba87bf98
IT/SPO.IT0477A_6001_BETA_2022-01-01_00:00:00,6001,2026-04-10 22:00:00,2026-04-10 23:00:00,21.209326000000000000,ug.m-3,hour,3,3,2026-04-10 22:00:00,,3799ac89-86dc-4a21-a819-1ebeba87bf98
IT/SPO.IT0477A_6001_BETA_2022-01-01_00:00:00,6001,2026-04-10 23:00:00,2026-04-11 00:00:00,23.842924000000000000,ug.m-3,hour,3,3,2026-04-10 23:00:00,,a13d1cac-b20d-4980-83ff-ab28ea7f519f
IT/SPO.IT0477A_6001_BETA_2022-01-01_00:00:00,6001,2026-04-11 00:00:00,2026-04-11 01:00:00,20.031576000000000000,ug.m-3,hour,3,3,2026-04-11 00:00:00,,125168af-e74b-4b4d-905d-fa2fd2754773
IT/SPO.IT0477A_6001_BETA_2022-01-01_00:00:00,6001,2026-04-11 01:00:00,2026-04-11 02:00:00,14.122815000000000000,ug.m-3,hour,3,3,2026-04-11 01:00:00,,c0b1f2e7-f268-4056-966f-cb4db16644b6
IT/SPO.IT0477A_6001_BETA_2022-01-01_00:00:00,6001,2026-04-11 02:00:00,2026-04-11 03:00:00,9.885970000000000000,ug.m-3,hour,3,3,2026-04-11 02:00:00,,2d7ca19b-ee1a-4042-8e61-cd957c7d2557
IT/SPO.IT0477A_6001_BETA_2022-01-01_00:00:00,6001,2026-04-11 03:00:00,2026-04-11 04:00:00,7.661174000000000000,ug.m-3,hour,3,3,2026-04-11 03:00:00,,e357a959-9065-4f0a-99c0-ae08280a8cd8
IT/SPO.IT0477A_6001_BETA_2022-01-01_00:00:00,6001,2026-04-11 04:00:00,2026-04-11 05:00:00,6.128939000000000000,ug.m-3,hour,3,3,2026-04-11 04:00:00,,97a7f3d2-e26a-48da-a5e8-0c12a57688e7
IT/SPO.IT0477A_6001_BETA_2022-01-01_00:00:00,6001,2026-04-11 05:00:00,2026-04-11 06:00:00,7.328853000000000000,ug.m-3,hour,3,3,2026-04-11 05:00:00,,4c407756-f1e0-4e6d-ac0f-733baa3e3475
IT/SPO.IT0477A_6001_BETA_2022-01-01_00:00:00,6001,2026-04-11 06:00:00,2026-04-11 07:00:00,6.360105000000000000,ug.m-3,hour,3,3,2026-04-11 06:00:00,,09fac64e-7d35-4c91-9192-6fec30df1192
IT/SPO.IT0477A_6001_BETA_2022-01-01_00:00:00,6001,2026-04-11 07:00:00,2026-04-11 08:00:00,11.838462000000000000,ug.m-3,hour,3,3,2026-04-11 07:00:00,,0694e18f-4717-45da-8f66-6c80367c4825
IT/SPO.IT0477A_6001_BETA_2022-01-01_00:00:00,6001,2026-04-11 08:00:00,2026-04-11 09:00:00,9.635221000000000000,ug.m-3,hour,3,3,2026-04-11 08:00:00,,6a1a13a5-3bc0-4504-9b77-92a424ab14c5
IT/SPO.IT0477A_6001_BETA_2022-01-01_00:00:00,6001,2026-04-11 09:00:00,2026-04-11 10:00:00,14.660306000000000000,ug.m-3,hour,3,3,2026-04-11 09:00:00,,087969c1-b226-4d54-9b29-f60fde42d7ad
IT/SPO.IT0477A_6001_BETA_2022-01-01_00:00:00,6001,2026-04-11 10:00:00,2026-04-11 11:00:00,14.597218000000000000,ug.m-3,hour,3,3,2026-04-11 10:00:00,,41782042-3c14-4522-86f3-ed0702c6158d
IT/SPO.IT0477A_6001_BETA_2022-01-01_00:00:00,6001,2026-04-11 11:00:00,2026-04-11 12:00:00,10.218052000000000000,ug.m-3,hour,3,3,2026-04-11 11:00:00,,dc736451-82a9-4d6f-b0e8-a8acd13b1e2f
IT/SPO.IT0477A_6001_BETA_2022-01-01_00:00:00,6001,2026-04-11 12:00:00,2026-04-11 13:00:00,7.152636000000000000,ug.m-3,hour,3,3,2026-04-11 12:00:00,,80718d25-7160-48be-922b-3d39d2cbc0cd
IT/SPO.IT0477A_6001_BETA_2022-01-01_00:00:00,6001,2026-04-11 13:00:00,2026-04-11 14:00:00,15.414701000000000000,ug.m-3,hour,3,3,2026-04-11 13:00:00,,35703c83-41c5-4b64-839e-6329d241f6fc
IT/SPO.IT0477A_6001_BETA_2022-01-01_00:00:00,6001,2026-04-11 14:00:00,2026-04-11 15:00:00,10.790290000000000000,ug.m-3,hour,3,3,2026-04-11 14:00:00,,6fc90427-a4f8-4330-9de5-d69debfe100c
IT/SPO.IT0477A_6001_BETA_2022-01-01_00:00:00,6001,2026-04-11 15:00:00,2026-04-11 16:00:00,7.553203000000000000,ug.m-3,hour,3,3,2026-04-11 15:00:00,,09c53002-8e9f-4d3b-93df-4a090fb738c6
IT/SPO.IT0477A_6001_BETA_2022-01-01_00:00:00,6001,2026-04-11 16:00:00,2026-04-11 17:00:00,6.042562000000000000,ug.m-3,hour,3,3,2026-04-11 16:00:00,,4bbaf2a4-5c11-4e76-8a46-3aa516e0a60a
IT/SPO.IT0477A_6001_BETA_2022-01-01_00:00:00,6001,2026-04-11 17:00:00,2026-04-11 18:00:00,10.588419000000000000,ug.m-3,hour,3,3,2026-04-11 17:00:00,,185f2012-580b-42b1-82c9-25a0d21fbb7c
IT/SPO.IT0477A_6001_BETA_2022-01-01_00:00:00,6001,2026-04-11 18:00:00,2026-04-11 19:00:00,8.470736000000000000,ug.m-3,hour,3,3,2026-04-11 18:00:00,,05c446cd-470f-4329-9ad0-9b6555f25b15
IT/SPO.IT0477A_6001_BETA_2022-01-01_00:00:00,6001,2026-04-11 19:00:00,2026-04-11 20:00:00,18.974660000000000000,ug.m-3,hour,3,3,2026-04-11 19:00:00,,01179e8b-d112-416a-b229-c61c1bdd904e
IT/SPO.IT0477A_6001_BETA_2022-01-01_00:00:00,6001,2026-04-11 20:00:00,2026-04-11 21:00:00,13.282263000000000000,ug.m-3,hour,3,3,2026-04-11 20:00:00,,4ad471eb-141f-40cb-b194-f2d9a57a68ee
IT/SPO.IT0477A_6001_BETA_2022-01-01_00:00:00,6001,2026-04-11 21:00:00,2026-04-11 22:00:00,11.656144000000000000,ug.m-3,hour,3,3,2026-04-11 21:00:00,,2d874d0d-f7ab-4b0f-ab74-3da4d66c9426
IT/SPO.IT0477A_6001_BETA_2022-01-01_00:00:00,6001,2026-04-11 22:00:00,2026-04-11 23:00:00,12.657820000000000000,ug.m-3,hour,3,3,2026-04-11 22:00:00,,d12987c5-24c5-44e9-b708-05ab3b93001c
IT/SPO.IT0477A_6001_BETA_2022-01-01_00:00:00,6001,2026-04-11 23:00:00,2026-04-12 00:00:00,21.608452000000000000,ug.m-3,hour,3,3,2026-04-11 23:00:00,,7712fdd7-f3bb-4a46-8bde-b2f8e9634546
IT/SPO.IT0477A_6001_BETA_2022-01-01_00:00:00,6001,2026-04-12 00:00:00,2026-04-12 01:00:00,19.046091000000000000,ug.m-3,hour,3,3,2026-04-12 00:00:00,,ef2364c4-98eb-458f-9433-21a734c31631
IT/SPO.IT0477A_6001_BETA_2022-01-01_00:00:00,6001,2026-04-12 01:00:00,2026-04-12 02:00:00,15.256021000000000000,ug.m-3,hour,3,3,2026-04-12 01:00:00,,a98c2636-9c14-4c6e-b539-9587f8132e2d
IT/SPO.IT0477A_6001_BETA_2022-01-01_00:00:00,6001,2026-04-12 02:00:00,2026-04-12 03:00:00,12.996526000000000000,ug.m-3,hour,3,3,2026-04-12 02:00:00,,4fc67161-25ba-4cf7-8f52-b87c14df12d2
IT/SPO.IT0477A_6001_BETA_2022-01-01_00:00:00,6001,2026-04-12 03:00:00,2026-04-12 04:00:00,22.686815000000000000,ug.m-3,hour,3,3,2026-04-12 03:00:00,,82b1734b-3b8d-4398-9a71-f74e258d06b4
IT/SPO.IT0477A_6001_BETA_2022-01-01_00:00:00,6001,2026-04-12 04:00:00,2026-04-12 05:00:00,20.193777000000000000,ug.m-3,hour,3,3,2026-04-12 04:00:00,,5340e894-ed65-4cff-8a7c-be673f2e9e5d
IT/SPO.IT0477A_6001_BETA_2022-01-01_00:00:00,6001,2026-04-12 05:00:00,2026-04-12 06:00:00,20.821100000000000000,ug.m-3,hour,3,3,2026-04-12 05:00:00,,bf72d4e5-94f8-4535-8aa3-8b675e026799
IT/SPO.IT0477A_6001_BETA_2022-01-01_00:00:00,6001,2026-04-12 06:00:00,2026-04-12 07:00:00,17.426233000000000000,ug.m-3,hour,3,3,2026-04-12 06:00:00,,abecb4e1-51c1-42e4-a1fa-b185f87841d1
IT/SPO.IT0477A_6001_BETA_2022-01-01_00:00:00,6001,2026-04-12 07:00:00,2026-04-12 08:00:00,17.624119000000000000,ug.m-3,hour,3,3,2026-04-12 07:00:00,,f19453bf-92c4-4622-b905-aa3597d17ab2
IT/SPO.IT0477A_6001_BETA_2022-01-01_00:00:00,6001,2026-04-12 08:00:00,2026-04-12 09:00:00,23.885204000000000000,ug.m-3,hour,3,3,2026-04-12 08:00:00,,0914b551-7157-4406-8628-4dbbbb89ff22
IT/SPO.IT0477A_6001_BETA_2022-01-01_00:00:00,6001,2026-04-12 09:00:00,2026-04-12 10:00:00,16.719643000000000000,ug.m-3,hour,3,3,2026-04-12 09:00:00,,5ecbc741-cdb0-4aa8-bab6-250e3f2477fd
IT/SPO.IT0477A_6001_BETA_2022-01-01_00:00:00,6001,2026-04-12 10:00:00,2026-04-12 11:00:00,19.340440000000000000,ug.m-3,hour,3,3,2026-04-12 10:00:00,,4083a358-84d8-443f-9aa5-b8253e711942
IT/SPO.IT0477A_6001_BETA_2022-01-01_00:00:00,6001,2026-04-12 11:00:00,2026-04-12 12:00:00,16.286564000000000000,ug.m-3,hour,3,3,2026-04-12 11:00:00,,8f218f98-058f-4877-b2ff-c128071b3f2f
IT/SPO.IT0477A_6001_BETA_2022-01-01_00:00:00,6001,2026-04-12 12:00:00,2026-04-12 13:00:00,11.569413000000000000,ug.m-3,hour,3,3,2026-04-12 12:00:00,,deebdff8-a2e7-48df-b551-917d8dc4eee8
IT/SPO.IT0477A_6001_BETA_2022-01-01_00:00:00,6001,2026-04-12 13:00:00,2026-04-12 14:00:00,9.836084000000000000,ug.m-3,hour,3,3,2026-04-12 13:00:00,,a56dc7f6-c51f-408f-9c84-d512435a1965
IT/SPO.IT0477A_6001_BETA_2022-01-01_00:00:00,6001,2026-04-12 14:00:00,2026-04-12 15:00:00,15.225227000000000000,ug.m-3,hour,3,3,2026-04-12 14:00:00,,23d7543a-3594-48d3-b75a-e0b691b4f7a0
IT/SPO.IT0477A_6001_BETA_2022-01-01_00:00:00,6001,2026-04-12 15:00:00,2026-04-12 16:00:00,10.657659000000000000,ug.m-3,hour,3,3,2026-04-12 15:00:00,,0f5011f2-b179-4b55-aca8-8fa424a3d35c
IT/SPO.IT0477A_6001_BETA_2022-01-01_00:00:00,6001,2026-04-12 16:00:00,2026-04-12 17:00:00,9.806189000000000000,ug.m-3,hour,3,3,2026-04-12 16:00:00,,8b89d1ee-ff80-4430-b8a3-6f202f3e3cb1
IT/SPO.IT0477A_6001_BETA_2022-01-01_00:00:00,6001,2026-04-12 17:00:00,2026-04-12 18:00:00,11.300672000000000000,ug.m-3,hour,3,3,2026-04-12 17:00:00,,dc111a5f-4d47-459d-a68a-7ac0f41e35f5
IT/SPO.IT0477A_6001_BETA_2022-01-01_00:00:00,6001,2026-04-12 18:00:00,2026-04-12 19:00:00,9.040537000000000000,ug.m-3,hour,3,3,2026-04-12 18:00:00,,6ca38dc0-3e48-4f80-bff8-860b1ed9a99c
IT/SPO.IT0477A_6001_BETA_2022-01-01_00:00:00,6001,2026-04-12 19:00:00,2026-04-12 20:00:00,16.793787000000000000,ug.m-3,hour,3,3,2026-04-12 19:00:00,,56bef5d9-c6d9-4e61-b0a8-fab3bd7ca04e
IT/SPO.IT0477A_6001_BETA_2022-01-01_00:00:00,6001,2026-04-12 20:00:00,2026-04-12 21:00:00,13.327405000000000000,ug.m-3,hour,3,3,2026-04-12 20:00:00,,0d5c868b-cc86-428b-85b1-8a1680eba393
IT/SPO.IT0477A_6001_BETA_2022-01-01_00:00:00,6001,2026-04-12 21:00:00,2026-04-12 22:00:00,15.027711000000000000,ug.m-3,hour,3,3,2026-04-12 21:00:00,,c6c3b27a-2f9f-45d6-a8ca-f70b6bb8a90a
IT/SPO.IT0477A_6001_BETA_2022-01-01_00:00:00,6001,2026-04-12 22:00:00,2026-04-12 23:00:00,17.190804000000000000,ug.m-3,hour,3,3,2026-04-12 22:00:00,,2c88eeb4-3c92-40ec-9f3c-eada2daa09f9
IT/SPO.IT0477A_6001_BETA_2022-01-01_00:00:00,6001,2026-04-12 23:00:00,2026-04-13 00:00:00,12.033563000000000000,ug.m-3,hour,3,3,2026-04-12 23:00:00,,e1f82941-cfa4-4cd8-88d8-a5dccee04b1f
IT/SPO.IT0477A_6001_BETA_2022-01-01_00:00:00,6001,2026-04-13 00:00:00,2026-04-13 01:00:00,22.753803000000000000,ug.m-3,hour,3,3,2026-04-13 00:00:00,,89754002-1cf9-4ef9-8fe3-b76f2d90341e
IT/SPO.IT0477A_6001_BETA_2022-01-01_00:00:00,6001,2026-04-13 01:00:00,2026-04-13 02:00:00,24.650103000000000000,ug.m-3,hour,3,3,2026-04-13 01:00:00,,44700cd8-c701-4517-9eeb-fd85830c6702
IT/SPO.IT0477A_6001_BETA_2022-01-01_00:00:00,6001,2026-04-13 02:00:00,2026-04-13 03:00:00,20.606668000000000000,ug.m-3,hour,3,3,2026-04-13 02:00:00,,b098e018-ec1a-43ea-ae17-2ff7e2df0074
IT/SPO.IT0477A_6001_BETA_2022-01-01_00:00:00,6001,2026-04-13 03:00:00,2026-04-13 04:00:00,17.719402000000000000,ug.m-3,hour,3,3,2026-04-13 03:00:00,,72dacb02-8999-4db3-92fb-1734cb04c56a
IT/SPO.IT0477A_6001_BETA_2022-01-01_00:00:00,6001,2026-04-13 04:00:00,2026-04-13 05:00:00,14.823680000000000000,ug.m-3,hour,3,3,2026-04-13 04:00:00,,1575e4d6-d081-452a-b72f-ebfbeb369c2b
IT/SPO.IT0477A_6001_BETA_2022-01-01_00:00:00,6001,2026-04-13 05:00:00,2026-04-13 06:00:00,20.728987000000000000,ug.m-3,hour,3,3,2026-04-13 05:00:00,,627b3b7f-a1d2-4afd-a279-e891e76e5700
IT/SPO.IT0477A_6001_BETA_2022-01-01_00:00:00,6001,2026-04-13 06:00:00,2026-04-13 07:00:00,23.273151000000000000,ug.m-3,hour,3,3,2026-04-13 06:00:00,,f27ab18a-c69b-4281-9678-a2394913faa7
IT/SPO.IT0477A_6001_BETA_2022-01-01_00:00:00,6001,2026-04-13 07:00:00,2026-04-13 08:00:00,18.484322000000000000,ug.m-3,hour,3,3,2026-04-13 07:00:00,,2ff85346-3e2f-4459-8baf-0664150122c1
IT/SPO.IT0477A_6001_BETA_2022-01-01_00:00:00,6001,2026-04-13 08:00:00,2026-04-13 09:00:00,22.132298000000000000,ug.m-3,hour,3,3,2026-04-13 08:00:00,,7e9e0b39-9aa1-4331-83e9-772d73b2ebfa
IT/SPO.IT0477A_6001_BETA_2022-01-01_00:00:00,6001,2026-04-13 09:00:00,2026-04-13 10:00:00,18.987309000000000000,ug.m-3,hour,3,3,2026-04-13 09:00:00,,d2956c69-32d4-4008-887d-2b6454bcc5f6
IT/SPO.IT0477A_6001_BETA_2022-01-01_00:00:00,6001,2026-04-13 10:00:00,2026-04-13 11:00:00,13.291117000000000000,ug.m-3,hour,3,3,2026-04-13 10:00:00,,cb8dbdae-f56e-4dae-9536-e1f1b5f701aa
IT/SPO.IT0477A_6001_BETA_2022-01-01_00:00:00,6001,2026-04-13 11:00:00,2026-04-13 12:00:00,21.383148000000000000,ug.m-3,hour,3,3,2026-04-13 11:00:00,,6fde1b25-da0c-4197-af1b-6532065836d6
IT/SPO.IT0477A_6001_BETA_2022-01-01_00:00:00,6001,2026-04-13 12:00:00,2026-04-13 13:00:00,18.563036000000000000,ug.m-3,hour,3,3,2026-04-13 12:00:00,,74bd72c3-93d5-45cc-8189-d8232f20eeca
IT/SPO.IT0477A_6001_BETA_2022-01-01_00:00:00,6001,2026-04-13 13:00:00,2026-04-13 14:00:00,21.861510000000000000,ug.m-3,hour,3,3,2026-04-13 13:00:00,,dfe0c3e8-19d6-4905-98da-462c91c1da51
IT/SPO.IT0477A_6001_BETA_2022-01-01_00:00:00,6001,2026-04-13 14:00:00,2026-04-13 15:00:00,15.303057000000000000,ug.m-3,hour,3,3,2026-04-13 14:00:00,,1c8dcb00-deb9-4c63-b312-7669c3f9051c
IT/SPO.IT0477A_6001_BETA_2022-01-01_00:00:00,6001,2026-04-13 15:00:00,2026-04-13 16:00:00,17.306940000000000000,ug.m-3,hour,3,3,2026-04-13 15:00:00,,18b86ec3-5215-40a5-be99-765a4a23c45d
IT/SPO.IT0477A_6001_BETA_2022-01-01_00:00:00,6001,2026-04-13 16:00:00,2026-04-13 17:00:00,17.365576000000000000,ug.m-3,hour,3,3,2026-04-13 16:00:00,,5d20609c-cd75-4878-a03c-e2ffab833c96
IT/SPO.IT0477A_6001_BETA_2022-01-01_00:00:00,6001,2026-04-13 17:00:00,2026-04-13 18:00:00,19.905450000000000000,ug.m-3,hour,3,3,2026-04-13 17:00:00,,dfcb7ba9-c187-4bad-8da3-5c900d660341
IT/SPO.IT0477A_6001_BETA_2022-01-01_00:00:00,6001,2026-04-13 18:00:00,2026-04-13 19:00:00,13.933815000000000000,ug.m-3,hour,3,3,2026-04-14 08:00:00,,087b14f5-058b-41b5-84d2-de360c34cabe
IT/SPO.IT0477A_6001_BETA_2022-01-01_00:00:00,6001,2026-04-13 19:00:00,2026-04-13 20:00:00,9.753671000000000000,ug.m-3,hour,3,3,2026-04-13 19:00:00,,3c9c508c-b68a-43cd-9dbb-963f855bfd90
IT/SPO.IT0477A_6001_BETA_2022-01-01_00:00:00,6001,2026-04-13 20:00:00,2026-04-13 21:00:00,6.827569000000000000,ug.m-3,hour,3,3,2026-04-13 20:00:00,,97db0d4b-7e30-41ac-a145-8bc2590c0fbd
IT/SPO.IT0477A_6001_BETA_2022-01-01_00:00:00,6001,2026-04-13 21:00:00,2026-04-13 22:00:00,7.227973000000000000,ug.m-3,hour,3,3,2026-04-13 21:00:00,,377a7922-c8cd-49ba-bbc8-732a9d67e3dc
IT/SPO.IT0477A_6001_BETA_2022-01-01_00:00:00,6001,2026-04-13 22:00:00,2026-04-13 23:00:00,9.114777000000000000,ug.m-3,hour,3,3,2026-04-13 22:00:00,,c5296c20-8ead-43a1-b2bb-bd6c2ee05f68
IT/SPO.IT0477A_6001_BETA_2022-01-01_00:00:00,6001,2026-04-13 23:00:00,2026-04-14 00:00:00,11.881387000000000000,ug.m-3,hour,3,3,2026-04-13 23:00:00,,4e3c14cc-6749-459b-a207-9e982d049866
IT/SPO.IT0477A_6001_BETA_2022-01-01_00:00:00,6001,2026-04-14 00:00:00,2026-04-14 01:00:00,13.281338000000000000,ug.m-3,hour,3,3,2026-04-14 00:00:00,,dddadfdd-d6f6-4d20-a007-d285769dd773
IT/SPO.IT0477A_6001_BETA_2022-01-01_00:00:00,6001,2026-04-14 01:00:00,2026-04-14 02:00:00,9.296936000000000000,ug.m-3,hour,3,3,2026-04-14 01:00:00,,a0c0de50-35ed-4bdc-a200-3449ad433fbf
IT/SPO.IT0477A_6001_BETA_2022-01-01_00:00:00,6001,2026-04-14 02:00:00,2026-04-14 03:00:00,17.368334000000000000,ug.m-3,hour,3,3,2026-04-14 02:00:00,,ecec8e2d-cab1-441f-a69f-7eb9aa3e337b
IT/SPO.IT0477A_6001_BETA_2022-01-01_00:00:00,6001,2026-04-14 03:00:00,2026-04-14 04:00:00,12.157833000000000000,ug.m-3,hour,3,3,2026-04-14 03:00:00,,61437f93-e688-470a-84e7-591f44274061
IT/SPO.IT0477A_6001_BETA_2022-01-01_00:00:00,6001,2026-04-14 04:00:00,2026-04-14 05:00:00,13.836502000000000000,ug.m-3,hour,3,3,2026-04-14 04:00:00,,34826c89-525e-4c5e-ae28-56716222fa24
IT/SPO.IT0477A_6001_BETA_2022-01-01_00:00:00,6001,2026-04-14 05:00:00,2026-04-14 06:00:00,12.335233000000000000,ug.m-3,hour,3,3,2026-04-14 05:00:00,,127616f9-273d-4c91-b6ae-feb15a7b3e19
IT/SPO.IT0477A_6001_BETA_2022-01-01_00:00:00,6001,2026-04-14 06:00:00,2026-04-14 07:00:00,13.272905000000000000,ug.m-3,hour,3,3,2026-04-14 06:00:00,,38522cbe-d33f-4b6b-a734-42ee753a88d3
IT/SPO.IT0477A_6001_BETA_2022-01-01_00:00:00,6001,2026-04-14 07:00:00,2026-04-14 08:00:00,9.291034000000000000,ug.m-3,hour,3,3,2026-04-14 07:00:00,,53d464fc-a6be-4860-87a9-d7ee2a0065eb
IT/SPO.IT0477A_6001_BETA_2022-01-01_00:00:00,6001,2026-04-14 08:00:00,2026-04-14 09:00:00,17.289750000000000000,ug.m-3,hour,3,3,2026-04-14 08:00:00,,087b14f5-058b-41b5-84d2-de360c34cabe
IT/SPO.IT0477A_6001_BETA_2022-01-01_00:00:00,6001,2026-04-14 09:00:00,2026-04-14 10:00:00,12.102823000000000000,ug.m-3,hour,3,3,2026-04-14 09:00:00,,2eef5ec8-d142-4bb1-9511-94a71f23b776
IT/SPO.IT0477A_6001_BETA_2022-01-01_00:00:00,6001,2026-04-14 10:00:00,2026-04-14 11:00:00,8.471977000000000000,ug.m-3,hour,3,3,2026-04-14 10:00:00,,3af7738c-5481-4be1-880d-1a5aa8ec9676
IT/SPO.IT0477A_6001_BETA_2022-01-01_00:00:00,6001,2026-04-14 11:00:00,2026-04-14 12:00:00,14.028232000000000000,ug.m-3,hour,3,3,2026-04-14 11:00:00,,96723560-b7f0-4a81-9ef4-09d7a8601c96
IT/SPO.IT0477A_6001_BETA_2022-01-01_00:00:00,6001,2026-04-14 12:00:00,2026-04-14 13:00:00,13.946412000000000000,ug.m-3,hour,3,3,2026-04-14 12:00:00,,989c829b-0662-4cfa-805f-fc9a0e906d6b
IT/SPO.IT0477A_6001_BETA_2022-01-01_00:00:00,6001,2026-04-14 13:00:00,2026-04-14 14:00:00,11.156011000000000000,ug.m-3,hour,3,3,2026-04-14 13:00:00,,fccef9f9-d8df-4313-8fa5-7ffbcaa3c9b7
IT/SPO.IT0477A_6001_BETA_2022-01-01_00:00:00,6001,2026-04-14 14:00:00,2026-04-14 15:00:00,7.809206000000000000,ug.m-3,hour,3,3,2026-04-14 14:00:00,,bd31e3e8-294f-4d0c-8a2b-c74b00f17fcc
IT/SPO.IT0477A_6001_BETA_2022-01-01_00:00:00,6001,2026-04-14 15:00:00,2026-04-14 16:00:00,14.669760000000000000,ug.m-3,hour,3,3,2026-04-14 15:00:00,,378f028d-4820-4ffe-82b7-264e0f905a6e
IT/SPO.IT0477A_6001_BETA_2022-01-01_00:00:00,6001,2026-04-14 16:00:00,2026-04-14 17:00:00,14.953959000000000000,ug.m-3,hour,3,3,2026-04-14 16:00:00,,70638913-5115-4329-861b-1f3e04cb90d0
IT/SPO.IT0477A_6001_BETA_2022-01-01_00:00:00,6001,2026-04-14 17:00:00,2026-04-14 18:00:00,10.467771000000000000,ug.m-3,hour,3,3,2026-04-14 17:00:00,,9b6cfc0d-0565-4810-8dd9-ed1e5125fc4d
IT/SPO.IT0477A_6001_BETA_2022-01-01_00:00:00,6001,2026-04-14 18:00:00,2026-04-14 19:00:00,7.327439000000000000,ug.m-3,hour,3,3,2026-04-14 18:00:00,,569d530c-8ade-4231-a04b-95c2b133d388
IT/SPO.IT0477A_6001_BETA_2022-01-01_00:00:00,6001,2026-04-14 19:00:00,2026-04-14 20:00:00,7.328027000000000000,ug.m-3,hour,3,3,2026-04-14 19:00:00,,066ac21c-c931-48ba-8aaa-24f5c685d519
IT/SPO.IT0477A_6001_BETA_2022-01-01_00:00:00,6001,2026-04-14 20:00:00,2026-04-14 21:00:00,7.961997000000000000,ug.m-3,hour,3,3,2026-04-14 20:00:00,,65dbada5-7025-42cc-b618-c86249b30a3f
IT/SPO.IT0477A_6001_BETA_2022-01-01_00:00:00,6001,2026-04-14 21:00:00,2026-04-14 22:00:00,13.267848000000000000,ug.m-3,hour,3,3,2026-04-14 21:00:00,,4c6e641a-9310-4acd-affc-fade64ecbc14
IT/SPO.IT0477A_6001_BETA_2022-01-01_00:00:00,6001,2026-04-14 22:00:00,2026-04-14 23:00:00,9.287493000000000000,ug.m-3,hour,3,3,2026-04-14 22:00:00,,35b4d671-1d9f-4f14-b506-93eb3da36313
IT/SPO.IT0477A_6001_BETA_2022-01-01_00:00:00,6001,2026-04-14 23:00:00,2026-04-15 00:00:00,11.732502000000000000,ug.m-3,hour,3,3,2026-04-14 23:00:00,,dbe42a59-a824-4b62-a78d-9e8380118cca
IT/SPO.IT0477A_6001_BETA_2022-01-01_00:00:00,6001,2026-04-15 00:00:00,2026-04-15 01:00:00,10.913641000000000000,ug.m-3,hour,3,3,2026-04-15 00:00:00,,8ba66859-608a-4aa5-adb1-05002086a2cc
IT/SPO.IT0477A_6001_BETA_2022-01-01_00:00:00,6001,2026-04-15 01:00:00,2026-04-15 02:00:00,13.415608000000000000,ug.m-3,hour,3,3,2026-04-15 01:00:00,,54f53e40-2eeb-44f8-8889-b6bcbe3008c5
IT/SPO.IT0477A_6001_BETA_2022-01-01_00:00:00,6001,2026-04-15 02:00:00,2026-04-15 03:00:00,17.141315000000000000,ug.m-3,hour,3,3,2026-04-15 02:00:00,,74f0085d-d29c-42f1-8d0b-cc2f948799b9
IT/SPO.IT0477A_6001_BETA_2022-01-01_00:00:00,6001,2026-04-15 03:00:00,2026-04-15 04:00:00,16.649006000000000000,ug.m-3,hour,3,3,2026-04-15 03:00:00,,4218784b-8940-4913-95fc-0f6e73c9abbe
IT/SPO.IT0477A_6001_BETA_2022-01-01_00:00:00,6001,2026-04-15 04:00:00,2026-04-15 05:00:00,18.837656000000000000,ug.m-3,hour,3,3,2026-04-15 04:00:00,,da6a873b-c447-4b1c-8c89-981a329afa18
IT/SPO.IT0477A_6001_BETA_2022-01-01_00:00:00,6001,2026-04-15 05:00:00,2026-04-15 06:00:00,18.292511000000000000,ug.m-3,hour,3,3,2026-04-15 05:00:00,,af6b92f3-6485-4c17-9765-37a7f384a0af
IT/SPO.IT0477A_6001_BETA_2022-01-01_00:00:00,6001,2026-04-15 06:00:00,2026-04-15 07:00:00,19.970356000000000000,ug.m-3,hour,3,3,2026-04-15 06:00:00,,dd8d9901-bc8e-410d-b1e5-9eb9083f86c0
IT/SPO.IT0477A_6001_BETA_2022-01-01_00:00:00,6001,2026-04-15 07:00:00,2026-04-15 08:00:00,20.550650000000000000,ug.m-3,hour,3,3,2026-04-15 07:00:00,,254afa3c-1813-4b7a-ba69-4e44f4d32c6f
IT/SPO.IT0477A_6001_BETA_2022-01-01_00:00:00,6001,2026-04-15 08:00:00,2026-04-15 09:00:00,22.914953000000000000,ug.m-3,hour,3,3,2026-04-15 08:00:00,,71d13634-e745-4992-bd1a-047f0fb25256
IT/SPO.IT0477A_6001_BETA_2022-01-01_00:00:00,6001,2026-04-15 09:00:00,2026-04-15 10:00:00,17.963928000000000000,ug.m-3,hour,3,3,2026-04-15 09:00:00,,136a0873-770e-4689-a02a-3937ab65be20
IT/SPO.IT0477A_6001_BETA_2022-01-01_00:00:00,6001,2026-04-15 10:00:00,2026-04-15 11:00:00,20.239687000000000000,ug.m-3,hour,3,3,2026-04-15 10:00:00,,f9d5ada2-2601-4831-a5a5-d73067558adb
IT/SPO.IT0477A_6001_BETA_2022-01-01_00:00:00,6001,2026-04-15 11:00:00,2026-04-15 12:00:00,15.435730000000000000,ug.m-3,hour,3,3,2026-04-15 11:00:00,,8482b2aa-0bac-4511-b75f-5b9e4eb83d72
IT/SPO.IT0477A_6001_BETA_2022-01-01_00:00:00,6001,2026-04-15 12:00:00,2026-04-15 13:00:00,12.180099000000000000,ug.m-3,hour,3,3,2026-04-15 12:00:00,,11608564-dbb4-48de-98ed-0350760f916e
IT/SPO.IT0477A_6001_BETA_2022-01-01_00:00:00,6001,2026-04-15 13:00:00,2026-04-15 14:00:00,15.862415000000000000,ug.m-3,hour,3,3,2026-04-15 13:00:00,,10cca3a2-9462-4571-b30c-8424adb8e390
IT/SPO.IT0477A_6001_BETA_2022-01-01_00:00:00,6001,2026-04-15 14:00:00,2026-04-15 15:00:00,11.103690000000000000,ug.m-3,hour,3,3,2026-04-15 14:00:00,,6d20ff7b-e6a0-4fad-9e5f-cbc30e92ef85
IT/SPO.IT0477A_6001_BETA_2022-01-01_00:00:00,6001,2026-04-15 15:00:00,2026-04-15 16:00:00,10.188955000000000000,ug.m-3,hour,3,3,2026-04-15 15:00:00,,6cb9be9c-73d0-4432-9ca4-3b1710cad0af
IT/SPO.IT0477A_6001_BETA_2022-01-01_00:00:00,6001,2026-04-15 16:00:00,2026-04-15 17:00:00,10.733507000000000000,ug.m-3,hour,3,3,2026-04-15 16:00:00,,b173a361-6b5f-4ac3-a049-69ab30c0c41a
IT/SPO.IT0477A_6001_BETA_2022-01-01_00:00:00,6001,2026-04-15 17:00:00,2026-04-15 18:00:00,8.586805000000000000,ug.m-3,hour,3,3,2026-04-15 17:00:00,,17dcd2eb-8ce3-45b7-8228-ce75cd5d4efd
IT/SPO.IT0477A_6001_BETA_2022-01-01_00:00:00,6001,2026-04-15 18:00:00,2026-04-15 19:00:00,16.390417000000000000,ug.m-3,hour,3,3,2026-04-15 18:00:00,,4f7a6b59-5329-4379-b34b-456a3c5d9395
IT/SPO.IT0477A_6001_BETA_2022-01-01_00:00:00,6001,2026-04-15 19:00:00,2026-04-15 20:00:00,16.384130000000000000,ug.m-3,hour,3,3,2026-04-15 19:00:00,,62a1e38b-3ffe-4f52-84cb-9f2a808d7800
IT/SPO.IT0477A_6001_BETA_2022-01-01_00:00:00,6001,2026-04-15 20:00:00,2026-04-15 21:00:00,13.921471000000000000,ug.m-3,hour,3,3,2026-04-15 20:00:00,,32e6e850-da26-4023-a8f4-5dea8c43f809
IT/SPO.IT0477A_6001_BETA_2022-01-01_00:00:00,6001,2026-04-15 21:00:00,2026-04-15 22:00:00,17.502983000000000000,ug.m-3,hour,3,3,2026-04-15 21:00:00,,f12a0c9e-a844-48e8-83e3-4beb0a2a23ab
IT/SPO.IT0477A_6001_BETA_2022-01-01_00:00:00,6001,2026-04-15 22:00:00,2026-04-15 23:00:00,17.861780000000000000,ug.m-3,hour,3,3,2026-04-15 22:00:00,,3e00d3d7-5843-4173-8c46-cb7ba333609d
IT/SPO.IT0477A_6001_BETA_2022-01-01_00:00:00,6001,2026-04-15 23:00:00,2026-04-16 00:00:00,27.977137000000000000,ug.m-3,hour,3,3,2026-04-15 23:00:00,,693dcbba-b00f-4af6-92fa-98dcf3cb4399
IT/SPO.IT0477A_6001_BETA_2022-01-01_00:00:00,6001,2026-04-16 00:00:00,2026-04-16 01:00:00,40.648975000000000000,ug.m-3,hour,3,3,2026-04-16 00:00:00,,d1d7f6aa-70ea-4259-9d63-da3df1a6127f
IT/SPO.IT0477A_6001_BETA_2022-01-01_00:00:00,6001,2026-04-16 01:00:00,2026-04-16 02:00:00,37.553280000000000000,ug.m-3,hour,3,3,2026-04-16 02:00:00,,dc87a8e5-cb01-44fb-85c1-fca552f9de81
IT/SPO.IT0477A_6001_BETA_2022-01-01_00:00:00,6001,2026-04-16 02:00:00,2026-04-16 03:00:00,43.752964000000000000,ug.m-3,hour,3,3,2026-04-16 02:00:00,,dc87a8e5-cb01-44fb-85c1-fca552f9de81
IT/SPO.IT0477A_6001_BETA_2022-01-01_00:00:00,6001,2026-04-16 03:00:00,2026-04-16 04:00:00,32.983433000000000000,ug.m-3,hour,3,3,2026-04-16 03:00:00,,cad2819f-f8c9-40ea-9ff9-daada9c05a1a
IT/SPO.IT0477A_6001_BETA_2022-01-01_00:00:00,6001,2026-04-16 04:00:00,2026-04-16 05:00:00,33.101414000000000000,ug.m-3,hour,3,3,2026-04-16 04:00:00,,6792002b-f8ba-4b1a-acdb-eebf27c9b4a6
IT/SPO.IT0477A_6001_BETA_2022-01-01_00:00:00,6001,2026-04-16 05:00:00,2026-04-16 06:00:00,24.767061000000000000,ug.m-3,hour,3,3,2026-04-16 05:00:00,,534b97be-40de-4203-a397-73c063ef0280
IT/SPO.IT0477A_6001_BETA_2022-01-01_00:00:00,6001,2026-04-16 06:00:00,2026-04-16 07:00:00,29.549719000000000000,ug.m-3,hour,3,3,2026-04-16 06:00:00,,acf793b3-88f9-4462-8495-18ed298de387
IT/SPO.IT0477A_6001_BETA_2022-01-01_00:00:00,6001,2026-04-16 07:00:00,2026-04-16 08:00:00,21.167757000000000000,ug.m-3,hour,3,3,2026-04-16 07:00:00,,1c1c6144-4225-414f-a1a2-60a61cfd391f
IT/SPO.IT0477A_6001_BETA_2022-01-01_00:00:00,6001,2026-04-16 08:00:00,2026-04-16 09:00:00,24.201397000000000000,ug.m-3,hour,3,3,2026-04-16 08:00:00,,be1fca1c-df3c-4dd3-9c0a-e21d0e46f4f9
IT/SPO.IT0477A_6001_BETA_2022-01-01_00:00:00,6001,2026-04-16 09:00:00,2026-04-16 10:00:00,31.450720000000000000,ug.m-3,hour,3,3,2026-04-16 09:00:00,,60a5970e-2ac1-4e33-9dc8-1785417cbf6d
IT/SPO.IT0477A_6001_BETA_2022-01-01_00:00:00,6001,2026-04-16 10:00:00,2026-04-16 11:00:00,33.957080000000000000,ug.m-3,hour,3,3,2026-04-16 10:00:00,,74285500-bfc8-43ef-bdf7-dc7badc471c5
IT/SPO.IT0477A_6001_BETA_2022-01-01_00:00:00,6001,2026-04-16 11:00:00,2026-04-16 12:00:00,34.606773000000000000,ug.m-3,hour,3,3,2026-04-16 11:00:00,,53726b68-109d-4355-be01-1127691ac560
IT/SPO.IT0477A_6001_BETA_2022-01-01_00:00:00,6001,2026-04-16 12:00:00,2026-04-16 13:00:00,24.224741000000000000,ug.m-3,hour,3,3,2026-04-16 12:00:00,,49c6c6f6-f165-4a72-a354-a68d288d4eb5
IT/SPO.IT0477A_6001_BETA_2022-01-01_00:00:00,6001,2026-04-16 13:00:00,2026-04-16 14:00:00,27.166855000000000000,ug.m-3,hour,3,3,2026-04-16 13:00:00,,e31777de-014b-4fd3-a0ec-f237ba730306
IT/SPO.IT0477A_6001_BETA_2022-01-01_00:00:00,6001,2026-04-16 14:00:00,2026-04-16 15:00:00,25.264340000000000000,ug.m-3,hour,3,3,2026-04-16 14:00:00,,c3a809fa-686f-4de5-bb3f-7b0c76e2a56f
IT/SPO.IT0477A_6001_BETA_2022-01-01_00:00:00,6001,2026-04-16 15:00:00,2026-04-16 16:00:00,18.616543000000000000,ug.m-3,hour,3,3,2026-04-16 15:00:00,,49d69693-018d-439b-ae0b-827891233051
IT/SPO.IT0477A_6001_BETA_2022-01-01_00:00:00,6001,2026-04-16 16:00:00,2026-04-16 17:00:00,15.860394000000000000,ug.m-3,hour,3,3,2026-04-16 16:00:00,,17831c5d-0946-4f80-b27e-1347ddb6a2da
IT/SPO.IT0477A_6001_BETA_2022-01-01_00:00:00,6001,2026-04-16 17:00:00,2026-04-16 18:00:00,11.102275000000000000,ug.m-3,hour,3,3,2026-04-16 17:00:00,,66fac225-5ed9-444a-91e7-51bb9e641626
IT/SPO.IT0477A_6001_BETA_2022-01-01_00:00:00,6001,2026-04-16 18:00:00,2026-04-16 19:00:00,14.174674000000000000,ug.m-3,hour,3,3,2026-04-16 18:00:00,,b873f979-77a1-4e14-9c44-9cb036179457
IT/SPO.IT0477A_6001_BETA_2022-01-01_00:00:00,6001,2026-04-16 19:00:00,2026-04-16 20:00:00,9.922272000000000000,ug.m-3,hour,3,3,2026-04-16 19:00:00,,2ba00fbc-8134-4ccd-8def-24db85bcd126
IT/SPO.IT0477A_6001_BETA_2022-01-01_00:00:00,6001,2026-04-16 20:00:00,2026-04-16 21:00:00,20.090345000000000000,ug.m-3,hour,3,3,2026-04-16 20:00:00,,a1c2e0ea-c884-40f1-ad9a-82064cbd6cc5
IT/SPO.IT0477A_6001_BETA_2022-01-01_00:00:00,6001,2026-04-16 21:00:00,2026-04-16 22:00:00,14.063242000000000000,ug.m-3,hour,3,3,2026-04-16 21:00:00,,cc13a6e7-ec86-43bf-af85-8d2ce4c49b9b
IT/SPO.IT0477A_6001_BETA_2022-01-01_00:00:00,6001,2026-04-16 22:00:00,2026-04-16 23:00:00,9.844269000000000000,ug.m-3,hour,3,3,2026-04-16 22:00:00,,ee93e315-e98d-4275-a519-91a0c9fd4a20
IT/SPO.IT0477A_6001_BETA_2022-01-01_00:00:00,6001,2026-04-16 23:00:00,2026-04-17 00:00:00,17.131428000000000000,ug.m-3,hour,3,3,2026-04-16 23:00:00,,1ff7be36-82aa-48bc-9f50-aa93b14df383
IT/SPO.IT0477A_6001_BETA_2022-01-01_00:00:00,6001,2026-04-17 00:00:00,2026-04-17 01:00:00,20.813791000000000000,ug.m-3,hour,3,3,2026-04-17 00:00:00,,f540be1a-968b-4b8d-af59-124676bab00f
IT/SPO.IT0477A_6001_BETA_2022-01-01_00:00:00,6001,2026-04-17 01:00:00,2026-04-17 02:00:00,20.909490000000000000,ug.m-3,hour,3,3,2026-04-17 01:00:00,,8f7ccee8-fc88-40d9-94b3-99baba04d2ef
IT/SPO.IT0477A_6001_BETA_2022-01-01_00:00:00,6001,2026-04-17 02:00:00,2026-04-17 03:00:00,17.646620000000000000,ug.m-3,hour,3,3,2026-04-17 02:00:00,,4ae95935-06e3-476a-a35f-e7f0433a9336
IT/SPO.IT0477A_6001_BETA_2022-01-01_00:00:00,6001,2026-04-17 03:00:00,2026-04-17 04:00:00,29.643738000000000000,ug.m-3,hour,3,3,2026-04-17 03:00:00,,f9c4a348-77a9-4daf-a325-b752840dc400
IT/SPO.IT0477A_6001_BETA_2022-01-01_00:00:00,6001,2026-04-17 04:00:00,2026-04-17 05:00:00,35.767212000000000000,ug.m-3,hour,3,3,2026-04-17 04:00:00,,fdef0efd-1d26-4000-ba96-ac3bfb8bf0e2
IT/SPO.IT0477A_6001_BETA_2022-01-01_00:00:00,6001,2026-04-17 05:00:00,2026-04-17 06:00:00,31.612116000000000000,ug.m-3,hour,3,3,2026-04-17 05:00:00,,631a4465-3307-4f03-80ed-f7cf5c569d91
IT/SPO.IT0477A_6001_BETA_2022-01-01_00:00:00,6001,2026-04-17 06:00:00,2026-04-17 07:00:00,36.466290000000000000,ug.m-3,hour,3,3,2026-04-17 06:00:00,,a2d991da-4349-4f55-b573-6696afd217cb
IT/SPO.IT0477A_6001_BETA_2022-01-01_00:00:00,6001,2026-04-17 07:00:00,2026-04-17 08:00:00,31.386549000000000000,ug.m-3,hour,3,3,2026-04-17 07:00:00,,4781d777-b666-4923-b8a2-a835bbfb8921
IT/SPO.IT0477A_6001_BETA_2022-01-01_00:00:00,6001,2026-04-17 08:00:00,2026-04-17 09:00:00,29.996191000000000000,ug.m-3,hour,3,3,2026-04-17 08:00:00,,eaec1466-0252-40f1-b592-92ca3621df8c
IT/SPO.IT0477A_6001_BETA_2022-01-01_00:00:00,6001,2026-04-17 09:00:00,2026-04-17 10:00:00,24.850101000000000000,ug.m-3,hour,3,3,2026-04-17 09:00:00,,af72209f-a9b4-4379-8eb1-c9fe07dd0442
IT/SPO.IT0477A_6001_BETA_2022-01-01_00:00:00,6001,2026-04-17 10:00:00,2026-04-17 11:00:00,19.642471000000000000,ug.m-3,hour,3,3,2026-04-17 10:00:00,,62eee1de-1f88-42f8-ab49-64f24d1cdfb7
IT/SPO.IT0477A_6001_BETA_2022-01-01_00:00:00,6001,2026-04-17 11:00:00,2026-04-17 12:00:00,25.114777000000000000,ug.m-3,hour,3,3,2026-04-17 11:00:00,,163113e7-e165-48e5-9475-1233c530bd0f
IT/SPO.IT0477A_6001_BETA_2022-01-01_00:00:00,6001,2026-04-17 12:00:00,2026-04-17 13:00:00,17.580343000000000000,ug.m-3,hour,3,3,2026-04-17 12:00:00,,6c93c11a-3fd9-4300-aa83-ac07f48f4aaf
IT/SPO.IT0477A_6001_BETA_2022-01-01_00:00:00,6001,2026-04-17 13:00:00,2026-04-17 14:00:00,16.474620000000000000,ug.m-3,hour,3,3,2026-04-17 13:00:00,,62273689-6767-452f-bcb1-2696f28f01d7
IT/SPO.IT0477A_6001_BETA_2022-01-01_00:00:00,6001,2026-04-17 14:00:00,2026-04-17 15:00:00,15.202058000000000000,ug.m-3,hour,3,3,2026-04-17 14:00:00,,11f69b14-bbfd-45d9-9893-c72fbc2f04df
IT/SPO.IT0477A_6001_BETA_2022-01-01_00:00:00,6001,2026-04-17 15:00:00,2026-04-17 16:00:00,13.042409000000000000,ug.m-3,hour,3,3,2026-04-17 15:00:00,,6ebdf2fa-5048-4415-9e74-ce50c9b50888
IT/SPO.IT0477A_6001_BETA_2022-01-01_00:00:00,6001,2026-04-17 16:00:00,2026-04-17 17:00:00,9.129686000000000000,ug.m-3,hour,3,3,2026-04-17 16:00:00,,d9663e4e-b448-4ddd-a629-dbaa714f5d07
IT/SPO.IT0477A_6001_BETA_2022-01-01_00:00:00,6001,2026-04-17 17:00:00,2026-04-17 18:00:00,6.390780000000000000,ug.m-3,hour,3,3,2026-04-17 17:00:00,,a65b82a1-e12e-42a8-bf68-793e2f46f7d1
IT/SPO.IT0477A_6001_BETA_2022-01-01_00:00:00,6001,2026-04-17 18:00:00,2026-04-17 19:00:00,5.112624000000000000,ug.m-3,hour,3,3,2026-04-17 18:00:00,,a7dc1ea3-434a-4b05-926d-19ab4a3f1e97
IT/SPO.IT0477A_6001_BETA_2022-01-01_00:00:00,6001,2026-04-17 19:00:00,2026-04-17 20:00:00,4.090099000000000000,ug.m-3,hour,3,3,2026-04-17 19:00:00,,102afb6b-4f57-46a5-9f27-336da36bae0b
IT/SPO.IT0477A_6001_BETA_2022-01-01_00:00:00,6001,2026-04-17 20:00:00,2026-04-17 21:00:00,3.864954000000000000,ug.m-3,hour,3,3,2026-04-17 20:00:00,,b77264df-2fd0-4ecd-b81c-c2e22576c2ae
IT/SPO.IT0477A_6001_BETA_2022-01-01_00:00:00,6001,2026-04-17 21:00:00,2026-04-17 22:00:00,8.556773000000000000,ug.m-3,hour,3,3,2026-04-17 21:00:00,,66d1df90-0278-4147-9cde-80e147f15488
IT/SPO.IT0477A_6001_BETA_2022-01-01_00:00:00,6001,2026-04-17 22:00:00,2026-04-17 23:00:00,6.845418000000000000,ug.m-3,hour,3,3,2026-04-17 22:00:00,,6e8a5aa6-777b-4192-a56a-554c21936c96
IT/SPO.IT0477A_6001_BETA_2022-01-01_00:00:00,6001,2026-04-17 23:00:00,2026-04-18 00:00:00,9.006629000000000000,ug.m-3,hour,3,3,2026-04-17 23:00:00,,02ec7bc8-88ad-46f9-acec-a6ba5246ce59
IT/SPO.IT0477A_6001_BETA_2022-01-01_00:00:00,6001,2026-04-18 00:00:00,2026-04-18 01:00:00,21.478762000000000000,ug.m-3,hour,3,3,2026-04-18 00:00:00,,91bb2038-78f8-4b46-9b09-10e023f9f78b
IT/SPO.IT0477A_6001_BETA_2022-01-01_00:00:00,6001,2026-04-18 01:00:00,2026-04-18 02:00:00,21.590845000000000000,ug.m-3,hour,3,3,2026-04-18 01:00:00,,7dd21763-0f86-4946-b219-2f076f56c78e
IT/SPO.IT0477A_6001_BETA_2022-01-01_00:00:00,6001,2026-04-18 02:00:00,2026-04-18 03:00:00,15.113591000000000000,ug.m-3,hour,3,3,2026-04-18 02:00:00,,935891fb-a52a-45d2-81f3-e20202287ce7
IT/SPO.IT0477A_6001_BETA_2022-01-01_00:00:00,6001,2026-04-18 03:00:00,2026-04-18 04:00:00,27.584185000000000000,ug.m-3,hour,3,3,2026-04-18 03:00:00,,2fea82b0-4c18-4077-a168-6f5b716942b4
IT/SPO.IT0477A_6001_BETA_2022-01-01_00:00:00,6001,2026-04-18 04:00:00,2026-04-18 05:00:00,29.703705000000000000,ug.m-3,hour,3,3,2026-04-18 04:00:00,,8feb2292-f385-4d9b-8ff8-27291a90c967
IT/SPO.IT0477A_6001_BETA_2022-01-01_00:00:00,6001,2026-04-18 05:00:00,2026-04-18 06:00:00,29.847582000000000000,ug.m-3,hour,3,3,2026-04-18 05:00:00,,ec0b5b8b-6db9-4e3e-849a-679229585e57
IT/SPO.IT0477A_6001_BETA_2022-01-01_00:00:00,6001,2026-04-18 06:00:00,2026-04-18 07:00:00,25.825487000000000000,ug.m-3,hour,3,3,2026-04-18 06:00:00,,558a17d0-d149-418a-a974-e332e6dbfaea
IT/SPO.IT0477A_6001_BETA_2022-01-01_00:00:00,6001,2026-04-18 07:00:00,2026-04-18 08:00:00,18.077840000000000000,ug.m-3,hour,3,3,2026-04-18 07:00:00,,811cd542-4358-4b14-851d-0db05b9710a0
IT/SPO.IT0477A_6001_BETA_2022-01-01_00:00:00,6001,2026-04-18 08:00:00,2026-04-18 09:00:00,19.957663000000000000,ug.m-3,hour,3,3,2026-04-18 08:00:00,,a7d1af13-4ae4-43e8-89fd-bf6726ecaf66
IT/SPO.IT0477A_6001_BETA_2022-01-01_00:00:00,6001,2026-04-18 09:00:00,2026-04-18 10:00:00,17.919788000000000000,ug.m-3,hour,3,3,2026-04-18 09:00:00,,e875c1c8-7683-40a3-b308-61c382c74883
IT/SPO.IT0477A_6001_BETA_2022-01-01_00:00:00,6001,2026-04-18 10:00:00,2026-04-18 11:00:00,14.772217000000000000,ug.m-3,hour,3,3,2026-04-18 10:00:00,,3540d320-6398-40b4-80d0-352923e28719
IT/SPO.IT0477A_6001_BETA_2022-01-01_00:00:00,6001,2026-04-18 11:00:00,2026-04-18 12:00:00,22.238562000000000000,ug.m-3,hour,3,3,2026-04-18 11:00:00,,55af2375-1c7d-4ef2-a7d3-ae49a2bb2885
IT/SPO.IT0477A_6001_BETA_2022-01-01_00:00:00,6001,2026-04-18 12:00:00,2026-04-18 13:00:00,23.828900000000000000,ug.m-3,hour,3,3,2026-04-18 12:00:00,,59ddc468-1fb1-49f9-a989-7423e4a36a45
IT/SPO.IT0477A_6001_BETA_2022-01-01_00:00:00,6001,2026-04-18 13:00:00,2026-04-18 14:00:00,26.651749000000000000,ug.m-3,hour,3,3,2026-04-18 13:00:00,,26462761-6806-4a84-9254-aa69f267c68b
IT/SPO.IT0477A_6001_BETA_2022-01-01_00:00:00,6001,2026-04-18 14:00:00,2026-04-18 15:00:00,18.656223000000000000,ug.m-3,hour,3,3,2026-04-18 14:00:00,,c4898296-d47a-4e90-a220-201318808a69
IT/SPO.IT0477A_6001_BETA_2022-01-01_00:00:00,6001,2026-04-18 15:00:00,2026-04-18 16:00:00,13.059356000000000000,ug.m-3,hour,3,3,2026-04-18 15:00:00,,fef48986-5bdf-472b-aa08-f3cff7ea21d3
IT/SPO.IT0477A_6001_BETA_2022-01-01_00:00:00,6001,2026-04-18 16:00:00,2026-04-18 17:00:00,9.141549000000000000,ug.m-3,hour,3,3,2026-04-18 16:00:00,,a1acb247-6644-4a52-92e0-e8a97771d1f8
IT/SPO.IT0477A_6001_BETA_2022-01-01_00:00:00,6001,2026-04-18 17:00:00,2026-04-18 18:00:00,6.399084000000000000,ug.m-3,hour,3,3,2026-04-18 17:00:00,,d1043c1f-7a02-475e-b53c-9f9ccf3704f0
IT/SPO.IT0477A_6001_BETA_2022-01-01_00:00:00,6001,2026-04-18 18:00:00,2026-04-18 19:00:00,6.648058000000000000,ug.m-3,hour,3,3,2026-04-18 18:00:00,,6cc7413b-48f7-4032-ba16-507993ceb2d5
IT/SPO.IT0477A_6001_BETA_2022-01-01_00:00:00,6001,2026-04-18 19:00:00,2026-04-18 20:00:00,6.264514000000000000,ug.m-3,hour,3,3,2026-04-18 19:00:00,,e52551dd-65d8-4f2a-a1bf-226a41fc3214
IT/SPO.IT0477A_6001_BETA_2022-01-01_00:00:00,6001,2026-04-18 20:00:00,2026-04-18 21:00:00,5.011612000000000000,ug.m-3,hour,3,3,2026-04-18 20:00:00,,22caed07-f812-4077-956c-fcc05fe6600b
IT/SPO.IT0477A_6001_BETA_2022-01-01_00:00:00,6001,2026-04-18 21:00:00,2026-04-18 22:00:00,4.009290000000000000,ug.m-3,hour,3,3,2026-04-18 21:00:00,,b152f05f-10a4-455c-9a7b-5f3aa09ee893
IT/SPO.IT0477A_6001_BETA_2022-01-01_00:00:00,6001,2026-04-18 22:00:00,2026-04-18 23:00:00,3.207432000000000000,ug.m-3,hour,3,3,2026-04-18 22:00:00,,0773891b-9b9b-487e-ae72-f7f80b725558
IT/SPO.IT0477A_6001_BETA_2022-01-01_00:00:00,6001,2026-04-18 23:00:00,2026-04-19 00:00:00,7.842229000000000000,ug.m-3,hour,3,3,2026-04-18 23:00:00,,708ab984-5e9f-4c24-b063-25c0a84ef70a
IT/SPO.IT0477A_6001_BETA_2022-01-01_00:00:00,6001,2026-04-19 00:00:00,2026-04-19 01:00:00,10.490696000000000000,ug.m-3,hour,3,3,2026-04-19 00:00:00,,58699b57-9d63-4860-a686-357036e6148b
IT/SPO.IT0477A_6001_BETA_2022-01-01_00:00:00,6001,2026-04-19 01:00:00,2026-04-19 02:00:00,9.742160000000000000,ug.m-3,hour,3,3,2026-04-19 01:00:00,,04b50b31-91b9-4e49-872b-52bbc1d940f1
IT/SPO.IT0477A_6001_BETA_2022-01-01_00:00:00,6001,2026-04-19 02:00:00,2026-04-19 03:00:00,19.881224000000000000,ug.m-3,hour,3,3,2026-04-19 02:00:00,,5b3b6843-0df7-409a-be2f-300c2d6c9119
IT/SPO.IT0477A_6001_BETA_2022-01-01_00:00:00,6001,2026-04-19 03:00:00,2026-04-19 04:00:00,13.916857000000000000,ug.m-3,hour,3,3,2026-04-19 03:00:00,,3597ea2a-2d0f-4c81-a79b-8a3e5892522d
IT/SPO.IT0477A_6001_BETA_2022-01-01_00:00:00,6001,2026-04-19 04:00:00,2026-04-19 05:00:00,14.870279000000000000,ug.m-3,hour,3,3,2026-04-19 04:00:00,,0900f2b9-2c69-4260-949b-0850fc347688
IT/SPO.IT0477A_6001_BETA_2022-01-01_00:00:00,6001,2026-04-19 05:00:00,2026-04-19 06:00:00,16.726381000000000000,ug.m-3,hour,3,3,2026-04-19 05:00:00,,53b9fc96-59e6-4619-87e4-b65ed04c9630
IT/SPO.IT0477A_6001_BETA_2022-01-01_00:00:00,6001,2026-04-19 06:00:00,2026-04-19 07:00:00,15.290378000000000000,ug.m-3,hour,3,3,2026-04-19 06:00:00,,2a165d62-3710-4290-9d27-00a51ba1897c
IT/SPO.IT0477A_6001_BETA_2022-01-01_00:00:00,6001,2026-04-19 07:00:00,2026-04-19 08:00:00,26.819262000000000000,ug.m-3,hour,3,3,2026-04-19 07:00:00,,c9e0746e-8f95-4e80-9aef-cad43b5d2adf
IT/SPO.IT0477A_6001_BETA_2022-01-01_00:00:00,6001,2026-04-19 08:00:00,2026-04-19 09:00:00,19.246292000000000000,ug.m-3,hour,3,3,2026-04-19 08:00:00,,bf84ab8f-743c-4213-b9f3-1fddf9507bc4
IT/SPO.IT0477A_6001_BETA_2022-01-01_00:00:00,6001,2026-04-19 09:00:00,2026-04-19 10:00:00,13.472404000000000000,ug.m-3,hour,3,3,2026-04-19 09:00:00,,fca3611f-e931-49a2-a767-b9a11c7e954b
IT/SPO.IT0477A_6001_BETA_2022-01-01_00:00:00,6001,2026-04-19 10:00:00,2026-04-19 11:00:00,9.430683000000000000,ug.m-3,hour,3,3,2026-04-19 10:00:00,,e3489182-9e0a-401e-9bde-884d29e8c056
IT/SPO.IT0477A_6001_BETA_2022-01-01_00:00:00,6001,2026-04-19 11:00:00,2026-04-19 12:00:00,12.557761000000000000,ug.m-3,hour,3,3,2026-04-19 11:00:00,,0f8d2d4a-bd10-439c-a5bc-75b1f9efdf78
IT/SPO.IT0477A_6001_BETA_2022-01-01_00:00:00,6001,2026-04-19 12:00:00,2026-04-19 13:00:00,8.790433000000000000,ug.m-3,hour,3,3,2026-04-19 12:00:00,,1f71f99e-5353-4146-ad4d-8bcf0b2f85fc
IT/SPO.IT0477A_6001_BETA_2022-01-01_00:00:00,6001,2026-04-19 13:00:00,2026-04-19 14:00:00,11.836440000000000000,ug.m-3,hour,3,3,2026-04-19 13:00:00,,8e5877c3-6ad4-4921-b0c2-c180a217b07c
IT/SPO.IT0477A_6001_BETA_2022-01-01_00:00:00,6001,2026-04-19 14:00:00,2026-04-19 15:00:00,8.285508000000000000,ug.m-3,hour,3,3,2026-04-19 14:00:00,,833ca3aa-006b-43d0-bd23-9ef13b5b8694
IT/SPO.IT0477A_6001_BETA_2022-01-01_00:00:00,6001,2026-04-19 15:00:00,2026-04-19 16:00:00,8.106897000000000000,ug.m-3,hour,3,3,2026-04-19 15:00:00,,796b3030-2a35-4592-9f72-7bacd73369c8
IT/SPO.IT0477A_6001_BETA_2022-01-01_00:00:00,6001,2026-04-19 16:00:00,2026-04-19 17:00:00,6.849500000000000000,ug.m-3,hour,3,3,2026-04-19 16:00:00,,c06bfc68-4580-4fbe-8af0-7a4cf5096624
IT/SPO.IT0477A_6001_BETA_2022-01-01_00:00:00,6001,2026-04-19 17:00:00,2026-04-19 18:00:00,6.490857000000000000,ug.m-3,hour,3,3,2026-04-19 17:00:00,,376fe1ef-e2bb-4df9-9dc5-bfd1a7027ded
IT/SPO.IT0477A_6001_BETA_2022-01-01_00:00:00,6001,2026-04-19 18:00:00,2026-04-19 19:00:00,5.192686000000000000,ug.m-3,hour,3,3,2026-04-19 18:00:00,,dcae2360-efec-436e-ac76-4e736ab1d31a
IT/SPO.IT0477A_6001_BETA_2022-01-01_00:00:00,6001,2026-04-19 19:00:00,2026-04-19 20:00:00,4.154149000000000000,ug.m-3,hour,3,3,2026-04-19 19:00:00,,52d24727-1938-435c-9af1-306efbc8799d
IT/SPO.IT0477A_6001_BETA_2022-01-01_00:00:00,6001,2026-04-19 20:00:00,2026-04-19 21:00:00,3.323319000000000000,ug.m-3,hour,3,3,2026-04-19 20:00:00,,800a6d3c-74cd-4bed-b8a4-1d84ba0ffa9d
IT/SPO.IT0477A_6001_BETA_2022-01-01_00:00:00,6001,2026-04-19 21:00:00,2026-04-19 22:00:00,2.658655000000000000,ug.m-3,hour,3,3,2026-04-19 21:00:00,,9ad8f2ba-2dfc-4e8f-8053-59c8e29d02c4
IT/SPO.IT0477A_6001_BETA_2022-01-01_00:00:00,6001,2026-04-19 22:00:00,2026-04-19 23:00:00,6.921554000000000000,ug.m-3,hour,3,3,2026-04-19 22:00:00,,aa325e87-3108-4d93-aa60-614ab299daea
IT/SPO.IT0477A_6001_BETA_2022-01-01_00:00:00,6001,2026-04-19 23:00:00,2026-04-20 00:00:00,8.522434000000000000,ug.m-3,hour,3,3,2026-04-19 23:00:00,,99390295-fb4d-4c63-ac5f-fa15344c8e5f
IT/SPO.IT0477A_6001_BETA_2022-01-01_00:00:00,6001,2026-04-20 00:00:00,2026-04-20 01:00:00,11.368271000000000000,ug.m-3,hour,3,3,2026-04-20 00:00:00,,e2b80691-307c-4b27-a6b9-7a25e7fd309d
IT/SPO.IT0477A_6001_BETA_2022-01-01_00:00:00,6001,2026-04-20 01:00:00,2026-04-20 02:00:00,13.010212000000000000,ug.m-3,hour,3,3,2026-04-20 01:00:00,,1ad6e4c1-58f6-4455-bc22-47ada61e548f
IT/SPO.IT0477A_6001_BETA_2022-01-01_00:00:00,6001,2026-04-20 02:00:00,2026-04-20 03:00:00,9.609768000000000000,ug.m-3,hour,3,3,2026-04-20 02:00:00,,fc665d73-18e8-43e6-a73e-1bea28272d0e
IT/SPO.IT0477A_6001_BETA_2022-01-01_00:00:00,6001,2026-04-20 03:00:00,2026-04-20 04:00:00,8.487269000000000000,ug.m-3,hour,3,3,2026-04-20 03:00:00,,084a4459-d77c-4bad-befa-38386f22079f
IT/SPO.IT0477A_6001_BETA_2022-01-01_00:00:00,6001,2026-04-20 04:00:00,2026-04-20 05:00:00,18.670662000000000000,ug.m-3,hour,3,3,2026-04-20 04:00:00,,2ae359e9-e6f6-4d6c-8dce-755139faa6f8
IT/SPO.IT0477A_6001_BETA_2022-01-01_00:00:00,6001,2026-04-20 05:00:00,2026-04-20 06:00:00,13.069463000000000000,ug.m-3,hour,3,3,2026-04-20 05:00:00,,00051826-e7db-451d-a93d-becd4d108a10
IT/SPO.IT0477A_6001_BETA_2022-01-01_00:00:00,6001,2026-04-20 06:00:00,2026-04-20 07:00:00,11.189578000000000000,ug.m-3,hour,3,3,2026-04-20 06:00:00,,e169d705-14e2-41ae-868d-3a5a6c66dabc
IT/SPO.IT0477A_6001_BETA_2022-01-01_00:00:00,6001,2026-04-20 07:00:00,2026-04-20 08:00:00,7.901308000000000000,ug.m-3,hour,3,3,2026-04-20 07:00:00,,d1682dc7-4416-486b-8fc5-1285528e0693
IT/SPO.IT0477A_6001_BETA_2022-01-01_00:00:00,6001,2026-04-20 08:00:00,2026-04-20 09:00:00,6.321046000000000000,ug.m-3,hour,3,3,2026-04-20 08:00:00,,c9bfcde6-8e88-4e99-b363-f166d13c06ad
IT/SPO.IT0477A_6001_BETA_2022-01-01_00:00:00,6001,2026-04-20 09:00:00,2026-04-20 10:00:00,10.429857000000000000,ug.m-3,hour,3,3,2026-04-20 09:00:00,,d32d5407-82fa-4425-893f-d5740ff3c977
IT/SPO.IT0477A_6001_BETA_2022-01-01_00:00:00,6001,2026-04-20 10:00:00,2026-04-20 11:00:00,24.290482000000000000,ug.m-3,hour,3,3,2026-04-20 10:00:00,,97d8559f-de11-4d27-b899-07c84b1456f8
IT/SPO.IT0477A_6001_BETA_2022-01-01_00:00:00,6001,2026-04-20 11:00:00,2026-04-20 12:00:00,17.003336000000000000,ug.m-3,hour,3,3,2026-04-20 11:00:00,,baa2df5c-dc47-4f4b-9e77-c4ba9d0ac97e
IT/SPO.IT0477A_6001_BETA_2022-01-01_00:00:00,6001,2026-04-20 12:00:00,2026-04-20 13:00:00,19.144758000000000000,ug.m-3,hour,3,3,2026-04-20 12:00:00,,543371f8-604f-43d5-9a0a-409f2264b882
IT/SPO.IT0477A_6001_BETA_2022-01-01_00:00:00,6001,2026-04-20 13:00:00,2026-04-20 14:00:00,18.934868000000000000,ug.m-3,hour,3,3,2026-04-20 13:00:00,,27a349c6-4d65-467a-b447-f008b388f0bf
IT/SPO.IT0477A_6001_BETA_2022-01-01_00:00:00,6001,2026-04-20 14:00:00,2026-04-20 15:00:00,23.233831000000000000,ug.m-3,hour,3,3,2026-04-20 14:00:00,,5b37d2d9-bebe-48b8-bb69-0038c58da41e
IT/SPO.IT0477A_6001_BETA_2022-01-01_00:00:00,6001,2026-04-20 15:00:00,2026-04-20 16:00:00,20.235786000000000000,ug.m-3,hour,3,3,2026-04-20 16:00:00,,3c485659-a275-4f84-842b-ec3342bfb871
IT/SPO.IT0477A_6001_BETA_2022-01-01_00:00:00,6001,2026-04-20 16:00:00,2026-04-20 17:00:00,14.165051000000000000,ug.m-3,hour,3,3,2026-04-20 16:00:00,,3c485659-a275-4f84-842b-ec3342bfb871
IT/SPO.IT0477A_6001_BETA_2022-01-01_00:00:00,6001,2026-04-20 17:00:00,2026-04-20 18:00:00,9.915535000000000000,ug.m-3,hour,3,3,2026-04-20 17:00:00,,356c47c7-c468-4b72-9779-d0a1a3f736d4
IT/SPO.IT0477A_6001_BETA_2022-01-01_00:00:00,6001,2026-04-20 18:00:00,2026-04-20 19:00:00,16.712742000000000000,ug.m-3,hour,3,3,2026-04-20 18:00:00,,a6c22758-f995-4d8b-831e-e6af07cf94cb
IT/SPO.IT0477A_6001_BETA_2022-01-01_00:00:00,6001,2026-04-20 19:00:00,2026-04-20 20:00:00,16.900206000000000000,ug.m-3,hour,3,3,2026-04-20 19:00:00,,bbde8078-9d54-4185-9ac4-e0a01a167f13
IT/SPO.IT0477A_6001_BETA_2022-01-01_00:00:00,6001,2026-04-20 20:00:00,2026-04-20 21:00:00,16.244669000000000000,ug.m-3,hour,3,3,2026-04-20 21:00:00,,182ad03d-c808-478a-b466-c143f9bef485
IT/SPO.IT0477A_6001_BETA_2022-01-01_00:00:00,6001,2026-04-20 21:00:00,2026-04-20 22:00:00,11.371268000000000000,ug.m-3,hour,3,3,2026-04-20 21:00:00,,182ad03d-c808-478a-b466-c143f9bef485
IT/SPO.IT0477A_6001_BETA_2022-01-01_00:00:00,6001,2026-04-20 22:00:00,2026-04-20 23:00:00,7.959888000000000000,ug.m-3,hour,3,3,2026-04-20 22:00:00,,ab92eaf6-8149-4521-855c-75cfdbfd341f
IT/SPO.IT0477A_6001_BETA_2022-01-01_00:00:00,6001,2026-04-20 23:00:00,2026-04-21 00:00:00,5.571921000000000000,ug.m-3,hour,3,3,2026-04-20 23:00:00,,07fc7873-d77b-48f3-912e-be4c9607b4b6
IT/SPO.IT0477A_6001_BETA_2022-01-01_00:00:00,6001,2026-04-21 00:00:00,2026-04-21 01:00:00,9.471235000000000000,ug.m-3,hour,3,3,2026-04-21 00:00:00,,3d379b7c-ae8e-4701-b7c5-71974b3cc361
IT/SPO.IT0477A_6001_BETA_2022-01-01_00:00:00,6001,2026-04-21 01:00:00,2026-04-21 02:00:00,7.650599000000000000,ug.m-3,hour,3,3,2026-04-21 01:00:00,,eb2b2b28-db21-4199-81c4-d987cddeea1b
IT/SPO.IT0477A_6001_BETA_2022-01-01_00:00:00,6001,2026-04-21 02:00:00,2026-04-21 03:00:00,6.177633000000000000,ug.m-3,hour,3,3,2026-04-21 02:00:00,,fa1740a9-3a37-479c-ad88-74458e47af79
IT/SPO.IT0477A_6001_BETA_2022-01-01_00:00:00,6001,2026-04-21 03:00:00,2026-04-21 04:00:00,5.912872000000000000,ug.m-3,hour,3,3,2026-04-21 03:00:00,,e87074d0-9dd0-4623-84ec-744aaf555245
IT/SPO.IT0477A_6001_BETA_2022-01-01_00:00:00,6001,2026-04-21 04:00:00,2026-04-21 05:00:00,8.888219000000000000,ug.m-3,hour,3,3,2026-04-21 04:00:00,,815784f7-3762-43ae-87d7-86f79d3f401e
IT/SPO.IT0477A_6001_BETA_2022-01-01_00:00:00,6001,2026-04-21 05:00:00,2026-04-21 06:00:00,11.998338000000000000,ug.m-3,hour,3,3,2026-04-21 05:00:00,,a499dda4-6b0c-46f2-86cc-0a0f8e821f4f
IT/SPO.IT0477A_6001_BETA_2022-01-01_00:00:00,6001,2026-04-21 06:00:00,2026-04-21 07:00:00,10.385872000000000000,ug.m-3,hour,3,3,2026-04-21 06:00:00,,3dc55c81-902d-45e4-b2fb-077bd90f1239
IT/SPO.IT0477A_6001_BETA_2022-01-01_00:00:00,6001,2026-04-21 07:00:00,2026-04-21 08:00:00,13.543154000000000000,ug.m-3,hour,3,3,2026-04-21 07:00:00,,64c6f7d5-3f54-4e4f-b796-89fd503cf7ce
IT/SPO.IT0477A_6001_BETA_2022-01-01_00:00:00,6001,2026-04-21 08:00:00,2026-04-21 09:00:00,9.480207000000000000,ug.m-3,hour,3,3,2026-04-21 08:00:00,,cd0ea08d-9fe8-484c-b530-2f553bcd62cd
IT/SPO.IT0477A_6001_BETA_2022-01-01_00:00:00,6001,2026-04-21 09:00:00,2026-04-21 10:00:00,10.580073000000000000,ug.m-3,hour,3,3,2026-04-21 09:00:00,,71ffbde5-e93f-4af0-9e68-af4531584361
IT/SPO.IT0477A_6001_BETA_2022-01-01_00:00:00,6001,2026-04-21 10:00:00,2026-04-21 11:00:00,11.533565000000000000,ug.m-3,hour,3,3,2026-04-21 10:00:00,,b5983f6e-3237-4577-9bc1-71e8f241b40a
IT/SPO.IT0477A_6001_BETA_2022-01-01_00:00:00,6001,2026-04-21 11:00:00,2026-04-21 12:00:00,9.226851000000000000,ug.m-3,hour,3,3,2026-04-21 11:00:00,,3af57640-d8f0-421c-8a5c-d1b144bd754d
IT/SPO.IT0477A_6001_BETA_2022-01-01_00:00:00,6001,2026-04-21 12:00:00,2026-04-21 13:00:00,7.381481000000000000,ug.m-3,hour,3,3,2026-04-21 12:00:00,,1a45b4dc-b01c-4539-ba81-f057abc6b1b2
IT/SPO.IT0477A_6001_BETA_2022-01-01_00:00:00,6001,2026-04-21 13:00:00,2026-04-21 14:00:00,7.555087000000000000,ug.m-3,hour,3,3,2026-04-21 13:00:00,,63b5dd11-0879-4996-a553-95f43eab5992
IT/SPO.IT0477A_6001_BETA_2022-01-01_00:00:00,6001,2026-04-21 14:00:00,2026-04-21 15:00:00,8.313787000000000000,ug.m-3,hour,3,3,2026-04-21 14:00:00,,7761e5a7-e633-4d4f-b962-2f41f356a378
IT/SPO.IT0477A_6001_BETA_2022-01-01_00:00:00,6001,2026-04-21 15:00:00,2026-04-21 16:00:00,8.816567000000000000,ug.m-3,hour,3,3,2026-04-21 15:00:00,,d5ea3b15-3ba6-4967-95c6-635927a0492d
IT/SPO.IT0477A_6001_BETA_2022-01-01_00:00:00,6001,2026-04-21 16:00:00,2026-04-21 17:00:00,7.053254000000000000,ug.m-3,hour,3,3,2026-04-21 17:00:00,,56865604-4be7-46a6-bc4f-76cf61305370
IT/SPO.IT0477A_6001_BETA_2022-01-01_00:00:00,6001,2026-04-21 17:00:00,2026-04-21 18:00:00,5.642603000000000000,ug.m-3,hour,3,3,2026-04-21 17:00:00,,56865604-4be7-46a6-bc4f-76cf61305370
IT/SPO.IT0477A_6001_BETA_2022-01-01_00:00:00,6001,2026-04-21 18:00:00,2026-04-21 19:00:00,4.514083000000000000,ug.m-3,hour,3,3,2026-04-21 18:00:00,,74b574b6-e7f4-4790-8c0b-afe01a7f421b
IT/SPO.IT0477A_6001_BETA_2022-01-01_00:00:00,6001,2026-04-21 19:00:00,2026-04-21 20:00:00,3.611266000000000000,ug.m-3,hour,3,3,2026-04-21 19:00:00,,5eab386a-9329-4f56-b148-8ec395efa5fb
IT/SPO.IT0477A_6001_BETA_2022-01-01_00:00:00,6001,2026-04-21 20:00:00,2026-04-21 21:00:00,7.227513000000000000,ug.m-3,hour,3,3,2026-04-21 20:00:00,,884d314e-93f3-45f9-93f3-8f3aaea3038e
IT/SPO.IT0477A_6001_BETA_2022-01-01_00:00:00,6001,2026-04-21 21:00:00,2026-04-21 22:00:00,10.349559000000000000,ug.m-3,hour,3,3,2026-04-21 21:00:00,,aa263613-3958-41d3-9091-2e81ce648644
IT/SPO.IT0477A_6001_BETA_2022-01-01_00:00:00,6001,2026-04-21 22:00:00,2026-04-21 23:00:00,8.279647000000000000,ug.m-3,hour,3,3,2026-04-21 22:00:00,,9c167362-bc36-4b8a-9fc3-83d702a24752
IT/SPO.IT0477A_6001_BETA_2022-01-01_00:00:00,6001,2026-04-21 23:00:00,2026-04-22 00:00:00,6.623717000000000000,ug.m-3,hour,3,3,2026-04-21 23:00:00,,f54fea65-9d3d-462a-bf70-5d5901037bb1
IT/SPO.IT0477A_6001_BETA_2022-01-01_00:00:00,6001,2026-04-22 00:00:00,2026-04-22 01:00:00,9.853275000000000000,ug.m-3,hour,3,3,2026-04-22 00:00:00,,81de2ef1-1182-49e4-8fef-a0c465d0a8fe
IT/SPO.IT0477A_6001_BETA_2022-01-01_00:00:00,6001,2026-04-22 01:00:00,2026-04-22 02:00:00,12.605648000000000000,ug.m-3,hour,3,3,2026-04-22 01:00:00,,c10bdadb-986c-4675-a399-251196b579bc
IT/SPO.IT0477A_6001_BETA_2022-01-01_00:00:00,6001,2026-04-22 02:00:00,2026-04-22 03:00:00,8.823954000000000000,ug.m-3,hour,3,3,2026-04-22 02:00:00,,2b9f790a-309e-455e-a6f6-57cb8c1f75e1
IT/SPO.IT0477A_6001_BETA_2022-01-01_00:00:00,6001,2026-04-22 03:00:00,2026-04-22 04:00:00,6.176767000000000000,ug.m-3,hour,3,3,2026-04-22 03:00:00,,fa2a85be-4c6b-490c-b40f-e5ff92e518ab
IT/SPO.IT0477A_6001_BETA_2022-01-01_00:00:00,6001,2026-04-22 04:00:00,2026-04-22 05:00:00,4.941414000000000000,ug.m-3,hour,3,3,2026-04-22 04:00:00,,858716a5-a6be-40b5-9524-1e6b2527f12c
IT/SPO.IT0477A_6001_BETA_2022-01-01_00:00:00,6001,2026-04-22 05:00:00,2026-04-22 06:00:00,3.953131000000000000,ug.m-3,hour,3,3,2026-04-22 05:00:00,,dacb6dc9-fac6-4efc-8415-a18c654dfffa
IT/SPO.IT0477A_6001_BETA_2022-01-01_00:00:00,6001,2026-04-22 06:00:00,2026-04-22 07:00:00,5.374125000000000000,ug.m-3,hour,3,3,2026-04-22 07:00:00,,17f5dded-3cbe-4e05-99e7-ded10200047c
IT/SPO.IT0477A_6001_BETA_2022-01-01_00:00:00,6001,2026-04-22 07:00:00,2026-04-22 08:00:00,5.439954000000000000,ug.m-3,hour,3,3,2026-04-22 07:00:00,,17f5dded-3cbe-4e05-99e7-ded10200047c
IT/SPO.IT0477A_6001_BETA_2022-01-01_00:00:00,6001,2026-04-22 08:00:00,2026-04-22 09:00:00,4.351964000000000000,ug.m-3,hour,3,3,2026-04-22 08:00:00,,40e8e65b-3867-4edc-9f73-266238bd6c31
IT/SPO.IT0477A_6001_BETA_2022-01-01_00:00:00,6001,2026-04-22 09:00:00,2026-04-22 10:00:00,5.896661000000000000,ug.m-3,hour,3,3,2026-04-22 09:00:00,,838c283b-0314-46e5-94c2-bdba3eef893e
IT/SPO.IT0477A_6001_BETA_2022-01-01_00:00:00,6001,2026-04-22 10:00:00,2026-04-22 11:00:00,4.717329000000000000,ug.m-3,hour,3,3,2026-04-22 10:00:00,,a2c5a62b-068f-4b54-951a-922986a01a9b
IT/SPO.IT0477A_6001_BETA_2022-01-01_00:00:00,6001,2026-04-22 11:00:00,2026-04-22 12:00:00,3.773863000000000000,ug.m-3,hour,3,3,2026-04-22 11:00:00,,faa6e354-22fd-4706-b6e8-6212c888c40c
IT/SPO.IT0477A_6001_BETA_2022-01-01_00:00:00,6001,2026-04-22 12:00:00,2026-04-22 13:00:00,6.608639000000000000,ug.m-3,hour,3,3,2026-04-22 12:00:00,,4134d97c-5961-4d2f-b301-385414779cb6
IT/SPO.IT0477A_6001_BETA_2022-01-01_00:00:00,6001,2026-04-22 13:00:00,2026-04-22 14:00:00,5.286911000000000000,ug.m-3,hour,3,3,2026-04-22 13:00:00,,3f38ee05-a65b-4392-9d59-e0cd8ee6b8a4
IT/SPO.IT0477A_6001_BETA_2022-01-01_00:00:00,6001,2026-04-22 14:00:00,2026-04-22 15:00:00,4.229529000000000000,ug.m-3,hour,3,3,2026-04-22 14:00:00,,5b74788b-df2b-4cd7-ad86-816df2e6ba5c
IT/SPO.IT0477A_6001_BETA_2022-01-01_00:00:00,6001,2026-04-22 15:00:00,2026-04-22 16:00:00,6.565121000000000000,ug.m-3,hour,3,3,2026-04-22 15:00:00,,7e526505-89bc-4361-9778-75fe9f3438c2
IT/SPO.IT0477A_6001_BETA_2022-01-01_00:00:00,6001,2026-04-22 16:00:00,2026-04-22 17:00:00,5.252097000000000000,ug.m-3,hour,3,3,2026-04-23 08:00:00,,ee2eb960-ef27-435c-95d1-a1e021593867
IT/SPO.IT0477A_6001_BETA_2022-01-01_00:00:00,6001,2026-04-22 17:00:00,2026-04-22 18:00:00,4.201677000000000000,ug.m-3,hour,3,3,2026-04-22 17:00:00,,804deaaf-38cb-4399-9765-317a165e144f
IT/SPO.IT0477A_6001_BETA_2022-01-01_00:00:00,6001,2026-04-22 18:00:00,2026-04-22 19:00:00,4.801995000000000000,ug.m-3,hour,3,3,2026-04-22 18:00:00,,7c923895-1393-4973-9c81-0b96a8fde203
IT/SPO.IT0477A_6001_BETA_2022-01-01_00:00:00,6001,2026-04-22 19:00:00,2026-04-22 20:00:00,7.833842000000000000,ug.m-3,hour,3,3,2026-04-22 19:00:00,,41dd94d5-5295-46bb-8751-854bbce85d2e
IT/SPO.IT0477A_6001_BETA_2022-01-01_00:00:00,6001,2026-04-22 20:00:00,2026-04-22 21:00:00,8.443627000000000000,ug.m-3,hour,3,3,2026-04-22 20:00:00,,249e73d4-4e68-42a9-8a6e-5fe7b7897682
IT/SPO.IT0477A_6001_BETA_2022-01-01_00:00:00,6001,2026-04-22 21:00:00,2026-04-22 22:00:00,6.754902000000000000,ug.m-3,hour,3,3,2026-04-22 21:00:00,,8974eb1d-6bdd-43f8-a0a1-5a23a42cdf00
IT/SPO.IT0477A_6001_BETA_2022-01-01_00:00:00,6001,2026-04-22 22:00:00,2026-04-22 23:00:00,11.437847000000000000,ug.m-3,hour,3,3,2026-04-22 22:00:00,,98afe310-19d7-418c-8188-c673a97a7455
IT/SPO.IT0477A_6001_BETA_2022-01-01_00:00:00,6001,2026-04-22 23:00:00,2026-04-23 00:00:00,10.317719000000000000,ug.m-3,hour,3,3,2026-04-22 23:00:00,,cd3418b1-b12c-4729-8533-fb7a54761774
IT/SPO.IT0477A_6001_BETA_2022-01-01_00:00:00,6001,2026-04-23 00:00:00,2026-04-23 01:00:00,8.254174000000000000,ug.m-3,hour,3,3,2026-04-23 00:00:00,,58d8b857-b46f-4115-927e-2993b708fcb8
IT/SPO.IT0477A_6001_BETA_2022-01-01_00:00:00,6001,2026-04-23 01:00:00,2026-04-23 02:00:00,11.863422000000000000,ug.m-3,hour,3,3,2026-04-23 01:00:00,,d50fe2cb-a7b1-49f2-a84a-e2129953380f
IT/SPO.IT0477A_6001_BETA_2022-01-01_00:00:00,6001,2026-04-23 02:00:00,2026-04-23 03:00:00,11.193964000000000000,ug.m-3,hour,3,3,2026-04-23 02:00:00,,4f8eb33b-8a18-4fc3-8023-23c152feda7a
IT/SPO.IT0477A_6001_BETA_2022-01-01_00:00:00,6001,2026-04-23 03:00:00,2026-04-23 04:00:00,11.511856000000000000,ug.m-3,hour,3,3,2026-04-23 03:00:00,,fd7f2817-ef22-4e27-b80d-fe1e45758610
IT/SPO.IT0477A_6001_BETA_2022-01-01_00:00:00,6001,2026-04-23 04:00:00,2026-04-23 05:00:00,11.035609000000000000,ug.m-3,hour,3,3,2026-04-23 04:00:00,,ee251cbb-5b6d-4a03-a359-7537471bdeb8
IT/SPO.IT0477A_6001_BETA_2022-01-01_00:00:00,6001,2026-04-23 05:00:00,2026-04-23 06:00:00,13.046358000000000000,ug.m-3,hour,3,3,2026-04-23 05:00:00,,42c734c7-69e0-476a-a0ae-d79d409dd4bc
IT/SPO.IT0477A_6001_BETA_2022-01-01_00:00:00,6001,2026-04-23 06:00:00,2026-04-23 07:00:00,9.132450000000000000,ug.m-3,hour,3,3,2026-04-23 06:00:00,,435a673b-39e0-4e25-9025-001667cac736
IT/SPO.IT0477A_6001_BETA_2022-01-01_00:00:00,6001,2026-04-23 07:00:00,2026-04-23 08:00:00,11.602148000000000000,ug.m-3,hour,3,3,2026-04-23 07:00:00,,666f91f6-7cf9-4ebe-b645-bf06db0a9f57
IT/SPO.IT0477A_6001_BETA_2022-01-01_00:00:00,6001,2026-04-23 08:00:00,2026-04-23 09:00:00,19.158836000000000000,ug.m-3,hour,3,3,2026-04-23 08:00:00,,ee2eb960-ef27-435c-95d1-a1e021593867
IT/SPO.IT0477A_6001_BETA_2022-01-01_00:00:00,6001,2026-04-23 09:00:00,2026-04-23 10:00:00,13.411185000000000000,ug.m-3,hour,3,3,2026-04-23 09:00:00,,9d362d0e-dee4-4ed2-a633-907521a55447
IT/SPO.IT0477A_6001_BETA_2022-01-01_00:00:00,6001,2026-04-23 10:00:00,2026-04-23 11:00:00,9.387831000000000000,ug.m-3,hour,3,3,2026-04-23 10:00:00,,3051f7b2-3ed7-42b4-b0c2-c27486401a04
IT/SPO.IT0477A_6001_BETA_2022-01-01_00:00:00,6001,2026-04-23 11:00:00,2026-04-23 12:00:00,12.986903000000000000,ug.m-3,hour,3,3,2026-04-23 11:00:00,,6a4f1788-8b8f-478d-9200-cfe96e2a6b9c
IT/SPO.IT0477A_6001_BETA_2022-01-01_00:00:00,6001,2026-04-23 12:00:00,2026-04-23 13:00:00,15.933326000000000000,ug.m-3,hour,3,3,2026-04-23 12:00:00,,7fbe92fd-0f85-4e9f-b404-3212bbca951e
IT/SPO.IT0477A_6001_BETA_2022-01-01_00:00:00,6001,2026-04-23 13:00:00,2026-04-23 14:00:00,19.380810000000000000,ug.m-3,hour,3,3,2026-04-23 13:00:00,,2b2b377e-1bb9-44f8-a729-1722ea61ae38
IT/SPO.IT0477A_6001_BETA_2022-01-01_00:00:00,6001,2026-04-23 14:00:00,2026-04-23 15:00:00,13.566566000000000000,ug.m-3,hour,3,3,2026-04-23 14:00:00,,340dc926-dd32-4f82-a120-edf6e3b43338
IT/SPO.IT0477A_6001_BETA_2022-01-01_00:00:00,6001,2026-04-23 15:00:00,2026-04-23 16:00:00,9.912300000000000000,ug.m-3,hour,3,3,2026-04-23 15:00:00,,9d961d9d-451d-4030-a979-62555414ebb6
IT/SPO.IT0477A_6001_BETA_2022-01-01_00:00:00,6001,2026-04-23 16:00:00,2026-04-23 17:00:00,12.320641000000000000,ug.m-3,hour,3,3,2026-04-23 16:00:00,,88d0c40e-8771-46c8-bca5-665d97e2c24a
IT/SPO.IT0477A_6001_BETA_2022-01-01_00:00:00,6001,2026-04-23 17:00:00,2026-04-23 18:00:00,8.624448000000000000,ug.m-3,hour,3,3,2026-04-23 17:00:00,,2dabae7c-0e76-417b-9a81-82aeec15aaab
IT/SPO.IT0477A_6001_BETA_2022-01-01_00:00:00,6001,2026-04-23 18:00:00,2026-04-23 19:00:00,6.899559000000000000,ug.m-3,hour,3,3,2026-04-23 18:00:00,,5cec3d43-3a12-4bc0-b8b9-b89331e9b00d
IT/SPO.IT0477A_6001_BETA_2022-01-01_00:00:00,6001,2026-04-23 19:00:00,2026-04-23 20:00:00,5.519647000000000000,ug.m-3,hour,3,3,2026-04-23 19:00:00,,8e724caa-2d79-439c-b3a8-e05c709a7b6e
IT/SPO.IT0477A_6001_BETA_2022-01-01_00:00:00,6001,2026-04-23 20:00:00,2026-04-23 21:00:00,4.415717000000000000,ug.m-3,hour,3,3,2026-04-23 20:00:00,,b333bfc1-0cfb-46f1-8f69-bd3abf9eee27
IT/SPO.IT0477A_6001_BETA_2022-01-01_00:00:00,6001,2026-04-23 21:00:00,2026-04-23 22:00:00,3.532574000000000000,ug.m-3,hour,3,3,2026-04-23 21:00:00,,11d83472-ce06-4c34-af51-0f92b3bcdae4
IT/SPO.IT0477A_6001_BETA_2022-01-01_00:00:00,6001,2026-04-23 22:00:00,2026-04-23 23:00:00,5.802348000000000000,ug.m-3,hour,3,3,2026-04-23 22:00:00,,01a3ab84-cec0-442c-a385-40987018a78a
IT/SPO.IT0477A_6001_BETA_2022-01-01_00:00:00,6001,2026-04-23 23:00:00,2026-04-24 00:00:00,4.641879000000000000,ug.m-3,hour,3,3,2026-04-23 23:00:00,,82d10120-95a0-4a61-92e6-cc142de5fd59
IT/SPO.IT0477A_6001_BETA_2022-01-01_00:00:00,6001,2026-04-24 00:00:00,2026-04-24 01:00:00,10.088288000000000000,ug.m-3,hour,3,3,2026-04-24 01:00:00,,bd2792e1-363e-42d5-953f-04a3c4376c0f
IT/SPO.IT0477A_6001_BETA_2022-01-01_00:00:00,6001,2026-04-24 01:00:00,2026-04-24 02:00:00,9.194782000000000000,ug.m-3,hour,3,3,2026-04-24 01:00:00,,bd2792e1-363e-42d5-953f-04a3c4376c0f
IT/SPO.IT0477A_6001_BETA_2022-01-01_00:00:00,6001,2026-04-24 02:00:00,2026-04-24 03:00:00,11.871968000000000000,ug.m-3,hour,3,3,2026-04-24 02:00:00,,d15ba9a6-2904-4733-8398-cd48a7361f8d
IT/SPO.IT0477A_6001_BETA_2022-01-01_00:00:00,6001,2026-04-24 03:00:00,2026-04-24 04:00:00,15.947762000000000000,ug.m-3,hour,3,3,2026-04-24 03:00:00,,a636996e-b3ac-402f-ac37-e34191214d5f
IT/SPO.IT0477A_6001_BETA_2022-01-01_00:00:00,6001,2026-04-24 04:00:00,2026-04-24 05:00:00,17.699474000000000000,ug.m-3,hour,3,3,2026-04-24 04:00:00,,89dc5ecb-2fdb-4cff-97d3-fc7a30833bb5
IT/SPO.IT0477A_6001_BETA_2022-01-01_00:00:00,6001,2026-04-24 05:00:00,2026-04-24 06:00:00,17.998661000000000000,ug.m-3,hour,3,3,2026-04-24 05:00:00,,31f639ad-e42b-42b7-952a-cd336f9e2c6f
IT/SPO.IT0477A_6001_BETA_2022-01-01_00:00:00,6001,2026-04-24 06:00:00,2026-04-24 07:00:00,12.599063000000000000,ug.m-3,hour,3,3,2026-04-24 06:00:00,,84e57b89-5ec2-4146-aee4-71394b5831b6
IT/SPO.IT0477A_6001_BETA_2022-01-01_00:00:00,6001,2026-04-24 07:00:00,2026-04-24 08:00:00,23.132015000000000000,ug.m-3,hour,3,3,2026-04-24 07:00:00,,a705e9b0-5fe3-450b-9c12-ca48e05af614
IT/SPO.IT0477A_6001_BETA_2022-01-01_00:00:00,6001,2026-04-24 08:00:00,2026-04-24 09:00:00,16.192410000000000000,ug.m-3,hour,3,3,2026-04-24 08:00:00,,19ce024e-d95f-49bc-af82-4084222dd6eb
IT/SPO.IT0477A_6001_BETA_2022-01-01_00:00:00,6001,2026-04-24 09:00:00,2026-04-24 10:00:00,23.926908000000000000,ug.m-3,hour,3,3,2026-04-24 09:00:00,,bf019edc-03a4-4407-bce0-e2e10986b93a
IT/SPO.IT0477A_6001_BETA_2022-01-01_00:00:00,6001,2026-04-24 10:00:00,2026-04-24 11:00:00,16.748837000000000000,ug.m-3,hour,3,3,2026-04-24 10:00:00,,e51bee0f-cc16-4edd-91bf-8798ce51e1f9
IT/SPO.IT0477A_6001_BETA_2022-01-01_00:00:00,6001,2026-04-24 11:00:00,2026-04-24 12:00:00,17.304228000000000000,ug.m-3,hour,3,3,2026-04-24 11:00:00,,e1e2f362-4b9b-490a-8563-a90464c9926d
IT/SPO.IT0477A_6001_BETA_2022-01-01_00:00:00,6001,2026-04-24 12:00:00,2026-04-24 13:00:00,17.847872000000000000,ug.m-3,hour,3,3,2026-04-24 12:00:00,,256deb99-9c2f-479d-bf10-33dab031fe81
IT/SPO.IT0477A_6001_BETA_2022-01-01_00:00:00,6001,2026-04-24 13:00:00,2026-04-24 14:00:00,12.493510000000000000,ug.m-3,hour,3,3,2026-04-24 13:00:00,,319a8501-f107-4e71-a0d4-8b430aa48327
IT/SPO.IT0477A_6001_BETA_2022-01-01_00:00:00,6001,2026-04-24 14:00:00,2026-04-24 15:00:00,14.862640000000000000,ug.m-3,hour,3,3,2026-04-24 14:00:00,,a553dd55-c473-4d74-b05f-74752e80396f
IT/SPO.IT0477A_6001_BETA_2022-01-01_00:00:00,6001,2026-04-24 15:00:00,2026-04-24 16:00:00,10.403848000000000000,ug.m-3,hour,3,3,2026-04-24 15:00:00,,2cafe021-4393-467f-922c-9100edbc0a06
IT/SPO.IT0477A_6001_BETA_2022-01-01_00:00:00,6001,2026-04-24 16:00:00,2026-04-24 17:00:00,7.282693000000000000,ug.m-3,hour,3,3,2026-04-24 16:00:00,,d0ca6b19-ed6a-4e55-b648-fa09af0bd2d9
IT/SPO.IT0477A_6001_BETA_2022-01-01_00:00:00,6001,2026-04-24 17:00:00,2026-04-24 18:00:00,5.826155000000000000,ug.m-3,hour,3,3,2026-04-24 17:00:00,,b288248d-2356-422f-82c0-5436adfeee44
IT/SPO.IT0477A_6001_BETA_2022-01-01_00:00:00,6001,2026-04-24 18:00:00,2026-04-24 19:00:00,4.660924000000000000,ug.m-3,hour,3,3,2026-04-24 18:00:00,,714584b8-2efa-4f0f-82f5-4ae071796140
IT/SPO.IT0477A_6001_BETA_2022-01-01_00:00:00,6001,2026-04-24 19:00:00,2026-04-24 20:00:00,3.728739000000000000,ug.m-3,hour,3,3,2026-04-24 19:00:00,,57b15cf0-3e26-463f-a17b-ea2d219bedd2
IT/SPO.IT0477A_6001_BETA_2022-01-01_00:00:00,6001,2026-04-24 20:00:00,2026-04-24 21:00:00,2.982991000000000000,ug.m-3,hour,3,3,2026-04-24 20:00:00,,468b4886-cb0a-46a1-93a4-87c102582a0c
IT/SPO.IT0477A_6001_BETA_2022-01-01_00:00:00,6001,2026-04-24 21:00:00,2026-04-24 22:00:00,5.766173000000000000,ug.m-3,hour,3,3,2026-04-24 21:00:00,,9960f050-b68b-4526-b631-d3bf9c3a59ec
IT/SPO.IT0477A_6001_BETA_2022-01-01_00:00:00,6001,2026-04-24 22:00:00,2026-04-24 23:00:00,4.612939000000000000,ug.m-3,hour,3,3,2026-04-24 22:00:00,,a8ff1fa2-4d28-4339-8699-e80d06eca447
IT/SPO.IT0477A_6001_BETA_2022-01-01_00:00:00,6001,2026-04-24 23:00:00,2026-04-25 00:00:00,3.690351000000000000,ug.m-3,hour,3,3,2026-04-25 00:00:00,,740590a9-e9e5-4d18-b42b-4ff2bb165c8a
IT/SPO.IT0477A_6001_BETA_2022-01-01_00:00:00,6001,2026-04-25 00:00:00,2026-04-25 01:00:00,5.057812000000000000,ug.m-3,hour,3,3,2026-04-25 00:00:00,,740590a9-e9e5-4d18-b42b-4ff2bb165c8a
IT/SPO.IT0477A_6001_BETA_2022-01-01_00:00:00,6001,2026-04-25 01:00:00,2026-04-25 02:00:00,4.175414000000000000,ug.m-3,hour,3,3,2026-04-25 01:00:00,,5ad0b716-052f-42b2-99f0-2bc66010e754
IT/SPO.IT0477A_6001_BETA_2022-01-01_00:00:00,6001,2026-04-25 02:00:00,2026-04-25 03:00:00,9.184202000000000000,ug.m-3,hour,3,3,2026-04-25 02:00:00,,dd74edf0-86ba-45cb-a3b0-b529fbac26c7
IT/SPO.IT0477A_6001_BETA_2022-01-01_00:00:00,6001,2026-04-25 03:00:00,2026-04-25 04:00:00,7.347362000000000000,ug.m-3,hour,3,3,2026-04-25 03:00:00,,44dbc939-814e-471d-bb3c-0a55a152e466
IT/SPO.IT0477A_6001_BETA_2022-01-01_00:00:00,6001,2026-04-25 04:00:00,2026-04-25 05:00:00,5.877889000000000000,ug.m-3,hour,3,3,2026-04-25 04:00:00,,9104917b-6f0b-4f69-8939-8a90888dc070
IT/SPO.IT0477A_6001_BETA_2022-01-01_00:00:00,6001,2026-04-25 05:00:00,2026-04-25 06:00:00,4.760093000000000000,ug.m-3,hour,3,3,2026-04-25 05:00:00,,c35e09d6-50f4-47ab-b8b7-daed1c488a47
IT/SPO.IT0477A_6001_BETA_2022-01-01_00:00:00,6001,2026-04-25 06:00:00,2026-04-25 07:00:00,7.632627000000000000,ug.m-3,hour,3,3,2026-04-25 06:00:00,,fab0a201-b5c8-4912-8436-5de7fd22bda1
IT/SPO.IT0477A_6001_BETA_2022-01-01_00:00:00,6001,2026-04-25 07:00:00,2026-04-25 08:00:00,10.523234000000000000,ug.m-3,hour,3,3,2026-04-25 07:00:00,,d1755809-70c4-44a9-8ec7-7db1ab80823b
IT/SPO.IT0477A_6001_BETA_2022-01-01_00:00:00,6001,2026-04-25 08:00:00,2026-04-25 09:00:00,10.326636000000000000,ug.m-3,hour,3,3,2026-04-25 08:00:00,,b3407640-323c-47b4-9148-fdd91b77978a
IT/SPO.IT0477A_6001_BETA_2022-01-01_00:00:00,6001,2026-04-25 09:00:00,2026-04-25 10:00:00,8.701160000000000000,ug.m-3,hour,3,3,2026-04-25 09:00:00,,63a45c3a-efab-41a2-b60b-1ce32090c962
IT/SPO.IT0477A_6001_BETA_2022-01-01_00:00:00,6001,2026-04-25 10:00:00,2026-04-25 11:00:00,6.960928000000000000,ug.m-3,hour,3,3,2026-04-25 10:00:00,,91cbd73a-c3cf-4efd-a293-0ee8861b7915
IT/SPO.IT0477A_6001_BETA_2022-01-01_00:00:00,6001,2026-04-25 11:00:00,2026-04-25 12:00:00,5.568743000000000000,ug.m-3,hour,3,3,2026-04-25 11:00:00,,3772e63c-498a-4281-84c3-e9a91b2dc64d
IT/SPO.IT0477A_6001_BETA_2022-01-01_00:00:00,6001,2026-04-25 12:00:00,2026-04-25 13:00:00,4.601129000000000000,ug.m-3,hour,3,3,2026-04-25 12:00:00,,540ff24f-e7ed-4db7-9d2e-d5824e23d63b
IT/SPO.IT0477A_6001_BETA_2022-01-01_00:00:00,6001,2026-04-25 13:00:00,2026-04-25 14:00:00,3.680903000000000000,ug.m-3,hour,3,3,2026-04-25 13:00:00,,8773f42e-922a-4c44-b684-bf0015a17af7
IT/SPO.IT0477A_6001_BETA_2022-01-01_00:00:00,6001,2026-04-25 14:00:00,2026-04-25 15:00:00,7.674085000000000000,ug.m-3,hour,3,3,2026-04-25 14:00:00,,07ac07b7-9632-41d6-8f7f-d2c27a5e4ed8
IT/SPO.IT0477A_6001_BETA_2022-01-01_00:00:00,6001,2026-04-25 15:00:00,2026-04-25 16:00:00,7.997231000000000000,ug.m-3,hour,3,3,2026-04-25 15:00:00,,33fe0e9b-3766-40a9-9642-c8b558b3b8bf
IT/SPO.IT0477A_6001_BETA_2022-01-01_00:00:00,6001,2026-04-25 16:00:00,2026-04-25 17:00:00,7.737665000000000000,ug.m-3,hour,3,3,2026-04-25 16:00:00,,f2c745ba-6e81-4518-ac36-caa5431934b1
IT/SPO.IT0477A_6001_BETA_2022-01-01_00:00:00,6001,2026-04-25 17:00:00,2026-04-25 18:00:00,7.982250000000000000,ug.m-3,hour,3,3,2026-04-25 17:00:00,,42a4ae04-a593-49ea-a7b2-632bcf860c2b
IT/SPO.IT0477A_6001_BETA_2022-01-01_00:00:00,6001,2026-04-25 18:00:00,2026-04-25 19:00:00,10.856356000000000000,ug.m-3,hour,3,3,2026-04-25 18:00:00,,36c5af6a-cd3b-41ec-b68a-f1051e910330
IT/SPO.IT0477A_6001_BETA_2022-01-01_00:00:00,6001,2026-04-25 19:00:00,2026-04-25 20:00:00,8.685084000000000000,ug.m-3,hour,3,3,2026-04-25 19:00:00,,6c075867-84c5-4eea-ac49-1d5bef694f13
IT/SPO.IT0477A_6001_BETA_2022-01-01_00:00:00,6001,2026-04-25 20:00:00,2026-04-25 21:00:00,6.948068000000000000,ug.m-3,hour,3,3,2026-04-25 20:00:00,,83942aa9-ddc7-4e9b-8a4c-6601a9958990
IT/SPO.IT0477A_6001_BETA_2022-01-01_00:00:00,6001,2026-04-25 21:00:00,2026-04-25 22:00:00,5.558454000000000000,ug.m-3,hour,3,3,2026-04-25 21:00:00,,7d433d53-5bed-4f08-96e3-ddcef2d551dc
IT/SPO.IT0477A_6001_BETA_2022-01-01_00:00:00,6001,2026-04-25 22:00:00,2026-04-25 23:00:00,13.223225000000000000,ug.m-3,hour,3,3,2026-04-25 22:00:00,,2c29a932-de4b-4a19-850f-508a1a37a14b
IT/SPO.IT0477A_6001_BETA_2022-01-01_00:00:00,6001,2026-04-25 23:00:00,2026-04-26 00:00:00,10.578580000000000000,ug.m-3,hour,3,3,2026-04-25 23:00:00,,34e1890a-5718-4419-93c4-e2b924cf823c
IT/SPO.IT0477A_6001_BETA_2022-01-01_00:00:00,6001,2026-04-26 00:00:00,2026-04-26 01:00:00,9.198172000000000000,ug.m-3,hour,3,3,2026-04-27 08:00:00,,e1c78db0-9015-4e64-8191-45b87dedc08a
IT/SPO.IT0477A_6001_BETA_2022-01-01_00:00:00,6001,2026-04-26 01:00:00,2026-04-26 02:00:00,11.121735000000000000,ug.m-3,hour,3,3,2026-04-26 01:00:00,,1e075606-a4f3-4126-ba7e-5032c055b97a
IT/SPO.IT0477A_6001_BETA_2022-01-01_00:00:00,6001,2026-04-26 02:00:00,2026-04-26 03:00:00,8.897388000000000000,ug.m-3,hour,3,3,2026-04-26 02:00:00,,683f8ead-ab0e-4eb9-b1a6-34934a7ce56c
IT/SPO.IT0477A_6001_BETA_2022-01-01_00:00:00,6001,2026-04-26 03:00:00,2026-04-26 04:00:00,11.140903000000000000,ug.m-3,hour,3,3,2026-04-26 03:00:00,,91d3fd51-a51f-4e4c-a39d-e7787840790a
IT/SPO.IT0477A_6001_BETA_2022-01-01_00:00:00,6001,2026-04-26 04:00:00,2026-04-26 05:00:00,17.346928000000000000,ug.m-3,hour,3,3,2026-04-26 04:00:00,,7096ef24-d552-4f93-95a7-ecf68535c2bb
IT/SPO.IT0477A_6001_BETA_2022-01-01_00:00:00,6001,2026-04-26 05:00:00,2026-04-26 06:00:00,12.142849000000000000,ug.m-3,hour,3,3,2026-04-26 05:00:00,,c0925ec3-bc0f-4554-b1b7-25ac9d112e96
IT/SPO.IT0477A_6001_BETA_2022-01-01_00:00:00,6001,2026-04-26 06:00:00,2026-04-26 07:00:00,8.499994000000000000,ug.m-3,hour,3,3,2026-04-26 06:00:00,,ffd9f312-7a25-4a65-8143-813271e3dea9
IT/SPO.IT0477A_6001_BETA_2022-01-01_00:00:00,6001,2026-04-26 07:00:00,2026-04-26 08:00:00,5.949996000000000000,ug.m-3,hour,3,3,2026-04-26 07:00:00,,9d900ab7-7ee1-48ed-bbd9-518c1eafab8f
IT/SPO.IT0477A_6001_BETA_2022-01-01_00:00:00,6001,2026-04-26 08:00:00,2026-04-26 09:00:00,4.759997000000000000,ug.m-3,hour,3,3,2026-04-26 08:00:00,,a7482c9c-dd39-40b2-a987-687208c0f154
IT/SPO.IT0477A_6001_BETA_2022-01-01_00:00:00,6001,2026-04-26 09:00:00,2026-04-26 10:00:00,8.338120000000000000,ug.m-3,hour,3,3,2026-04-26 09:00:00,,03f4b668-6a1e-4846-8b4c-7dd8f3de02a3
IT/SPO.IT0477A_6001_BETA_2022-01-01_00:00:00,6001,2026-04-26 10:00:00,2026-04-26 11:00:00,11.137406000000000000,ug.m-3,hour,3,3,2026-04-26 10:00:00,,14efdf2b-0408-4528-851a-90f2b6d50460
IT/SPO.IT0477A_6001_BETA_2022-01-01_00:00:00,6001,2026-04-26 11:00:00,2026-04-26 12:00:00,8.909925000000000000,ug.m-3,hour,3,3,2026-04-26 11:00:00,,8c934af9-1608-4e32-93c4-96dc131349a6
IT/SPO.IT0477A_6001_BETA_2022-01-01_00:00:00,6001,2026-04-26 12:00:00,2026-04-26 13:00:00,7.127940000000000000,ug.m-3,hour,3,3,2026-04-26 12:00:00,,2d413f5d-9241-4b2b-b32c-077b3724254e
IT/SPO.IT0477A_6001_BETA_2022-01-01_00:00:00,6001,2026-04-26 13:00:00,2026-04-26 14:00:00,7.732374000000000000,ug.m-3,hour,3,3,2026-04-26 13:00:00,,6ab2b6a9-8289-4ba8-8f37-1ea609ce9dca
IT/SPO.IT0477A_6001_BETA_2022-01-01_00:00:00,6001,2026-04-26 14:00:00,2026-04-26 15:00:00,6.920392000000000000,ug.m-3,hour,3,3,2026-04-26 14:00:00,,4b4d9b5a-2c67-48ba-9040-df17233fadf5
IT/SPO.IT0477A_6001_BETA_2022-01-01_00:00:00,6001,2026-04-26 15:00:00,2026-04-26 16:00:00,5.976581000000000000,ug.m-3,hour,3,3,2026-04-26 15:00:00,,d3ad458e-b910-4670-aa0b-d1ee60d58ce3
IT/SPO.IT0477A_6001_BETA_2022-01-01_00:00:00,6001,2026-04-26 16:00:00,2026-04-26 17:00:00,9.924303000000000000,ug.m-3,hour,3,3,2026-04-26 17:00:00,,cfea3455-9faf-461e-9c3b-fd294a173eb4
IT/SPO.IT0477A_6001_BETA_2022-01-01_00:00:00,6001,2026-04-26 17:00:00,2026-04-26 18:00:00,8.475223000000000000,ug.m-3,hour,3,3,2026-04-26 17:00:00,,cfea3455-9faf-461e-9c3b-fd294a173eb4
IT/SPO.IT0477A_6001_BETA_2022-01-01_00:00:00,6001,2026-04-26 18:00:00,2026-04-26 19:00:00,9.069735000000000000,ug.m-3,hour,3,3,2026-04-26 18:00:00,,37f06b7c-c159-41df-a7ba-439c239d292e
IT/SPO.IT0477A_6001_BETA_2022-01-01_00:00:00,6001,2026-04-26 19:00:00,2026-04-26 20:00:00,11.339762000000000000,ug.m-3,hour,3,3,2026-04-26 19:00:00,,a69a31a0-e4a2-4f3b-99c9-6f9881b2a934
IT/SPO.IT0477A_6001_BETA_2022-01-01_00:00:00,6001,2026-04-26 20:00:00,2026-04-26 21:00:00,10.434590000000000000,ug.m-3,hour,3,3,2026-04-26 20:00:00,,12e01a59-f8b6-44ce-93f6-c10a3ad999c8
IT/SPO.IT0477A_6001_BETA_2022-01-01_00:00:00,6001,2026-04-26 21:00:00,2026-04-26 22:00:00,10.061659000000000000,ug.m-3,hour,3,3,2026-04-26 21:00:00,,2261f077-9e9f-46d1-83b1-d665b200bb8b
IT/SPO.IT0477A_6001_BETA_2022-01-01_00:00:00,6001,2026-04-26 22:00:00,2026-04-26 23:00:00,8.049327000000000000,ug.m-3,hour,3,3,2026-04-26 22:00:00,,8d4ada66-2f3e-44a8-98ad-bdf0db4c724c
IT/SPO.IT0477A_6001_BETA_2022-01-01_00:00:00,6001,2026-04-26 23:00:00,2026-04-27 00:00:00,6.439462000000000000,ug.m-3,hour,3,3,2026-04-26 23:00:00,,3df41c75-497a-4ea7-8e33-18f3229d5c9d
IT/SPO.IT0477A_6001_BETA_2022-01-01_00:00:00,6001,2026-04-27 00:00:00,2026-04-27 01:00:00,19.306260000000000000,ug.m-3,hour,3,3,2026-04-27 00:00:00,,cb2909a6-c53b-4aa2-9703-6d95ec0ec0bf
IT/SPO.IT0477A_6001_BETA_2022-01-01_00:00:00,6001,2026-04-27 01:00:00,2026-04-27 02:00:00,13.514381000000000000,ug.m-3,hour,3,3,2026-04-27 01:00:00,,d8e409c5-619c-4ce9-8030-300f547ba66d
IT/SPO.IT0477A_6001_BETA_2022-01-01_00:00:00,6001,2026-04-27 02:00:00,2026-04-27 03:00:00,19.283049000000000000,ug.m-3,hour,3,3,2026-04-27 02:00:00,,6524c4cc-7897-4b2b-9cea-d431d369c010
IT/SPO.IT0477A_6001_BETA_2022-01-01_00:00:00,6001,2026-04-27 03:00:00,2026-04-27 04:00:00,13.498134000000000000,ug.m-3,hour,3,3,2026-04-27 03:00:00,,b59b3587-55f8-45fc-b0c8-7d07bcb78f34
IT/SPO.IT0477A_6001_BETA_2022-01-01_00:00:00,6001,2026-04-27 04:00:00,2026-04-27 05:00:00,12.897194000000000000,ug.m-3,hour,3,3,2026-04-27 04:00:00,,9177a463-7e8a-436b-b5f1-83d0dbeb962c
IT/SPO.IT0477A_6001_BETA_2022-01-01_00:00:00,6001,2026-04-27 05:00:00,2026-04-27 06:00:00,19.522505000000000000,ug.m-3,hour,3,3,2026-04-27 05:00:00,,06d49dfc-72b5-432b-b8e5-cbd8ac54cffc
IT/SPO.IT0477A_6001_BETA_2022-01-01_00:00:00,6001,2026-04-27 06:00:00,2026-04-27 07:00:00,13.665752000000000000,ug.m-3,hour,3,3,2026-04-27 06:00:00,,085b825a-9b15-4c0e-ab9e-b32fdb4506f7
IT/SPO.IT0477A_6001_BETA_2022-01-01_00:00:00,6001,2026-04-27 07:00:00,2026-04-27 08:00:00,13.543011000000000000,ug.m-3,hour,3,3,2026-04-27 07:00:00,,b450f14e-6d36-4787-9cbb-4a6bc0368728
IT/SPO.IT0477A_6001_BETA_2022-01-01_00:00:00,6001,2026-04-27 08:00:00,2026-04-27 09:00:00,9.480107000000000000,ug.m-3,hour,3,3,2026-04-27 08:00:00,,e1c78db0-9015-4e64-8191-45b87dedc08a
IT/SPO.IT0477A_6001_BETA_2022-01-01_00:00:00,6001,2026-04-27 09:00:00,2026-04-27 10:00:00,8.464411000000000000,ug.m-3,hour,3,3,2026-04-27 09:00:00,,88f9d459-2747-4f17-bc19-787bfc31be67
IT/SPO.IT0477A_6001_BETA_2022-01-01_00:00:00,6001,2026-04-27 10:00:00,2026-04-27 11:00:00,7.476595000000000000,ug.m-3,hour,3,3,2026-04-27 10:00:00,,3e3a725a-a778-42a0-98bf-0c37eda8c5e2
IT/SPO.IT0477A_6001_BETA_2022-01-01_00:00:00,6001,2026-04-27 11:00:00,2026-04-27 12:00:00,19.655205000000000000,ug.m-3,hour,3,3,2026-04-27 11:00:00,,bfe7eb3b-bcd4-47f9-a73a-f503f81d0aeb
IT/SPO.IT0477A_6001_BETA_2022-01-01_00:00:00,6001,2026-04-27 12:00:00,2026-04-27 13:00:00,13.758644000000000000,ug.m-3,hour,3,3,2026-04-27 12:00:00,,0cb3c800-17e9-44cb-9bc4-d51fc51c59fd
IT/SPO.IT0477A_6001_BETA_2022-01-01_00:00:00,6001,2026-04-27 13:00:00,2026-04-27 14:00:00,27.961601000000000000,ug.m-3,hour,3,3,2026-04-27 13:00:00,,9b1fbba2-e4e7-495d-9207-61e3b0a62507
IT/SPO.IT0477A_6001_BETA_2022-01-01_00:00:00,6001,2026-04-27 14:00:00,2026-04-27 15:00:00,19.573120000000000000,ug.m-3,hour,3,3,2026-04-27 14:00:00,,ec1de08e-0b52-4efa-bf06-04072b94b611
IT/SPO.IT0477A_6001_BETA_2022-01-01_00:00:00,6001,2026-04-27 15:00:00,2026-04-27 16:00:00,14.794867000000000000,ug.m-3,hour,3,3,2026-04-27 15:00:00,,0559ae0f-78e5-4396-98bf-64b91a8cf926
IT/SPO.IT0477A_6001_BETA_2022-01-01_00:00:00,6001,2026-04-27 16:00:00,2026-04-27 17:00:00,10.356406000000000000,ug.m-3,hour,3,3,2026-04-27 16:00:00,,9152146c-0ebe-4e93-860c-77b1d1e6c6c0
IT/SPO.IT0477A_6001_BETA_2022-01-01_00:00:00,6001,2026-04-27 17:00:00,2026-04-27 18:00:00,7.249484000000000000,ug.m-3,hour,3,3,2026-04-27 17:00:00,,8584b1e6-0d57-4805-bdb3-3a3d461c2670
IT/SPO.IT0477A_6001_BETA_2022-01-01_00:00:00,6001,2026-04-27 18:00:00,2026-04-27 19:00:00,5.799587000000000000,ug.m-3,hour,3,3,2026-04-27 18:00:00,,ca9da87b-0ad3-4784-84b7-0eb81f3ee57e
IT/SPO.IT0477A_6001_BETA_2022-01-01_00:00:00,6001,2026-04-27 19:00:00,2026-04-27 20:00:00,4.639670000000000000,ug.m-3,hour,3,3,2026-04-27 19:00:00,,ec01c6da-cf42-4639-aab2-e1e43114feca
IT/SPO.IT0477A_6001_BETA_2022-01-01_00:00:00,6001,2026-04-27 20:00:00,2026-04-27 21:00:00,10.355990000000000000,ug.m-3,hour,3,3,2026-04-27 20:00:00,,c507486a-4411-4240-ba3c-13bae87f841a
IT/SPO.IT0477A_6001_BETA_2022-01-01_00:00:00,6001,2026-04-27 21:00:00,2026-04-27 22:00:00,10.932735000000000000,ug.m-3,hour,3,3,2026-04-27 21:00:00,,0620a761-0bf8-4311-958c-8e328026a6f5
IT/SPO.IT0477A_6001_BETA_2022-01-01_00:00:00,6001,2026-04-27 22:00:00,2026-04-27 23:00:00,11.273894000000000000,ug.m-3,hour,3,3,2026-04-27 22:00:00,,e5bdd17e-971e-4b00-9592-9aebf3fcd4d3
IT/SPO.IT0477A_6001_BETA_2022-01-01_00:00:00,6001,2026-04-27 23:00:00,2026-04-28 00:00:00,7.891726000000000000,ug.m-3,hour,3,3,2026-04-27 23:00:00,,b46eca9f-cccf-4cd6-b60e-2712a3c48ae7
IT/SPO.IT0477A_6001_BETA_2022-01-01_00:00:00,6001,2026-04-28 00:00:00,2026-04-28 01:00:00,6.313381000000000000,ug.m-3,hour,3,3,2026-04-28 00:00:00,,f230cbc8-d0ee-49c0-bc5d-2bb883c53e46
IT/SPO.IT0477A_6001_BETA_2022-01-01_00:00:00,6001,2026-04-28 01:00:00,2026-04-28 02:00:00,6.960584000000000000,ug.m-3,hour,3,3,2026-04-28 01:00:00,,9e8848be-11d1-4ece-abfb-0a0ccc39e352
IT/SPO.IT0477A_6001_BETA_2022-01-01_00:00:00,6001,2026-04-28 02:00:00,2026-04-28 03:00:00,7.381590000000000000,ug.m-3,hour,3,3,2026-04-28 02:00:00,,54ef3f6f-ecdf-4200-bd3b-bba090dade09
IT/SPO.IT0477A_6001_BETA_2022-01-01_00:00:00,6001,2026-04-28 03:00:00,2026-04-28 04:00:00,9.218453000000000000,ug.m-3,hour,3,3,2026-04-28 03:00:00,,563ccdbb-448f-430f-8f20-16acbc054837
IT/SPO.IT0477A_6001_BETA_2022-01-01_00:00:00,6001,2026-04-28 04:00:00,2026-04-28 05:00:00,7.374763000000000000,ug.m-3,hour,3,3,2026-04-28 04:00:00,,b5f19fe9-57a3-48db-aa98-04f066536724
IT/SPO.IT0477A_6001_BETA_2022-01-01_00:00:00,6001,2026-04-28 05:00:00,2026-04-28 06:00:00,16.109543000000000000,ug.m-3,hour,3,3,2026-04-28 05:00:00,,06c6d31e-1b79-4a31-89ad-2fdc929108df
IT/SPO.IT0477A_6001_BETA_2022-01-01_00:00:00,6001,2026-04-28 06:00:00,2026-04-28 07:00:00,11.276680000000000000,ug.m-3,hour,3,3,2026-04-28 06:00:00,,e744002d-6ff2-4bb4-8743-40dd5fe06a60
IT/SPO.IT0477A_6001_BETA_2022-01-01_00:00:00,6001,2026-04-28 07:00:00,2026-04-28 08:00:00,7.893676000000000000,ug.m-3,hour,3,3,2026-04-28 07:00:00,,30372949-f5ff-41b5-9e3a-eb58d181c843
IT/SPO.IT0477A_6001_BETA_2022-01-01_00:00:00,6001,2026-04-28 08:00:00,2026-04-28 09:00:00,20.153313000000000000,ug.m-3,hour,3,3,2026-04-28 08:00:00,,19f69162-0e30-4777-b75c-61073bde9783
IT/SPO.IT0477A_6001_BETA_2022-01-01_00:00:00,6001,2026-04-28 09:00:00,2026-04-28 10:00:00,14.107320000000000000,ug.m-3,hour,3,3,2026-04-28 10:00:00,,c0cea3ef-8e47-4f32-9092-4006a1ee77e7
IT/SPO.IT0477A_6001_BETA_2022-01-01_00:00:00,6001,2026-04-28 10:00:00,2026-04-28 11:00:00,12.515752000000000000,ug.m-3,hour,3,3,2026-04-28 10:00:00,,c0cea3ef-8e47-4f32-9092-4006a1ee77e7
IT/SPO.IT0477A_6001_BETA_2022-01-01_00:00:00,6001,2026-04-28 11:00:00,2026-04-28 12:00:00,12.372086000000000000,ug.m-3,hour,3,3,2026-04-28 11:00:00,,6d0427c8-cca9-4e6b-be78-55dd94926fb9
IT/SPO.IT0477A_6001_BETA_2022-01-01_00:00:00,6001,2026-04-28 12:00:00,2026-04-28 13:00:00,17.499493000000000000,ug.m-3,hour,3,3,2026-04-28 13:00:00,,6ba8d891-e197-46d2-bf68-b0f3b39377cd
IT/SPO.IT0477A_6001_BETA_2022-01-01_00:00:00,6001,2026-04-28 13:00:00,2026-04-28 14:00:00,12.249644000000000000,ug.m-3,hour,3,3,2026-04-28 13:00:00,,6ba8d891-e197-46d2-bf68-b0f3b39377cd
IT/SPO.IT0477A_6001_BETA_2022-01-01_00:00:00,6001,2026-04-28 14:00:00,2026-04-28 15:00:00,18.574938000000000000,ug.m-3,hour,3,3,2026-04-28 14:00:00,,011e91d4-c9ad-4edd-abb8-cad347d2757a
IT/SPO.IT0477A_6001_BETA_2022-01-01_00:00:00,6001,2026-04-28 15:00:00,2026-04-28 16:00:00,13.002457000000000000,ug.m-3,hour,3,3,2026-04-28 15:00:00,,8987b761-a823-4ebb-a65b-aaa53bf1b03b
IT/SPO.IT0477A_6001_BETA_2022-01-01_00:00:00,6001,2026-04-28 16:00:00,2026-04-28 17:00:00,15.776974000000000000,ug.m-3,hour,3,3,2026-04-28 16:00:00,,027d2248-7b0f-45be-8cd0-ab262cec0f9b
IT/SPO.IT0477A_6001_BETA_2022-01-01_00:00:00,6001,2026-04-28 17:00:00,2026-04-28 18:00:00,11.043881000000000000,ug.m-3,hour,3,3,2026-04-28 18:00:00,,c19b46ba-d545-42de-a0e5-5ddc966bfe80
IT/SPO.IT0477A_6001_BETA_2022-01-01_00:00:00,6001,2026-04-28 18:00:00,2026-04-28 19:00:00,7.730716000000000000,ug.m-3,hour,3,3,2026-04-28 18:00:00,,c19b46ba-d545-42de-a0e5-5ddc966bfe80
IT/SPO.IT0477A_6001_BETA_2022-01-01_00:00:00,6001,2026-04-28 19:00:00,2026-04-28 20:00:00,6.184573000000000000,ug.m-3,hour,3,3,2026-04-28 19:00:00,,9ab64f87-35fe-4273-ae19-bac00398799a
IT/SPO.IT0477A_6001_BETA_2022-01-01_00:00:00,6001,2026-04-28 20:00:00,2026-04-28 21:00:00,8.212934000000000000,ug.m-3,hour,3,3,2026-04-28 20:00:00,,bf9b010d-3744-4712-83de-b1553bc73c0c
IT/SPO.IT0477A_6001_BETA_2022-01-01_00:00:00,6001,2026-04-28 21:00:00,2026-04-28 22:00:00,7.827320000000000000,ug.m-3,hour,3,3,2026-04-28 22:00:00,,d474d4e9-761c-40c4-9f46-5dbe0c4b24ff
IT/SPO.IT0477A_6001_BETA_2022-01-01_00:00:00,6001,2026-04-28 22:00:00,2026-04-28 23:00:00,10.042780000000000000,ug.m-3,hour,3,3,2026-04-28 22:00:00,,d474d4e9-761c-40c4-9f46-5dbe0c4b24ff
IT/SPO.IT0477A_6001_BETA_2022-01-01_00:00:00,6001,2026-04-28 23:00:00,2026-04-29 00:00:00,12.466334000000000000,ug.m-3,hour,3,3,2026-04-28 23:00:00,,e6c1b2ed-018a-484a-ba42-9e0c3f4023d0
IT/SPO.IT0477A_6001_BETA_2022-01-01_00:00:00,6001,2026-04-29 00:00:00,2026-04-29 01:00:00,18.453356000000000000,ug.m-3,hour,3,3,2026-04-29 08:00:00,,db10e18b-5f89-410f-a75c-5d0b7bc271c9
IT/SPO.IT0477A_6001_BETA_2022-01-01_00:00:00,6001,2026-04-29 01:00:00,2026-04-29 02:00:00,12.917350000000000000,ug.m-3,hour,3,3,2026-04-29 08:00:00,,db10e18b-5f89-410f-a75c-5d0b7bc271c9
IT/SPO.IT0477A_6001_BETA_2022-01-01_00:00:00,6001,2026-04-29 02:00:00,2026-04-29 03:00:00,10.030009000000000000,ug.m-3,hour,3,3,2026-04-29 02:00:00,,c7c8e71e-6f10-4675-a435-d695b6f0358b
IT/SPO.IT0477A_6001_BETA_2022-01-01_00:00:00,6001,2026-04-29 03:00:00,2026-04-29 04:00:00,15.936141000000000000,ug.m-3,hour,3,3,2026-04-29 08:00:00,,db10e18b-5f89-410f-a75c-5d0b7bc271c9
IT/SPO.IT0477A_6001_BETA_2022-01-01_00:00:00,6001,2026-04-29 04:00:00,2026-04-29 05:00:00,11.155298000000000000,ug.m-3,hour,3,3,2026-04-29 04:00:00,,cd1ec82f-2a71-44de-bc91-6857ed59bfcf
IT/SPO.IT0477A_6001_BETA_2022-01-01_00:00:00,6001,2026-04-29 05:00:00,2026-04-29 06:00:00,12.495865000000000000,ug.m-3,hour,3,3,2026-04-29 05:00:00,,8dcd1e2d-07a2-46f1-b9ac-e019c9847957
IT/SPO.IT0477A_6001_BETA_2022-01-01_00:00:00,6001,2026-04-29 06:00:00,2026-04-29 07:00:00,11.620747000000000000,ug.m-3,hour,3,3,2026-04-29 06:00:00,,a44e8198-1928-4fcb-8b2e-f545b51cbe53
IT/SPO.IT0477A_6001_BETA_2022-01-01_00:00:00,6001,2026-04-29 07:00:00,2026-04-29 08:00:00,13.416055000000000000,ug.m-3,hour,3,3,2026-04-29 07:00:00,,1c9b8f20-c9da-4e68-9bcb-69e28171b7fe
IT/SPO.IT0477A_6001_BETA_2022-01-01_00:00:00,6001,2026-04-29 08:00:00,2026-04-29 09:00:00,14.659497000000000000,ug.m-3,hour,3,3,2026-04-29 08:00:00,,db10e18b-5f89-410f-a75c-5d0b7bc271c9
IT/SPO.IT0477A_6001_BETA_2022-01-01_00:00:00,6001,2026-04-29 09:00:00,2026-04-29 10:00:00,10.261648000000000000,ug.m-3,hour,3,3,2026-04-29 09:00:00,,2a30acd0-7906-469b-9215-bb8f887b7d31
IT/SPO.IT0477A_6001_BETA_2022-01-01_00:00:00,6001,2026-04-29 10:00:00,2026-04-29 11:00:00,18.070644000000000000,ug.m-3,hour,3,3,2026-04-29 10:00:00,,af3129a0-efc4-4043-b95f-b342bd82f203
IT/SPO.IT0477A_6001_BETA_2022-01-01_00:00:00,6001,2026-04-29 11:00:00,2026-04-29 12:00:00,12.649451000000000000,ug.m-3,hour,3,3,2026-04-29 11:00:00,,ccc43eb5-87e3-442b-9ea5-a6b58b69e170
IT/SPO.IT0477A_6001_BETA_2022-01-01_00:00:00,6001,2026-04-29 12:00:00,2026-04-29 13:00:00,16.993185000000000000,ug.m-3,hour,3,3,2026-04-29 12:00:00,,4cec7a6c-d0ed-4b62-9b1b-d8b48595f16e
IT/SPO.IT0477A_6001_BETA_2022-01-01_00:00:00,6001,2026-04-29 13:00:00,2026-04-29 14:00:00,15.879933000000000000,ug.m-3,hour,3,3,2026-04-29 13:00:00,,b2dcba96-e526-47f8-9559-5134776dcc8d
IT/SPO.IT0477A_6001_BETA_2022-01-01_00:00:00,6001,2026-04-29 14:00:00,2026-04-29 15:00:00,14.381479000000000000,ug.m-3,hour,3,3,2026-04-29 14:00:00,,92293ba9-89a0-4e71-b1fc-448d93d43b28
IT/SPO.IT0477A_6001_BETA_2022-01-01_00:00:00,6001,2026-04-29 15:00:00,2026-04-29 16:00:00,10.067036000000000000,ug.m-3,hour,3,3,2026-04-29 15:00:00,,f304b329-0b1f-4680-8ec7-9496c6ffd855
IT/SPO.IT0477A_6001_BETA_2022-01-01_00:00:00,6001,2026-04-29 16:00:00,2026-04-29 17:00:00,9.523633000000000000,ug.m-3,hour,3,3,2026-04-29 16:00:00,,ec8705ee-2158-47ad-a2fc-6fb053ed98c6
IT/SPO.IT0477A_6001_BETA_2022-01-01_00:00:00,6001,2026-04-29 17:00:00,2026-04-29 18:00:00,10.196269000000000000,ug.m-3,hour,3,3,2026-04-29 17:00:00,,8e6d9048-4d29-4e4e-a647-721ddfb27ba2
IT/SPO.IT0477A_6001_BETA_2022-01-01_00:00:00,6001,2026-04-29 18:00:00,2026-04-29 19:00:00,15.996563000000000000,ug.m-3,hour,3,3,2026-04-29 18:00:00,,17aa3c93-9ec6-42f2-997e-25f973ecec5a
IT/SPO.IT0477A_6001_BETA_2022-01-01_00:00:00,6001,2026-04-29 19:00:00,2026-04-29 20:00:00,15.020456000000000000,ug.m-3,hour,3,3,2026-04-29 19:00:00,,e8a4fb14-608d-4793-881e-3b21afe3c94d
IT/SPO.IT0477A_6001_BETA_2022-01-01_00:00:00,6001,2026-04-29 20:00:00,2026-04-29 21:00:00,14.528427000000000000,ug.m-3,hour,3,3,2026-04-29 20:00:00,,28ac0715-67fc-4837-adc7-4dc0c02a581a
IT/SPO.IT0477A_6001_BETA_2022-01-01_00:00:00,6001,2026-04-29 21:00:00,2026-04-29 22:00:00,12.161680000000000000,ug.m-3,hour,3,3,2026-04-29 21:00:00,,f4d1142c-d62b-4ebf-9243-0f5bf29c0575
IT/SPO.IT0477A_6001_BETA_2022-01-01_00:00:00,6001,2026-04-29 22:00:00,2026-04-29 23:00:00,12.173701000000000000,ug.m-3,hour,3,3,2026-04-29 22:00:00,,d2dfc5f6-6b9b-4c3b-b675-0d6967893192
IT/SPO.IT0477A_6001_BETA_2022-01-01_00:00:00,6001,2026-04-29 23:00:00,2026-04-30 00:00:00,10.088789000000000000,ug.m-3,hour,3,3,2026-04-29 23:00:00,,a3f9067b-afd4-41b6-82ab-6bf30d7c1957
IT/SPO.IT0477A_6001_BETA_2022-01-01_00:00:00,6001,2026-04-30 00:00:00,2026-04-30 01:00:00,15.518971000000000000,ug.m-3,hour,3,3,2026-04-30 00:00:00,,2e2fa3a6-9ed1-445a-ae0b-edb8d887731d
IT/SPO.IT0477A_6001_BETA_2022-01-01_00:00:00,6001,2026-04-30 01:00:00,2026-04-30 02:00:00,10.863279000000000000,ug.m-3,hour,3,3,2026-04-30 01:00:00,,dcdab6d7-4ef3-4009-a164-3e7016b76774
IT/SPO.IT0477A_6001_BETA_2022-01-01_00:00:00,6001,2026-04-30 02:00:00,2026-04-30 03:00:00,14.666471000000000000,ug.m-3,hour,3,3,2026-04-30 02:00:00,,33342778-34e8-4e29-bf9e-3d51f7b21fc4
IT/SPO.IT0477A_6001_BETA_2022-01-01_00:00:00,6001,2026-04-30 03:00:00,2026-04-30 04:00:00,10.266531000000000000,ug.m-3,hour,3,3,2026-04-30 03:00:00,,2d420448-4d84-4b51-95eb-c5ac0d7b3e08
IT/SPO.IT0477A_6001_BETA_2022-01-01_00:00:00,6001,2026-04-30 04:00:00,2026-04-30 05:00:00,12.371728000000000000,ug.m-3,hour,3,3,2026-04-30 04:00:00,,963948d5-e8f9-402c-86d8-d89345388767
IT/SPO.IT0477A_6001_BETA_2022-01-01_00:00:00,6001,2026-04-30 05:00:00,2026-04-30 06:00:00,8.660210000000000000,ug.m-3,hour,3,3,2026-04-30 05:00:00,,3966eebe-b38c-4d3f-84f0-a535f9f1e8da
IT/SPO.IT0477A_6001_BETA_2022-01-01_00:00:00,6001,2026-04-30 06:00:00,2026-04-30 07:00:00,6.928168000000000000,ug.m-3,hour,3,3,2026-04-30 06:00:00,,3cf5c98a-304b-478b-ad68-8fc54e099006
IT/SPO.IT0477A_6001_BETA_2022-01-01_00:00:00,6001,2026-04-30 07:00:00,2026-04-30 08:00:00,10.350129000000000000,ug.m-3,hour,3,3,2026-04-30 07:00:00,,018cb19c-ce1a-4fc6-8264-86d871821619
IT/SPO.IT0477A_6001_BETA_2022-01-01_00:00:00,6001,2026-04-30 08:00:00,2026-04-30 09:00:00,8.280104000000000000,ug.m-3,hour,3,3,2026-04-30 08:00:00,,d349a5a3-985a-4391-961d-79de298d0da7
IT/SPO.IT0477A_6001_BETA_2022-01-01_00:00:00,6001,2026-04-30 09:00:00,2026-04-30 10:00:00,6.624083000000000000,ug.m-3,hour,3,3,2026-04-30 09:00:00,,55a8ad2a-5590-4602-93df-bacc2a8802f3
IT/SPO.IT0477A_6001_BETA_2022-01-01_00:00:00,6001,2026-04-30 10:00:00,2026-04-30 11:00:00,5.299266000000000000,ug.m-3,hour,3,3,2026-04-30 10:00:00,,ecbda52c-3470-4f16-b978-0709f910845b
IT/SPO.IT0477A_6001_BETA_2022-01-01_00:00:00,6001,2026-04-30 11:00:00,2026-04-30 12:00:00,4.239413000000000000,ug.m-3,hour,3,3,2026-04-30 11:00:00,,d1c30ce4-a4dd-43de-9f8b-38d034e41a7b
IT/SPO.IT0477A_6001_BETA_2022-01-01_00:00:00,6001,2026-04-30 12:00:00,2026-04-30 13:00:00,3.391531000000000000,ug.m-3,hour,3,3,2026-04-30 12:00:00,,f88a9cdd-e043-4400-b14e-b8a8bf98a27d
IT/SPO.IT0477A_6001_BETA_2022-01-01_00:00:00,6001,2026-04-30 13:00:00,2026-04-30 14:00:00,7.979013000000000000,ug.m-3,hour,3,3,2026-04-30 13:00:00,,9721aa8d-7ec5-4075-a1b8-e1fa9babf5f6
IT/SPO.IT0477A_6001_BETA_2022-01-01_00:00:00,6001,2026-04-30 14:00:00,2026-04-30 15:00:00,10.999579000000000000,ug.m-3,hour,3,3,2026-04-30 14:00:00,,c2fc82dd-a3d2-4fb5-9bd2-035fc715a1ee
IT/SPO.IT0477A_6001_BETA_2022-01-01_00:00:00,6001,2026-04-30 15:00:00,2026-04-30 16:00:00,8.799664000000000000,ug.m-3,hour,3,3,2026-04-30 15:00:00,,2b655f67-9861-4b70-a21e-bdf2ca46155c
IT/SPO.IT0477A_6001_BETA_2022-01-01_00:00:00,6001,2026-04-30 16:00:00,2026-04-30 17:00:00,7.039731000000000000,ug.m-3,hour,3,3,2026-04-30 16:00:00,,4a7d7c7a-1ab7-45ca-bf7f-502ccea3855d
IT/SPO.IT0477A_6001_BETA_2022-01-01_00:00:00,6001,2026-04-30 17:00:00,2026-04-30 18:00:00,5.941514000000000000,ug.m-3,hour,3,3,2026-04-30 17:00:00,,e2c91c2f-899b-49b8-afc4-fc7b7cc3d2eb
IT/SPO.IT0477A_6001_BETA_2022-01-01_00:00:00,6001,2026-04-30 18:00:00,2026-04-30 19:00:00,6.020323000000000000,ug.m-3,hour,3,3,2026-04-30 18:00:00,,a1ec3328-4354-496b-bb23-9ba60231b81c
IT/SPO.IT0477A_6001_BETA_2022-01-01_00:00:00,6001,2026-04-30 19:00:00,2026-04-30 20:00:00,12.643541000000000000,ug.m-3,hour,3,3,2026-04-30 19:00:00,,ae8f8542-f51d-4a92-924b-615bd3d61e41
IT/SPO.IT0477A_6001_BETA_2022-01-01_00:00:00,6001,2026-04-30 20:00:00,2026-04-30 21:00:00,10.114833000000000000,ug.m-3,hour,3,3,2026-04-30 20:00:00,,efa8cf84-3b01-4918-8871-01dc716d6255
IT/SPO.IT0477A_6001_BETA_2022-01-01_00:00:00,6001,2026-04-30 21:00:00,2026-04-30 22:00:00,12.014835000000000000,ug.m-3,hour,3,3,2026-04-30 21:00:00,,2bb5bf73-e7f6-4127-bef2-39c181539dcc
IT/SPO.IT0477A_6001_BETA_2022-01-01_00:00:00,6001,2026-04-30 22:00:00,2026-04-30 23:00:00,16.058756000000000000,ug.m-3,hour,3,3,2026-04-30 22:00:00,,0265c064-df4c-4a81-a7d1-f985613631b3
IT/SPO.IT0477A_6001_BETA_2022-01-01_00:00:00,6001,2026-04-30 23:00:00,2026-05-01 00:00:00,11.241129000000000000,ug.m-3,hour,3,3,2026-04-30 23:00:00,,25774107-cbdb-45d5-b178-3f3d6a1ce222
IT/SPO.IT0477A_6001_BETA_2022-01-01_00:00:00,6001,2026-05-01 00:00:00,2026-05-01 01:00:00,7.868790000000000000,ug.m-3,hour,3,3,2026-05-04 08:00:00,,2a684ad6-ae17-4b4e-8a00-791ebdc7f405
IT/SPO.IT0477A_6001_BETA_2022-01-01_00:00:00,6001,2026-05-01 01:00:00,2026-05-01 02:00:00,5.508153000000000000,ug.m-3,hour,3,3,2026-05-01 01:00:00,,920635e8-cb06-4be9-bdef-67971e8d2e0a
IT/SPO.IT0477A_6001_BETA_2022-01-01_00:00:00,6001,2026-05-01 02:00:00,2026-05-01 03:00:00,10.794067000000000000,ug.m-3,hour,3,3,2026-05-01 02:00:00,,b9933754-5e07-44da-9600-c5c170c2e0b7
IT/SPO.IT0477A_6001_BETA_2022-01-01_00:00:00,6001,2026-05-01 03:00:00,2026-05-01 04:00:00,8.635254000000000000,ug.m-3,hour,3,3,2026-05-01 03:00:00,,adea593b-2f65-4b24-adac-cb702355d370
IT/SPO.IT0477A_6001_BETA_2022-01-01_00:00:00,6001,2026-05-01 04:00:00,2026-05-01 05:00:00,7.319471000000000000,ug.m-3,hour,3,3,2026-05-01 04:00:00,,8b5b100d-e346-48ed-b9b4-62901f322f89
IT/SPO.IT0477A_6001_BETA_2022-01-01_00:00:00,6001,2026-05-01 05:00:00,2026-05-01 06:00:00,6.499897000000000000,ug.m-3,hour,3,3,2026-05-01 05:00:00,,42b82b6d-4456-441e-a87f-f914dec51df7
IT/SPO.IT0477A_6001_BETA_2022-01-01_00:00:00,6001,2026-05-01 06:00:00,2026-05-01 07:00:00,6.544792000000000000,ug.m-3,hour,3,3,2026-05-01 06:00:00,,6a9ea91b-2097-4e47-b85c-5579e37281b8
IT/SPO.IT0477A_6001_BETA_2022-01-01_00:00:00,6001,2026-05-01 07:00:00,2026-05-01 08:00:00,9.576612000000000000,ug.m-3,hour,3,3,2026-05-01 07:00:00,,bd47d2c8-bf31-4703-a20d-fe19238b0158
IT/SPO.IT0477A_6001_BETA_2022-01-01_00:00:00,6001,2026-05-01 08:00:00,2026-05-01 09:00:00,7.661289000000000000,ug.m-3,hour,3,3,2026-05-01 08:00:00,,04d23d00-e8ce-4172-a6e4-a084056242f3
IT/SPO.IT0477A_6001_BETA_2022-01-01_00:00:00,6001,2026-05-01 09:00:00,2026-05-01 10:00:00,6.129031000000000000,ug.m-3,hour,3,3,2026-05-01 09:00:00,,4c5b8983-01f6-4c71-946e-5c2b22008768
IT/SPO.IT0477A_6001_BETA_2022-01-01_00:00:00,6001,2026-05-01 10:00:00,2026-05-01 11:00:00,6.302836000000000000,ug.m-3,hour,3,3,2026-05-01 10:00:00,,e3094816-4da9-4a47-a4bd-2a711ad64416
IT/SPO.IT0477A_6001_BETA_2022-01-01_00:00:00,6001,2026-05-01 11:00:00,2026-05-01 12:00:00,8.774645000000000000,ug.m-3,hour,3,3,2026-05-01 11:00:00,,c1574f0e-ebc9-46dc-89ff-18abf152101b
IT/SPO.IT0477A_6001_BETA_2022-01-01_00:00:00,6001,2026-05-01 12:00:00,2026-05-01 13:00:00,9.743171000000000000,ug.m-3,hour,3,3,2026-05-01 12:00:00,,00e17ad9-3c4d-4274-ba71-96f60b4a0ea4
IT/SPO.IT0477A_6001_BETA_2022-01-01_00:00:00,6001,2026-05-01 13:00:00,2026-05-01 14:00:00,9.444472000000000000,ug.m-3,hour,3,3,2026-05-01 13:00:00,,e4280770-b6d3-4fb4-9567-39167babf960
IT/SPO.IT0477A_6001_BETA_2022-01-01_00:00:00,6001,2026-05-01 14:00:00,2026-05-01 15:00:00,12.299878000000000000,ug.m-3,hour,3,3,2026-05-01 14:00:00,,9cb1808d-2963-4b37-9b13-43e85c30e809
IT/SPO.IT0477A_6001_BETA_2022-01-01_00:00:00,6001,2026-05-01 15:00:00,2026-05-01 16:00:00,8.609915000000000000,ug.m-3,hour,3,3,2026-05-01 15:00:00,,8ccb3f12-3ce3-44a1-925b-d4919255f024
IT/SPO.IT0477A_6001_BETA_2022-01-01_00:00:00,6001,2026-05-01 16:00:00,2026-05-01 17:00:00,6.887932000000000000,ug.m-3,hour,3,3,2026-05-01 16:00:00,,c858474f-3082-4ed2-9cd7-dae43ba4faa2
IT/SPO.IT0477A_6001_BETA_2022-01-01_00:00:00,6001,2026-05-01 17:00:00,2026-05-01 18:00:00,5.510345000000000000,ug.m-3,hour,3,3,2026-05-01 17:00:00,,5294fb48-a0af-41c2-bec6-3d867f79decf
IT/SPO.IT0477A_6001_BETA_2022-01-01_00:00:00,6001,2026-05-01 18:00:00,2026-05-01 19:00:00,9.620327000000000000,ug.m-3,hour,3,3,2026-05-01 18:00:00,,deb4e08d-84b8-4d9b-a618-462be0c4c32d
IT/SPO.IT0477A_6001_BETA_2022-01-01_00:00:00,6001,2026-05-01 19:00:00,2026-05-01 20:00:00,7.696261000000000000,ug.m-3,hour,3,3,2026-05-01 19:00:00,,7686ecce-295d-471b-ae29-bcad8cd74aee
IT/SPO.IT0477A_6001_BETA_2022-01-01_00:00:00,6001,2026-05-01 20:00:00,2026-05-01 21:00:00,12.038894000000000000,ug.m-3,hour,3,3,2026-05-01 20:00:00,,73a72e04-cc0f-4b50-b8f2-58e727da057f
IT/SPO.IT0477A_6001_BETA_2022-01-01_00:00:00,6001,2026-05-01 21:00:00,2026-05-01 22:00:00,8.427225000000000000,ug.m-3,hour,3,3,2026-05-01 21:00:00,,07bdcf43-fd42-4450-8494-9c769a07bbb5
IT/SPO.IT0477A_6001_BETA_2022-01-01_00:00:00,6001,2026-05-01 22:00:00,2026-05-01 23:00:00,6.741780000000000000,ug.m-3,hour,3,3,2026-05-01 22:00:00,,82b7cf2e-e243-4d44-9a1f-0e15b01fc260
IT/SPO.IT0477A_6001_BETA_2022-01-01_00:00:00,6001,2026-05-01 23:00:00,2026-05-02 00:00:00,5.393424000000000000,ug.m-3,hour,3,3,2026-05-01 23:00:00,,3a2385ec-7d10-455e-b88b-6609d2bc1e87
IT/SPO.IT0477A_6001_BETA_2022-01-01_00:00:00,6001,2026-05-02 00:00:00,2026-05-02 01:00:00,7.560658000000000000,ug.m-3,hour,3,3,2026-05-02 00:00:00,,2804b65b-09d7-4085-9a64-b03b7af47780
IT/SPO.IT0477A_6001_BETA_2022-01-01_00:00:00,6001,2026-05-02 01:00:00,2026-05-02 02:00:00,13.307512000000000000,ug.m-3,hour,3,3,2026-05-02 01:00:00,,1b8e5742-e775-417e-a9fc-2594403f8998
IT/SPO.IT0477A_6001_BETA_2022-01-01_00:00:00,6001,2026-05-02 02:00:00,2026-05-02 03:00:00,10.683958000000000000,ug.m-3,hour,3,3,2026-05-02 02:00:00,,8e3f1b1e-7c2e-4504-86a7-fb493f2918d7
IT/SPO.IT0477A_6001_BETA_2022-01-01_00:00:00,6001,2026-05-02 03:00:00,2026-05-02 04:00:00,7.478771000000000000,ug.m-3,hour,3,3,2026-05-02 03:00:00,,43cebcd7-8f8a-4121-9fc7-c55912dcf900
IT/SPO.IT0477A_6001_BETA_2022-01-01_00:00:00,6001,2026-05-02 04:00:00,2026-05-02 05:00:00,9.273989000000000000,ug.m-3,hour,3,3,2026-05-02 04:00:00,,40a05bbe-5329-42bc-82cf-45c2e035ea6b
IT/SPO.IT0477A_6001_BETA_2022-01-01_00:00:00,6001,2026-05-02 05:00:00,2026-05-02 06:00:00,10.989594000000000000,ug.m-3,hour,3,3,2026-05-02 05:00:00,,dd116ae0-d76c-4468-b974-fe3bd3e14005
IT/SPO.IT0477A_6001_BETA_2022-01-01_00:00:00,6001,2026-05-02 06:00:00,2026-05-02 07:00:00,12.167896000000000000,ug.m-3,hour,3,3,2026-05-02 06:00:00,,cbf1f151-6b24-4375-a39e-9101bf01103c
IT/SPO.IT0477A_6001_BETA_2022-01-01_00:00:00,6001,2026-05-02 07:00:00,2026-05-02 08:00:00,12.077198000000000000,ug.m-3,hour,3,3,2026-05-02 07:00:00,,d9520086-dbde-4939-a868-07fdff821e75
IT/SPO.IT0477A_6001_BETA_2022-01-01_00:00:00,6001,2026-05-02 08:00:00,2026-05-02 09:00:00,9.912474000000000000,ug.m-3,hour,3,3,2026-05-02 08:00:00,,89e6697d-83c2-4f99-accb-6ca9318de560
IT/SPO.IT0477A_6001_BETA_2022-01-01_00:00:00,6001,2026-05-02 09:00:00,2026-05-02 10:00:00,14.174853000000000000,ug.m-3,hour,3,3,2026-05-02 09:00:00,,a29e9598-abe1-4a98-a87b-c008fa1213a0
IT/SPO.IT0477A_6001_BETA_2022-01-01_00:00:00,6001,2026-05-02 10:00:00,2026-05-02 11:00:00,9.922398000000000000,ug.m-3,hour,3,3,2026-05-02 10:00:00,,16a58298-bf6d-4287-9a8e-42585ae07d9f
IT/SPO.IT0477A_6001_BETA_2022-01-01_00:00:00,6001,2026-05-02 11:00:00,2026-05-02 12:00:00,16.416850000000000000,ug.m-3,hour,3,3,2026-05-02 11:00:00,,943e33cb-6ba0-4fa5-8688-e06176d26609
IT/SPO.IT0477A_6001_BETA_2022-01-01_00:00:00,6001,2026-05-02 12:00:00,2026-05-02 13:00:00,11.491795000000000000,ug.m-3,hour,3,3,2026-05-02 12:00:00,,09c3319f-6bad-4de6-b86a-90e7757314d4
IT/SPO.IT0477A_6001_BETA_2022-01-01_00:00:00,6001,2026-05-02 13:00:00,2026-05-02 14:00:00,10.189322000000000000,ug.m-3,hour,3,3,2026-05-02 13:00:00,,b223cd89-a589-4ff6-994f-247af4e5ea10
IT/SPO.IT0477A_6001_BETA_2022-01-01_00:00:00,6001,2026-05-02 14:00:00,2026-05-02 15:00:00,9.344357000000000000,ug.m-3,hour,3,3,2026-05-02 14:00:00,,ba7b89df-5405-4124-9108-19b1a902f2d7
IT/SPO.IT0477A_6001_BETA_2022-01-01_00:00:00,6001,2026-05-02 15:00:00,2026-05-02 16:00:00,11.068270000000000000,ug.m-3,hour,3,3,2026-05-02 15:00:00,,d19d877d-644e-4248-932a-30b188ef6232
IT/SPO.IT0477A_6001_BETA_2022-01-01_00:00:00,6001,2026-05-02 16:00:00,2026-05-02 17:00:00,8.854616000000000000,ug.m-3,hour,3,3,2026-05-02 16:00:00,,46a182e0-7269-42cb-bf4f-13c66f4e3f52
IT/SPO.IT0477A_6001_BETA_2022-01-01_00:00:00,6001,2026-05-02 17:00:00,2026-05-02 18:00:00,7.083694000000000000,ug.m-3,hour,3,3,2026-05-02 17:00:00,,80813da4-328b-4984-8796-00343101b926
IT/SPO.IT0477A_6001_BETA_2022-01-01_00:00:00,6001,2026-05-02 18:00:00,2026-05-02 19:00:00,8.654291000000000000,ug.m-3,hour,3,3,2026-05-02 18:00:00,,55250e5e-9a59-4111-bc27-0ff562e74f2d
IT/SPO.IT0477A_6001_BETA_2022-01-01_00:00:00,6001,2026-05-02 19:00:00,2026-05-02 20:00:00,7.021827000000000000,ug.m-3,hour,3,3,2026-05-02 19:00:00,,f1505daf-fe44-42bf-a9a0-b2bb3e412e0e
IT/SPO.IT0477A_6001_BETA_2022-01-01_00:00:00,6001,2026-05-02 20:00:00,2026-05-02 21:00:00,5.617462000000000000,ug.m-3,hour,3,3,2026-05-02 20:00:00,,159b28d8-859a-4d24-a1ff-341698696b00
IT/SPO.IT0477A_6001_BETA_2022-01-01_00:00:00,6001,2026-05-02 21:00:00,2026-05-02 22:00:00,6.519974000000000000,ug.m-3,hour,3,3,2026-05-02 21:00:00,,f3a86a23-fb31-4703-896c-279c105372ed
IT/SPO.IT0477A_6001_BETA_2022-01-01_00:00:00,6001,2026-05-02 22:00:00,2026-05-02 23:00:00,8.503288000000000000,ug.m-3,hour,3,3,2026-05-02 22:00:00,,df79995e-2829-447c-9725-7b6d1646a190
IT/SPO.IT0477A_6001_BETA_2022-01-01_00:00:00,6001,2026-05-02 23:00:00,2026-05-03 00:00:00,9.892542000000000000,ug.m-3,hour,3,3,2026-05-02 23:00:00,,e7a97496-c424-46bd-b4b1-89f48e0c6e36
IT/SPO.IT0477A_6001_BETA_2022-01-01_00:00:00,6001,2026-05-03 00:00:00,2026-05-03 01:00:00,11.746276000000000000,ug.m-3,hour,3,3,2026-05-03 00:00:00,,4c7eb1b0-1442-4de9-a3ff-1fda1608a98b
IT/SPO.IT0477A_6001_BETA_2022-01-01_00:00:00,6001,2026-05-03 01:00:00,2026-05-03 02:00:00,8.274846000000000000,ug.m-3,hour,3,3,2026-05-03 01:00:00,,92d1e463-4cb2-4bda-898d-1511e32ea339
IT/SPO.IT0477A_6001_BETA_2022-01-01_00:00:00,6001,2026-05-03 02:00:00,2026-05-03 03:00:00,7.203987000000000000,ug.m-3,hour,3,3,2026-05-03 02:00:00,,7eb12be4-5c8a-48fd-969e-8b5181e109d2
IT/SPO.IT0477A_6001_BETA_2022-01-01_00:00:00,6001,2026-05-03 03:00:00,2026-05-03 04:00:00,8.124508000000000000,ug.m-3,hour,3,3,2026-05-03 03:00:00,,1a9957c7-a8cc-4c42-87ae-8582efe42505
IT/SPO.IT0477A_6001_BETA_2022-01-01_00:00:00,6001,2026-05-03 04:00:00,2026-05-03 05:00:00,8.754821000000000000,ug.m-3,hour,3,3,2026-05-03 04:00:00,,fa04d664-c793-4597-85e7-1910e4d1ea61
IT/SPO.IT0477A_6001_BETA_2022-01-01_00:00:00,6001,2026-05-03 05:00:00,2026-05-03 06:00:00,12.989291000000000000,ug.m-3,hour,3,3,2026-05-03 05:00:00,,b41ae555-df94-4558-9a97-192ea8ec660c
IT/SPO.IT0477A_6001_BETA_2022-01-01_00:00:00,6001,2026-05-03 06:00:00,2026-05-03 07:00:00,19.207552000000000000,ug.m-3,hour,3,3,2026-05-03 06:00:00,,d5593b10-79ad-47b8-842d-df65d1663ff3
IT/SPO.IT0477A_6001_BETA_2022-01-01_00:00:00,6001,2026-05-03 07:00:00,2026-05-03 08:00:00,13.747032000000000000,ug.m-3,hour,3,3,2026-05-03 07:00:00,,23d76910-268e-4012-adfb-529710f7401e
IT/SPO.IT0477A_6001_BETA_2022-01-01_00:00:00,6001,2026-05-03 08:00:00,2026-05-03 09:00:00,9.622922000000000000,ug.m-3,hour,3,3,2026-05-03 08:00:00,,7074cc75-36e7-411c-a061-ff4b7a0f7a13
IT/SPO.IT0477A_6001_BETA_2022-01-01_00:00:00,6001,2026-05-03 09:00:00,2026-05-03 10:00:00,8.749374000000000000,ug.m-3,hour,3,3,2026-05-03 09:00:00,,59ff3097-9028-4a0c-b4c3-e67db939a526
IT/SPO.IT0477A_6001_BETA_2022-01-01_00:00:00,6001,2026-05-03 10:00:00,2026-05-03 11:00:00,13.071517000000000000,ug.m-3,hour,3,3,2026-05-03 10:00:00,,888f9057-f2fa-4721-a160-790673a76ea8
IT/SPO.IT0477A_6001_BETA_2022-01-01_00:00:00,6001,2026-05-03 11:00:00,2026-05-03 12:00:00,9.913052000000000000,ug.m-3,hour,3,3,2026-05-03 11:00:00,,e637f63d-4f98-4a83-932f-bb97485ce189
IT/SPO.IT0477A_6001_BETA_2022-01-01_00:00:00,6001,2026-05-03 12:00:00,2026-05-03 13:00:00,15.146441000000000000,ug.m-3,hour,3,3,2026-05-03 12:00:00,,4d881107-1f19-4252-b5f8-6e1bb45cb114
IT/SPO.IT0477A_6001_BETA_2022-01-01_00:00:00,6001,2026-05-03 13:00:00,2026-05-03 14:00:00,10.602509000000000000,ug.m-3,hour,3,3,2026-05-03 13:00:00,,4d70aa27-1db5-46f5-9d2d-7a086e7dba49
IT/SPO.IT0477A_6001_BETA_2022-01-01_00:00:00,6001,2026-05-03 14:00:00,2026-05-03 15:00:00,7.421756000000000000,ug.m-3,hour,3,3,2026-05-03 14:00:00,,4c6be0f9-d9e3-4aa7-b15d-5a5f1d77231e
IT/SPO.IT0477A_6001_BETA_2022-01-01_00:00:00,6001,2026-05-03 15:00:00,2026-05-03 16:00:00,6.204540000000000000,ug.m-3,hour,3,3,2026-05-03 15:00:00,,8a216caf-288f-4c89-a242-668c442163e0
IT/SPO.IT0477A_6001_BETA_2022-01-01_00:00:00,6001,2026-05-03 16:00:00,2026-05-03 17:00:00,6.829470000000000000,ug.m-3,hour,3,3,2026-05-03 16:00:00,,cea271a4-f17a-43b6-8662-cf8f69fb843e
IT/SPO.IT0477A_6001_BETA_2022-01-01_00:00:00,6001,2026-05-03 17:00:00,2026-05-03 18:00:00,5.463576000000000000,ug.m-3,hour,3,3,2026-05-03 17:00:00,,a3f75957-3a44-4c7b-a09c-eb8cd7615fb2
IT/SPO.IT0477A_6001_BETA_2022-01-01_00:00:00,6001,2026-05-03 18:00:00,2026-05-03 19:00:00,4.370861000000000000,ug.m-3,hour,3,3,2026-05-03 18:00:00,,2357d532-8e72-4ada-ba25-31b2d96b8149
IT/SPO.IT0477A_6001_BETA_2022-01-01_00:00:00,6001,2026-05-03 19:00:00,2026-05-03 20:00:00,3.496688000000000000,ug.m-3,hour,3,3,2026-05-03 19:00:00,,3a4201dc-9e73-495c-834d-e893d3d09ec9
IT/SPO.IT0477A_6001_BETA_2022-01-01_00:00:00,6001,2026-05-03 20:00:00,2026-05-03 21:00:00,4.808845000000000000,ug.m-3,hour,3,3,2026-05-03 20:00:00,,56b06b2a-f2c9-432e-b885-1a77b5b6ed45
IT/SPO.IT0477A_6001_BETA_2022-01-01_00:00:00,6001,2026-05-03 21:00:00,2026-05-03 22:00:00,3.847076000000000000,ug.m-3,hour,3,3,2026-05-03 21:00:00,,482f2a70-ffcd-45dd-8f25-6a60f40a4731
IT/SPO.IT0477A_6001_BETA_2022-01-01_00:00:00,6001,2026-05-03 22:00:00,2026-05-03 23:00:00,3.077661000000000000,ug.m-3,hour,3,3,2026-05-03 22:00:00,,1e250fb2-e4fc-4af0-846c-57a94d354c63
IT/SPO.IT0477A_6001_BETA_2022-01-01_00:00:00,6001,2026-05-03 23:00:00,2026-05-04 00:00:00,6.282056000000000000,ug.m-3,hour,3,3,2026-05-03 23:00:00,,1863b048-2fca-4e35-97ba-b0e2a580b6eb
IT/SPO.IT0477A_6001_BETA_2022-01-01_00:00:00,6001,2026-05-04 00:00:00,2026-05-04 01:00:00,5.025645000000000000,ug.m-3,hour,3,3,2026-05-04 00:00:00,,93a2d806-82f6-4d23-9b3f-587ed5f938fa
IT/SPO.IT0477A_6001_BETA_2022-01-01_00:00:00,6001,2026-05-04 01:00:00,2026-05-04 02:00:00,12.618167000000000000,ug.m-3,hour,3,3,2026-05-04 01:00:00,,7ebaac7f-cd05-466f-9fac-785289f56e55
IT/SPO.IT0477A_6001_BETA_2022-01-01_00:00:00,6001,2026-05-04 02:00:00,2026-05-04 03:00:00,10.094534000000000000,ug.m-3,hour,3,3,2026-05-04 02:00:00,,42f26985-1f65-473a-aaf3-399b7e1c64b0
IT/SPO.IT0477A_6001_BETA_2022-01-01_00:00:00,6001,2026-05-04 03:00:00,2026-05-04 04:00:00,8.075627000000000000,ug.m-3,hour,3,3,2026-05-04 03:00:00,,9c0c8b7f-1984-4047-b365-a5c13aa95d37
IT/SPO.IT0477A_6001_BETA_2022-01-01_00:00:00,6001,2026-05-04 04:00:00,2026-05-04 05:00:00,7.689252000000000000,ug.m-3,hour,3,3,2026-05-04 04:00:00,,2a4bf563-95f6-43e2-9984-43ee57bab47d
IT/SPO.IT0477A_6001_BETA_2022-01-01_00:00:00,6001,2026-05-04 05:00:00,2026-05-04 06:00:00,6.151402000000000000,ug.m-3,hour,3,3,2026-05-04 05:00:00,,b3937f9d-48aa-4a82-86ab-ff4647ffb02c
IT/SPO.IT0477A_6001_BETA_2022-01-01_00:00:00,6001,2026-05-04 06:00:00,2026-05-04 07:00:00,7.549757000000000000,ug.m-3,hour,3,3,2026-05-04 06:00:00,,68e68dac-2bf1-4310-9e74-20f2b8f111de
IT/SPO.IT0477A_6001_BETA_2022-01-01_00:00:00,6001,2026-05-04 07:00:00,2026-05-04 08:00:00,6.039806000000000000,ug.m-3,hour,3,3,2026-05-04 07:00:00,,d6e1a26b-6b1c-41e8-93fa-f43e6d14a48d
IT/SPO.IT0477A_6001_BETA_2022-01-01_00:00:00,6001,2026-05-04 08:00:00,2026-05-04 09:00:00,4.831845000000000000,ug.m-3,hour,3,3,2026-05-04 08:00:00,,2a684ad6-ae17-4b4e-8a00-791ebdc7f405
IT/SPO.IT0477A_6001_BETA_2022-01-01_00:00:00,6001,2026-05-04 09:00:00,2026-05-04 10:00:00,7.445926000000000000,ug.m-3,hour,3,3,2026-05-04 09:00:00,,51ff0018-0773-4437-be8a-1eba9b0cafd7
IT/SPO.IT0477A_6001_BETA_2022-01-01_00:00:00,6001,2026-05-04 10:00:00,2026-05-04 11:00:00,8.551200000000000000,ug.m-3,hour,3,3,2026-05-04 10:00:00,,4ed4cf75-0658-43e8-b4dc-5f67e4d38237
IT/SPO.IT0477A_6001_BETA_2022-01-01_00:00:00,6001,2026-05-04 11:00:00,2026-05-04 12:00:00,6.840960000000000000,ug.m-3,hour,3,3,2026-05-04 11:00:00,,c55b077d-a172-44f6-b1f7-7008c2e6d1aa
IT/SPO.IT0477A_6001_BETA_2022-01-01_00:00:00,6001,2026-05-04 12:00:00,2026-05-04 13:00:00,9.885105000000000000,ug.m-3,hour,3,3,2026-05-04 12:00:00,,960ca140-a0c4-41ee-9e3f-002b223943dc
IT/SPO.IT0477A_6001_BETA_2022-01-01_00:00:00,6001,2026-05-04 13:00:00,2026-05-04 14:00:00,7.908085000000000000,ug.m-3,hour,3,3,2026-05-04 13:00:00,,ddfd5f4e-8b4c-4ee3-8614-dd4315f993a6
IT/SPO.IT0477A_6001_BETA_2022-01-01_00:00:00,6001,2026-05-04 14:00:00,2026-05-04 15:00:00,7.028660000000000000,ug.m-3,hour,3,3,2026-05-04 14:00:00,,87fc9eb0-f3c3-445e-909a-b1e48abac360
IT/SPO.IT0477A_6001_BETA_2022-01-01_00:00:00,6001,2026-05-04 15:00:00,2026-05-04 16:00:00,9.417140000000000000,ug.m-3,hour,3,3,2026-05-04 15:00:00,,730a99f9-800e-4e4e-8ef0-b40ff9f2bada
IT/SPO.IT0477A_6001_BETA_2022-01-01_00:00:00,6001,2026-05-04 16:00:00,2026-05-04 17:00:00,8.417553000000000000,ug.m-3,hour,3,3,2026-05-04 16:00:00,,095b5b34-38f1-49e3-afcd-5a908c130b68
IT/SPO.IT0477A_6001_BETA_2022-01-01_00:00:00,6001,2026-05-04 17:00:00,2026-05-04 18:00:00,6.734042000000000000,ug.m-3,hour,3,3,2026-05-04 17:00:00,,7df4e952-e086-4ca6-a7dd-2f114d53dfc7
IT/SPO.IT0477A_6001_BETA_2022-01-01_00:00:00,6001,2026-05-04 18:00:00,2026-05-04 19:00:00,5.387234000000000000,ug.m-3,hour,3,3,2026-05-04 18:00:00,,197dd608-9feb-4da8-8629-47a03ba89134
IT/SPO.IT0477A_6001_BETA_2022-01-01_00:00:00,6001,2026-05-04 19:00:00,2026-05-04 20:00:00,4.309787000000000000,ug.m-3,hour,3,3,2026-05-04 19:00:00,,5d226337-1fbd-49d5-856c-585f76f64002
IT/SPO.IT0477A_6001_BETA_2022-01-01_00:00:00,6001,2026-05-04 20:00:00,2026-05-04 21:00:00,6.956312000000000000,ug.m-3,hour,3,3,2026-05-04 20:00:00,,b5472be3-0d0d-4d42-9913-cfca82e41b2b
IT/SPO.IT0477A_6001_BETA_2022-01-01_00:00:00,6001,2026-05-04 21:00:00,2026-05-04 22:00:00,5.565050000000000000,ug.m-3,hour,3,3,2026-05-04 21:00:00,,1394fe4b-b88e-4a16-bc55-a91c6c6f7b4e
IT/SPO.IT0477A_6001_BETA_2022-01-01_00:00:00,6001,2026-05-04 22:00:00,2026-05-04 23:00:00,4.452040000000000000,ug.m-3,hour,3,3,2026-05-04 22:00:00,,37cb44c8-21a0-4790-b8b6-91ec96071f7c
IT/SPO.IT0477A_6001_BETA_2022-01-01_00:00:00,6001,2026-05-04 23:00:00,2026-05-05 00:00:00,3.561632000000000000,ug.m-3,hour,3,3,2026-05-04 23:00:00,,6f5b4707-687e-41c7-81a3-07ae4b2a1f5f
IT/SPO.IT0477A_6001_BETA_2022-01-01_00:00:00,6001,2026-05-05 00:00:00,2026-05-05 01:00:00,2.849305000000000000,ug.m-3,hour,3,3,2026-05-05 00:00:00,,b1791769-cf11-48a1-b89f-72504dc82f12
IT/SPO.IT0477A_6001_BETA_2022-01-01_00:00:00,6001,2026-05-05 01:00:00,2026-05-05 02:00:00,2.446989000000000000,ug.m-3,hour,3,3,2026-05-05 01:00:00,,81763ce6-ef56-4c11-927a-c418e91a9d30
IT/SPO.IT0477A_6001_BETA_2022-01-01_00:00:00,6001,2026-05-05 02:00:00,2026-05-05 03:00:00,2.108840000000000000,ug.m-3,hour,3,3,2026-05-05 02:00:00,,d22e4421-2923-4bc7-8597-8b8927b71a61
IT/SPO.IT0477A_6001_BETA_2022-01-01_00:00:00,6001,2026-05-05 03:00:00,2026-05-05 04:00:00,1.753332000000000000,ug.m-3,hour,3,3,2026-05-05 03:00:00,,4b360e7f-5d38-4592-9c55-3f3723b16649
IT/SPO.IT0477A_6001_BETA_2022-01-01_00:00:00,6001,2026-05-05 04:00:00,2026-05-05 05:00:00,1.402666000000000000,ug.m-3,hour,3,3,2026-05-05 04:00:00,,8ef09d2c-bf11-4744-b12e-393901ccd3cf
IT/SPO.IT0477A_6001_BETA_2022-01-01_00:00:00,6001,2026-05-05 05:00:00,2026-05-05 06:00:00,1.122133000000000000,ug.m-3,hour,3,3,2026-05-05 05:00:00,,6c0b40be-39f8-43f7-9dcd-d18a453d7044
IT/SPO.IT0477A_6001_BETA_2022-01-01_00:00:00,6001,2026-05-05 06:00:00,2026-05-05 07:00:00,3.352102000000000000,ug.m-3,hour,3,3,2026-05-05 06:00:00,,1bbb8427-e535-4dde-85e7-f0df4068781b
IT/SPO.IT0477A_6001_BETA_2022-01-01_00:00:00,6001,2026-05-05 07:00:00,2026-05-05 08:00:00,3.235959000000000000,ug.m-3,hour,3,3,2026-05-05 07:00:00,,3a606929-81ab-412e-991f-3c9bed196794
IT/SPO.IT0477A_6001_BETA_2022-01-01_00:00:00,6001,2026-05-05 08:00:00,2026-05-05 09:00:00,5.694499000000000000,ug.m-3,hour,3,3,2026-05-05 08:00:00,,23023ad1-46ef-47a7-bf5c-254374f42874
IT/SPO.IT0477A_6001_BETA_2022-01-01_00:00:00,6001,2026-05-05 09:00:00,2026-05-05 10:00:00,4.555599000000000000,ug.m-3,hour,3,3,2026-05-05 09:00:00,,78c68d45-b4c6-4d76-bfff-667c326632b2
IT/SPO.IT0477A_6001_BETA_2022-01-01_00:00:00,6001,2026-05-05 10:00:00,2026-05-05 11:00:00,9.616787000000000000,ug.m-3,hour,3,3,2026-05-05 10:00:00,,8a12b665-ece7-4343-9a54-5e7369825fb0
IT/SPO.IT0477A_6001_BETA_2022-01-01_00:00:00,6001,2026-05-05 11:00:00,2026-05-05 12:00:00,10.199887000000000000,ug.m-3,hour,3,3,2026-05-05 11:00:00,,e03f12d5-bc87-44ae-96ba-d27e3131d6c0
IT/SPO.IT0477A_6001_BETA_2022-01-01_00:00:00,6001,2026-05-05 12:00:00,2026-05-05 13:00:00,8.159909000000000000,ug.m-3,hour,3,3,2026-05-05 12:00:00,,ba714133-ff4a-41fc-ab6e-67c3d6a282f2
IT/SPO.IT0477A_6001_BETA_2022-01-01_00:00:00,6001,2026-05-05 13:00:00,2026-05-05 14:00:00,12.698165000000000000,ug.m-3,hour,3,3,2026-05-05 13:00:00,,00cd3ae0-2f46-4cb8-9023-adb42749ffc9
IT/SPO.IT0477A_6001_BETA_2022-01-01_00:00:00,6001,2026-05-05 14:00:00,2026-05-05 15:00:00,10.171657000000000000,ug.m-3,hour,3,3,2026-05-05 14:00:00,,02ffaee6-1a88-48f8-97d6-88ef61382e64
IT/SPO.IT0477A_6001_BETA_2022-01-01_00:00:00,6001,2026-05-05 15:00:00,2026-05-05 16:00:00,11.369921000000000000,ug.m-3,hour,3,3,2026-05-05 15:00:00,,698380d4-eaf7-40c0-9a06-66ab6688d1a7
IT/SPO.IT0477A_6001_BETA_2022-01-01_00:00:00,6001,2026-05-05 16:00:00,2026-05-05 17:00:00,17.087470000000000000,ug.m-3,hour,3,3,2026-05-05 16:00:00,,65add8ba-8ca5-4390-973a-a7f6885ad0e1
IT/SPO.IT0477A_6001_BETA_2022-01-01_00:00:00,6001,2026-05-05 17:00:00,2026-05-05 18:00:00,11.961228000000000000,ug.m-3,hour,3,3,2026-05-05 17:00:00,,801b6bea-62cc-4eb9-b0e6-31f87c2a17b3
IT/SPO.IT0477A_6001_BETA_2022-01-01_00:00:00,6001,2026-05-05 18:00:00,2026-05-05 19:00:00,30.566221000000000000,ug.m-3,hour,3,3,2026-05-05 18:00:00,,e473807f-f4f4-4652-8fa3-d50a2bc1371f
IT/SPO.IT0477A_6001_BETA_2022-01-01_00:00:00,6001,2026-05-05 19:00:00,2026-05-05 20:00:00,21.396357000000000000,ug.m-3,hour,3,3,2026-05-05 19:00:00,,ff5af52b-9c48-42e6-a175-b21b30ed648f
IT/SPO.IT0477A_6001_BETA_2022-01-01_00:00:00,6001,2026-05-05 20:00:00,2026-05-05 21:00:00,14.977449000000000000,ug.m-3,hour,3,3,2026-05-05 20:00:00,,6e0c8670-c9c2-41dc-a19b-c46e4717b58b
IT/SPO.IT0477A_6001_BETA_2022-01-01_00:00:00,6001,2026-05-05 21:00:00,2026-05-05 22:00:00,15.371392000000000000,ug.m-3,hour,3,3,2026-05-05 21:00:00,,2443b905-7ca1-43e9-bb6f-6d77b4b290ec
IT/SPO.IT0477A_6001_BETA_2022-01-01_00:00:00,6001,2026-05-05 22:00:00,2026-05-05 23:00:00,10.759974000000000000,ug.m-3,hour,3,3,2026-05-05 22:00:00,,47cc3478-5fbc-4cf0-bb24-8e3f25df0eb7
IT/SPO.IT0477A_6001_BETA_2022-01-01_00:00:00,6001,2026-05-05 23:00:00,2026-05-06 00:00:00,22.593538000000000000,ug.m-3,hour,3,3,2026-05-05 23:00:00,,e19a81e9-a5b4-40f0-808f-31c65f001f69
IT/SPO.IT0477A_6001_BETA_2022-01-01_00:00:00,6001,2026-05-06 00:00:00,2026-05-06 01:00:00,18.096287000000000000,ug.m-3,hour,3,3,2026-05-06 00:00:00,,3ae77831-5e76-49cd-83ed-e79e621a0e54
IT/SPO.IT0477A_6001_BETA_2022-01-01_00:00:00,6001,2026-05-06 01:00:00,2026-05-06 02:00:00,15.376153000000000000,ug.m-3,hour,3,3,2026-05-06 01:00:00,,699a546e-fec0-4f08-a833-b85965a21fa5
IT/SPO.IT0477A_6001_BETA_2022-01-01_00:00:00,6001,2026-05-06 02:00:00,2026-05-06 03:00:00,10.763307000000000000,ug.m-3,hour,3,3,2026-05-06 02:00:00,,2932555f-fcc6-4995-b793-7fa543e5c80c
IT/SPO.IT0477A_6001_BETA_2022-01-01_00:00:00,6001,2026-05-06 03:00:00,2026-05-06 04:00:00,8.240461000000000000,ug.m-3,hour,3,3,2026-05-06 03:00:00,,22e90275-9307-4c7a-b990-4d68250718e0
IT/SPO.IT0477A_6001_BETA_2022-01-01_00:00:00,6001,2026-05-06 04:00:00,2026-05-06 05:00:00,14.814548000000000000,ug.m-3,hour,3,3,2026-05-06 04:00:00,,d9414404-e2fc-4a53-8684-777836782246
IT/SPO.IT0477A_6001_BETA_2022-01-01_00:00:00,6001,2026-05-06 05:00:00,2026-05-06 06:00:00,20.983477000000000000,ug.m-3,hour,3,3,2026-05-06 05:00:00,,c20d8d61-3706-457c-83a1-f6431ebde6be
IT/SPO.IT0477A_6001_BETA_2022-01-01_00:00:00,6001,2026-05-06 06:00:00,2026-05-06 07:00:00,17.354960000000000000,ug.m-3,hour,3,3,2026-05-06 06:00:00,,0b3b86de-9e11-4513-90ae-18c628c6e4f5
IT/SPO.IT0477A_6001_BETA_2022-01-01_00:00:00,6001,2026-05-06 07:00:00,2026-05-06 08:00:00,13.855961000000000000,ug.m-3,hour,3,3,2026-05-06 07:00:00,,27ed8c10-6628-46f3-b77a-fbdc09706b50
IT/SPO.IT0477A_6001_BETA_2022-01-01_00:00:00,6001,2026-05-06 08:00:00,2026-05-06 09:00:00,18.884428000000000000,ug.m-3,hour,3,3,2026-05-06 08:00:00,,015a0727-913c-46fe-9b58-8ea668fab351
IT/SPO.IT0477A_6001_BETA_2022-01-01_00:00:00,6001,2026-05-06 09:00:00,2026-05-06 10:00:00,16.445484000000000000,ug.m-3,hour,3,3,2026-05-06 09:00:00,,87921a82-006b-4873-805b-37702dfc3738
IT/SPO.IT0477A_6001_BETA_2022-01-01_00:00:00,6001,2026-05-06 10:00:00,2026-05-06 11:00:00,11.511839000000000000,ug.m-3,hour,3,3,2026-05-06 10:00:00,,faddaf86-494c-46a4-8b6a-42d623c62a2c
IT/SPO.IT0477A_6001_BETA_2022-01-01_00:00:00,6001,2026-05-06 11:00:00,2026-05-06 12:00:00,17.555720000000000000,ug.m-3,hour,3,3,2026-05-06 11:00:00,,88b43c37-665f-44c2-8d59-5319902750d3
IT/SPO.IT0477A_6001_BETA_2022-01-01_00:00:00,6001,2026-05-06 12:00:00,2026-05-06 13:00:00,20.900808000000000000,ug.m-3,hour,3,3,2026-05-06 12:00:00,,5d8b39a0-063c-4c62-92ff-0a00bb128e35
IT/SPO.IT0477A_6001_BETA_2022-01-01_00:00:00,6001,2026-05-06 13:00:00,2026-05-06 14:00:00,14.630565000000000000,ug.m-3,hour,3,3,2026-05-06 13:00:00,,bf3d4cbc-060f-4e2f-b739-4ba8a0470230
IT/SPO.IT0477A_6001_BETA_2022-01-01_00:00:00,6001,2026-05-06 14:00:00,2026-05-06 15:00:00,10.241395000000000000,ug.m-3,hour,3,3,2026-05-06 14:00:00,,6f4d04af-c148-464a-8dbb-46e997613d01
IT/SPO.IT0477A_6001_BETA_2022-01-01_00:00:00,6001,2026-05-06 15:00:00,2026-05-06 16:00:00,7.168976000000000000,ug.m-3,hour,3,3,2026-05-06 15:00:00,,0e25b411-f138-4389-a4fa-d195aeab907b
IT/SPO.IT0477A_6001_BETA_2022-01-01_00:00:00,6001,2026-05-06 16:00:00,2026-05-06 17:00:00,5.735180000000000000,ug.m-3,hour,3,3,2026-05-06 16:00:00,,3e92f582-99ff-4e84-9b9f-84a5d6cb3dfc
IT/SPO.IT0477A_6001_BETA_2022-01-01_00:00:00,6001,2026-05-06 17:00:00,2026-05-06 18:00:00,4.588145000000000000,ug.m-3,hour,3,3,2026-05-06 17:00:00,,eeb6b172-1061-430a-92c3-a26169f7bbbc
IT/SPO.IT0477A_6001_BETA_2022-01-01_00:00:00,6001,2026-05-06 18:00:00,2026-05-06 19:00:00,3.670516000000000000,ug.m-3,hour,3,3,2026-05-06 18:00:00,,eebf0327-f2bc-4116-8793-0b6268e3c27e
IT/SPO.IT0477A_6001_BETA_2022-01-01_00:00:00,6001,2026-05-06 19:00:00,2026-05-06 20:00:00,2.936413000000000000,ug.m-3,hour,3,3,2026-05-06 19:00:00,,262ecc0b-dda2-4016-b60d-a78c175c3ae0
IT/SPO.IT0477A_6001_BETA_2022-01-01_00:00:00,6001,2026-05-06 20:00:00,2026-05-06 21:00:00,2.349130000000000000,ug.m-3,hour,3,3,2026-05-06 20:00:00,,1167654d-c0b3-4e37-a63e-1c0aca54b26c
IT/SPO.IT0477A_6001_BETA_2022-01-01_00:00:00,6001,2026-05-06 21:00:00,2026-05-06 22:00:00,1.879304000000000000,ug.m-3,hour,3,3,2026-05-06 21:00:00,,f260d6ad-0059-4049-947a-fe732eb043cb
IT/SPO.IT0477A_6001_BETA_2022-01-01_00:00:00,6001,2026-05-06 22:00:00,2026-05-06 23:00:00,1.503443000000000000,ug.m-3,hour,3,3,2026-05-06 22:00:00,,f6b26e52-1b4d-410a-96c1-1ec82948665a
IT/SPO.IT0477A_6001_BETA_2022-01-01_00:00:00,6001,2026-05-06 23:00:00,2026-05-07 00:00:00,1.202755000000000000,ug.m-3,hour,3,3,2026-05-06 23:00:00,,b305a77a-96a5-47f1-9f8a-ed1f697e3dd9
IT/SPO.IT0477A_6001_BETA_2022-01-01_00:00:00,6001,2026-05-07 00:00:00,2026-05-07 01:00:00,0.962204000000000000,ug.m-3,hour,3,3,2026-05-07 00:00:00,,c4162671-6cfc-4e04-815e-f4100219fa64
IT/SPO.IT0477A_6001_BETA_2022-01-01_00:00:00,6001,2026-05-07 01:00:00,2026-05-07 02:00:00,1.218212000000000000,ug.m-3,hour,3,3,2026-05-07 01:00:00,,f6b676bd-a5e1-446e-8d82-7fa1954c8c1c
IT/SPO.IT0477A_6001_BETA_2022-01-01_00:00:00,6001,2026-05-07 02:00:00,2026-05-07 03:00:00,2.544492000000000000,ug.m-3,hour,3,3,2026-05-07 02:00:00,,0ad3c794-523a-4b69-806d-50b5646c3abd
IT/SPO.IT0477A_6001_BETA_2022-01-01_00:00:00,6001,2026-05-07 03:00:00,2026-05-07 04:00:00,2.035594000000000000,ug.m-3,hour,3,3,2026-05-07 03:00:00,,5979911a-d2b3-4ae0-ad2b-3d04f1bcaf9d
IT/SPO.IT0477A_6001_BETA_2022-01-01_00:00:00,6001,2026-05-07 04:00:00,2026-05-07 05:00:00,1.628475000000000000,ug.m-3,hour,3,3,2026-05-07 04:00:00,,860127a3-c8fc-450e-8f9b-9b6d65703e76
IT/SPO.IT0477A_6001_BETA_2022-01-01_00:00:00,6001,2026-05-07 05:00:00,2026-05-07 06:00:00,1.706738000000000000,ug.m-3,hour,3,3,2026-05-07 05:00:00,,cf23dff8-6734-4953-8434-da6361bd2524
IT/SPO.IT0477A_6001_BETA_2022-01-01_00:00:00,6001,2026-05-07 06:00:00,2026-05-07 07:00:00,5.155678000000000000,ug.m-3,hour,3,3,2026-05-07 06:00:00,,7b2090ec-5fad-4bb1-869a-8cdf3f220c03
IT/SPO.IT0477A_6001_BETA_2022-01-01_00:00:00,6001,2026-05-07 07:00:00,2026-05-07 08:00:00,4.124542000000000000,ug.m-3,hour,3,3,2026-05-07 07:00:00,,a2dca775-8d5c-46d4-a8da-f142d1358331
IT/SPO.IT0477A_6001_BETA_2022-01-01_00:00:00,6001,2026-05-07 08:00:00,2026-05-07 09:00:00,3.299634000000000000,ug.m-3,hour,3,3,2026-05-07 08:00:00,,05ec27f4-8b8b-4207-9005-c6cc788ce572
IT/SPO.IT0477A_6001_BETA_2022-01-01_00:00:00,6001,2026-05-07 09:00:00,2026-05-07 10:00:00,2.639707000000000000,ug.m-3,hour,3,3,2026-05-07 09:00:00,,03f0ce23-9855-4e74-8fc0-f8ff3b01a76f
IT/SPO.IT0477A_6001_BETA_2022-01-01_00:00:00,6001,2026-05-07 10:00:00,2026-05-07 11:00:00,2.111766000000000000,ug.m-3,hour,3,3,2026-05-07 10:00:00,,10015495-3eac-45a3-a118-e15f2032db7b
IT/SPO.IT0477A_6001_BETA_2022-01-01_00:00:00,6001,2026-05-07 11:00:00,2026-05-07 12:00:00,2.794523000000000000,ug.m-3,hour,3,3,2026-05-07 11:00:00,,05735a88-7c8c-4714-85e3-5b3b469d4463
IT/SPO.IT0477A_6001_BETA_2022-01-01_00:00:00,6001,2026-05-07 12:00:00,2026-05-07 13:00:00,2.235618000000000000,ug.m-3,hour,3,3,2026-05-07 12:00:00,,21c0f12e-b9b8-4fd6-8f53-2d6ad4b006fc
IT/SPO.IT0477A_6001_BETA_2022-01-01_00:00:00,6001,2026-05-07 13:00:00,2026-05-07 14:00:00,2.083333000000000000,ug.m-3,hour,3,3,2026-05-07 13:00:00,,cff7af6a-f945-45a2-a6db-fd51d2709eb0
IT/SPO.IT0477A_6001_BETA_2022-01-01_00:00:00,6001,2026-05-07 14:00:00,2026-05-07 15:00:00,1.666666000000000000,ug.m-3,hour,3,3,2026-05-07 14:00:00,,56ea366f-2d32-422c-b809-ceb8d5d0ec88
IT/SPO.IT0477A_6001_BETA_2022-01-01_00:00:00,6001,2026-05-07 15:00:00,2026-05-07 16:00:00,7.188331000000000000,ug.m-3,hour,3,3,2026-05-07 15:00:00,,fa80e938-dedb-49c4-b067-b2caa39ba92a
IT/SPO.IT0477A_6001_BETA_2022-01-01_00:00:00,6001,2026-05-07 16:00:00,2026-05-07 17:00:00,5.750665000000000000,ug.m-3,hour,3,3,2026-05-07 16:00:00,,8810d852-1b43-405f-9ed9-3315897dc95d
IT/SPO.IT0477A_6001_BETA_2022-01-01_00:00:00,6001,2026-05-07 17:00:00,2026-05-07 18:00:00,4.600532000000000000,ug.m-3,hour,3,3,2026-05-07 17:00:00,,fb4335a7-9b7c-4fc7-b83a-a00db3f1905c
IT/SPO.IT0477A_6001_BETA_2022-01-01_00:00:00,6001,2026-05-07 18:00:00,2026-05-07 19:00:00,3.680425000000000000,ug.m-3,hour,3,3,2026-05-07 18:00:00,,5aee494c-87ad-4278-a476-fa802f0249a6
IT/SPO.IT0477A_6001_BETA_2022-01-01_00:00:00,6001,2026-05-07 19:00:00,2026-05-07 20:00:00,4.645210000000000000,ug.m-3,hour,3,3,2026-05-07 19:00:00,,51cb9615-4ecd-49c3-9272-323a510c6cf7
IT/SPO.IT0477A_6001_BETA_2022-01-01_00:00:00,6001,2026-05-07 20:00:00,2026-05-07 21:00:00,3.716168000000000000,ug.m-3,hour,3,3,2026-05-07 20:00:00,,dd905985-4d78-44cd-b3e5-6adecc617bc4
IT/SPO.IT0477A_6001_BETA_2022-01-01_00:00:00,6001,2026-05-07 21:00:00,2026-05-07 22:00:00,3.177958000000000000,ug.m-3,hour,3,3,2026-05-07 21:00:00,,80571e15-9140-4fb9-abf9-a440875ca0a7
IT/SPO.IT0477A_6001_BETA_2022-01-01_00:00:00,6001,2026-05-07 22:00:00,2026-05-07 23:00:00,3.187012000000000000,ug.m-3,hour,3,3,2026-05-07 22:00:00,,628ab312-43cb-4a56-a2dd-088b707d8e36
IT/SPO.IT0477A_6001_BETA_2022-01-01_00:00:00,6001,2026-05-07 23:00:00,2026-05-08 00:00:00,2.715393000000000000,ug.m-3,hour,3,3,2026-05-07 23:00:00,,c0cf1d64-1874-457e-939f-4c31434f107d
IT/SPO.IT0477A_6001_BETA_2022-01-01_00:00:00,6001,2026-05-08 00:00:00,2026-05-08 01:00:00,9.199805000000000000,ug.m-3,hour,3,3,2026-05-08 00:00:00,,c11ee87a-1ced-4775-a98f-24d892832a20
IT/SPO.IT0477A_6001_BETA_2022-01-01_00:00:00,6001,2026-05-08 01:00:00,2026-05-08 02:00:00,7.592170000000000000,ug.m-3,hour,3,3,2026-05-08 01:00:00,,2946a5bb-78c9-4650-9277-d0a09f1ebb3d
IT/SPO.IT0477A_6001_BETA_2022-01-01_00:00:00,6001,2026-05-08 02:00:00,2026-05-08 03:00:00,8.560114000000000000,ug.m-3,hour,3,3,2026-05-08 02:00:00,,c4828380-dc58-4288-a108-31d2b90caf61
IT/SPO.IT0477A_6001_BETA_2022-01-01_00:00:00,6001,2026-05-08 03:00:00,2026-05-08 04:00:00,6.848091000000000000,ug.m-3,hour,3,3,2026-05-08 03:00:00,,ecc09171-79d1-4cd9-9166-7657a7f4156a
IT/SPO.IT0477A_6001_BETA_2022-01-01_00:00:00,6001,2026-05-08 04:00:00,2026-05-08 05:00:00,5.478473000000000000,ug.m-3,hour,3,3,2026-05-08 04:00:00,,6bccf3a3-946f-410a-a44d-124abaa38a40
IT/SPO.IT0477A_6001_BETA_2022-01-01_00:00:00,6001,2026-05-08 05:00:00,2026-05-08 06:00:00,6.298899000000000000,ug.m-3,hour,3,3,2026-05-08 05:00:00,,22d490eb-29ed-4fe7-b474-4f0f7471e293
IT/SPO.IT0477A_6001_BETA_2022-01-01_00:00:00,6001,2026-05-08 06:00:00,2026-05-08 07:00:00,5.039119000000000000,ug.m-3,hour,3,3,2026-05-08 06:00:00,,e6357ab6-c835-4dec-8b31-5dc36f1dfaa3
IT/SPO.IT0477A_6001_BETA_2022-01-01_00:00:00,6001,2026-05-08 07:00:00,2026-05-08 08:00:00,8.575879000000000000,ug.m-3,hour,3,3,2026-05-08 07:00:00,,98ad9a10-f017-4524-bcad-6ac23501d22e
IT/SPO.IT0477A_6001_BETA_2022-01-01_00:00:00,6001,2026-05-08 08:00:00,2026-05-08 09:00:00,6.860703000000000000,ug.m-3,hour,3,3,2026-05-08 08:00:00,,be71425b-788c-4176-9c1e-2ff0a19870cd
IT/SPO.IT0477A_6001_BETA_2022-01-01_00:00:00,6001,2026-05-08 09:00:00,2026-05-08 10:00:00,13.108752000000000000,ug.m-3,hour,3,3,2026-05-08 09:00:00,,b722f8ab-07bb-41be-8409-bac420bf8d6b
IT/SPO.IT0477A_6001_BETA_2022-01-01_00:00:00,6001,2026-05-08 10:00:00,2026-05-08 11:00:00,10.307035000000000000,ug.m-3,hour,3,3,2026-05-08 10:00:00,,3f176bbe-56ae-465e-bed9-4800163a7b49
IT/SPO.IT0477A_6001_BETA_2022-01-01_00:00:00,6001,2026-05-08 11:00:00,2026-05-08 12:00:00,16.751722000000000000,ug.m-3,hour,3,3,2026-05-08 11:00:00,,a4fa9c79-cf4e-4fb3-a534-270172e36139
IT/SPO.IT0477A_6001_BETA_2022-01-01_00:00:00,6001,2026-05-08 12:00:00,2026-05-08 13:00:00,17.072414000000000000,ug.m-3,hour,3,3,2026-05-08 12:00:00,,dc0ebfaf-2ad8-4558-9351-8ba2c805fdb1
IT/SPO.IT0477A_6001_BETA_2022-01-01_00:00:00,6001,2026-05-08 13:00:00,2026-05-08 14:00:00,11.950690000000000000,ug.m-3,hour,3,3,2026-05-08 13:00:00,,51ae2966-5cb6-488e-896c-538a8914c000
IT/SPO.IT0477A_6001_BETA_2022-01-01_00:00:00,6001,2026-05-08 14:00:00,2026-05-08 15:00:00,12.131922000000000000,ug.m-3,hour,3,3,2026-05-08 14:00:00,,6fcc3d2e-452d-4049-9c05-e461a9c2e0b8
IT/SPO.IT0477A_6001_BETA_2022-01-01_00:00:00,6001,2026-05-08 15:00:00,2026-05-08 16:00:00,8.492345000000000000,ug.m-3,hour,3,3,2026-05-08 15:00:00,,4638ef51-b988-4d09-a79f-4dcdc842c99f
IT/SPO.IT0477A_6001_BETA_2022-01-01_00:00:00,6001,2026-05-08 16:00:00,2026-05-08 17:00:00,14.837406000000000000,ug.m-3,hour,3,3,2026-05-08 16:00:00,,a18cf0a9-fe12-4408-91db-b1dc5d9309f9
IT/SPO.IT0477A_6001_BETA_2022-01-01_00:00:00,6001,2026-05-08 17:00:00,2026-05-08 18:00:00,11.653516000000000000,ug.m-3,hour,3,3,2026-05-08 17:00:00,,881ec80e-6acf-48de-a613-105bedd19dde
IT/SPO.IT0477A_6001_BETA_2022-01-01_00:00:00,6001,2026-05-08 18:00:00,2026-05-08 19:00:00,8.157461000000000000,ug.m-3,hour,3,3,2026-05-11 08:00:00,,7a9caed9-9234-4863-a0e6-975a35d35655
IT/SPO.IT0477A_6001_BETA_2022-01-01_00:00:00,6001,2026-05-08 19:00:00,2026-05-08 20:00:00,6.040737000000000000,ug.m-3,hour,3,3,2026-05-08 19:00:00,,06f6448b-119a-49be-84d7-e5238adf5a64
IT/SPO.IT0477A_6001_BETA_2022-01-01_00:00:00,6001,2026-05-08 20:00:00,2026-05-08 21:00:00,4.832590000000000000,ug.m-3,hour,3,3,2026-05-16 00:00:00,,86686e16-2b0c-4048-bf01-ce735c5833b4
IT/SPO.IT0477A_6001_BETA_2022-01-01_00:00:00,6001,2026-05-08 21:00:00,2026-05-08 22:00:00,7.924985000000000000,ug.m-3,hour,3,3,2026-05-16 00:00:00,,86686e16-2b0c-4048-bf01-ce735c5833b4
IT/SPO.IT0477A_6001_BETA_2022-01-01_00:00:00,6001,2026-05-08 22:00:00,2026-05-08 23:00:00,6.339988000000000000,ug.m-3,hour,3,3,2026-05-08 22:00:00,,f7e8bb06-5b27-4986-b0fd-88ca5e8ab6c6
IT/SPO.IT0477A_6001_BETA_2022-01-01_00:00:00,6001,2026-05-08 23:00:00,2026-05-09 00:00:00,10.585678000000000000,ug.m-3,hour,3,3,2026-05-11 08:00:00,,7a9caed9-9234-4863-a0e6-975a35d35655
IT/SPO.IT0477A_6001_BETA_2022-01-01_00:00:00,6001,2026-05-09 00:00:00,2026-05-09 01:00:00,9.584072000000000000,ug.m-3,hour,3,3,2026-05-16 00:00:00,,86686e16-2b0c-4048-bf01-ce735c5833b4
IT/SPO.IT0477A_6001_BETA_2022-01-01_00:00:00,6001,2026-05-09 01:00:00,2026-05-09 02:00:00,7.748165000000000000,ug.m-3,hour,3,3,2026-05-11 08:00:00,,7a9caed9-9234-4863-a0e6-975a35d35655
IT/SPO.IT0477A_6001_BETA_2022-01-01_00:00:00,6001,2026-05-09 02:00:00,2026-05-09 03:00:00,6.198533000000000000,ug.m-3,hour,3,3,2026-05-11 08:00:00,,7a9caed9-9234-4863-a0e6-975a35d35655
IT/SPO.IT0477A_6001_BETA_2022-01-01_00:00:00,6001,2026-05-09 03:00:00,2026-05-09 04:00:00,7.435431000000000000,ug.m-3,hour,3,3,2026-05-09 04:00:00,,a0bfa47d-2721-431a-b590-aac5b26903c4
IT/SPO.IT0477A_6001_BETA_2022-01-01_00:00:00,6001,2026-05-09 04:00:00,2026-05-09 05:00:00,11.714627000000000000,ug.m-3,hour,3,3,2026-05-09 04:00:00,,a0bfa47d-2721-431a-b590-aac5b26903c4
IT/SPO.IT0477A_6001_BETA_2022-01-01_00:00:00,6001,2026-05-09 05:00:00,2026-05-09 06:00:00,10.651694000000000000,ug.m-3,hour,3,3,2026-05-09 05:00:00,,bbc4a5e4-bea8-4ab3-a6c5-f5a9b13e4fa7
IT/SPO.IT0477A_6001_BETA_2022-01-01_00:00:00,6001,2026-05-09 06:00:00,2026-05-09 07:00:00,8.521356000000000000,ug.m-3,hour,3,3,2026-05-16 00:00:00,,86686e16-2b0c-4048-bf01-ce735c5833b4
IT/SPO.IT0477A_6001_BETA_2022-01-01_00:00:00,6001,2026-05-09 07:00:00,2026-05-09 08:00:00,11.811102000000000000,ug.m-3,hour,3,3,2026-05-09 07:00:00,,be5e9fb6-798a-4679-b637-9906c54e3a1c
IT/SPO.IT0477A_6001_BETA_2022-01-01_00:00:00,6001,2026-05-09 08:00:00,2026-05-09 09:00:00,12.299852000000000000,ug.m-3,hour,3,3,2026-05-16 00:00:00,,86686e16-2b0c-4048-bf01-ce735c5833b4
IT/SPO.IT0477A_6001_BETA_2022-01-01_00:00:00,6001,2026-05-09 09:00:00,2026-05-09 10:00:00,8.609897000000000000,ug.m-3,hour,3,3,2026-05-09 11:00:00,,700b9f39-3ad9-466a-b773-8de676e95cc1
IT/SPO.IT0477A_6001_BETA_2022-01-01_00:00:00,6001,2026-05-09 10:00:00,2026-05-09 11:00:00,11.175605000000000000,ug.m-3,hour,3,3,2026-05-09 11:00:00,,700b9f39-3ad9-466a-b773-8de676e95cc1
IT/SPO.IT0477A_6001_BETA_2022-01-01_00:00:00,6001,2026-05-09 11:00:00,2026-05-09 12:00:00,13.721709000000000000,ug.m-3,hour,3,3,2026-05-09 11:00:00,,700b9f39-3ad9-466a-b773-8de676e95cc1
IT/SPO.IT0477A_6001_BETA_2022-01-01_00:00:00,6001,2026-05-09 12:00:00,2026-05-09 13:00:00,19.326529000000000000,ug.m-3,hour,3,3,2026-05-09 13:00:00,,03459aec-073c-4078-b75e-915f23100dd0
IT/SPO.IT0477A_6001_BETA_2022-01-01_00:00:00,6001,2026-05-09 13:00:00,2026-05-09 14:00:00,15.492308000000000000,ug.m-3,hour,3,3,2026-05-09 13:00:00,,03459aec-073c-4078-b75e-915f23100dd0
IT/SPO.IT0477A_6001_BETA_2022-01-01_00:00:00,6001,2026-05-09 14:00:00,2026-05-09 15:00:00,10.844615000000000000,ug.m-3,hour,3,3,2026-05-09 14:00:00,,ac2a118e-31f1-42aa-8b71-b2654084c4bf
IT/SPO.IT0477A_6001_BETA_2022-01-01_00:00:00,6001,2026-05-09 15:00:00,2026-05-09 16:00:00,7.591230000000000000,ug.m-3,hour,3,3,2026-05-09 15:00:00,,167dcebb-d470-4182-a1bb-5da27d258f29
IT/SPO.IT0477A_6001_BETA_2022-01-01_00:00:00,6001,2026-05-09 16:00:00,2026-05-09 17:00:00,6.072984000000000000,ug.m-3,hour,3,3,2026-05-09 16:00:00,,c9c12fcf-ec70-4a59-b7ee-c24113870020
IT/SPO.IT0477A_6001_BETA_2022-01-01_00:00:00,6001,2026-05-09 17:00:00,2026-05-09 18:00:00,16.585900000000000000,ug.m-3,hour,3,3,2026-05-09 17:00:00,,e84c17cf-90fc-463a-8c48-cbe6abfd4591
IT/SPO.IT0477A_6001_BETA_2022-01-01_00:00:00,6001,2026-05-09 18:00:00,2026-05-09 19:00:00,11.610129000000000000,ug.m-3,hour,3,3,2026-05-09 18:00:00,,8223f850-757c-49c0-a155-416054992469
IT/SPO.IT0477A_6001_BETA_2022-01-01_00:00:00,6001,2026-05-09 19:00:00,2026-05-09 20:00:00,8.127090000000000000,ug.m-3,hour,3,3,2026-05-09 19:00:00,,19533bc0-cd6c-4795-b409-1302ff0ff9a5
IT/SPO.IT0477A_6001_BETA_2022-01-01_00:00:00,6001,2026-05-09 20:00:00,2026-05-09 21:00:00,5.688963000000000000,ug.m-3,hour,3,3,2026-05-09 20:00:00,,b60980ce-14da-447f-8c4f-92c5f1c50bdf
IT/SPO.IT0477A_6001_BETA_2022-01-01_00:00:00,6001,2026-05-09 21:00:00,2026-05-09 22:00:00,4.551171000000000000,ug.m-3,hour,3,3,2026-05-09 21:00:00,,49a8501c-7009-423c-915e-88ff61a8fb85
IT/SPO.IT0477A_6001_BETA_2022-01-01_00:00:00,6001,2026-05-09 22:00:00,2026-05-09 23:00:00,5.447732000000000000,ug.m-3,hour,3,3,2026-05-09 22:00:00,,956dc74e-9c01-452c-9e79-bad018617d4c
IT/SPO.IT0477A_6001_BETA_2022-01-01_00:00:00,6001,2026-05-09 23:00:00,2026-05-10 00:00:00,9.035602000000000000,ug.m-3,hour,3,3,2026-05-09 23:00:00,,2c7e9f5d-4338-441b-88f0-3b43cfb89619
IT/SPO.IT0477A_6001_BETA_2022-01-01_00:00:00,6001,2026-05-10 00:00:00,2026-05-10 01:00:00,9.975574000000000000,ug.m-3,hour,3,3,2026-05-10 00:00:00,,20d9d466-4860-49c4-834e-8528be667dd7
IT/SPO.IT0477A_6001_BETA_2022-01-01_00:00:00,6001,2026-05-10 01:00:00,2026-05-10 02:00:00,10.235654000000000000,ug.m-3,hour,3,3,2026-05-10 01:00:00,,0a0d5c4e-3321-4148-bdd7-49876adacfc9
IT/SPO.IT0477A_6001_BETA_2022-01-01_00:00:00,6001,2026-05-10 02:00:00,2026-05-10 03:00:00,11.779955000000000000,ug.m-3,hour,3,3,2026-05-10 02:00:00,,4f7ec8be-7b98-4cf6-b371-a4a09822c339
IT/SPO.IT0477A_6001_BETA_2022-01-01_00:00:00,6001,2026-05-10 03:00:00,2026-05-10 04:00:00,8.245968000000000000,ug.m-3,hour,3,3,2026-05-10 03:00:00,,a0c61fb5-0368-4190-960c-05f417d74507
IT/SPO.IT0477A_6001_BETA_2022-01-01_00:00:00,6001,2026-05-10 04:00:00,2026-05-10 05:00:00,12.038146000000000000,ug.m-3,hour,3,3,2026-05-10 04:00:00,,23c2c8e4-778c-4f6b-b15f-b1728b88cd45
IT/SPO.IT0477A_6001_BETA_2022-01-01_00:00:00,6001,2026-05-10 05:00:00,2026-05-10 06:00:00,10.412249000000000000,ug.m-3,hour,3,3,2026-05-10 05:00:00,,7b21c295-2189-48e7-a4df-1475882a09b5
IT/SPO.IT0477A_6001_BETA_2022-01-01_00:00:00,6001,2026-05-10 06:00:00,2026-05-10 07:00:00,15.395758000000000000,ug.m-3,hour,3,3,2026-05-10 06:00:00,,aab333bb-7912-4866-afe8-5bd4436e7903
IT/SPO.IT0477A_6001_BETA_2022-01-01_00:00:00,6001,2026-05-10 07:00:00,2026-05-10 08:00:00,12.030322000000000000,ug.m-3,hour,3,3,2026-05-10 07:00:00,,ae345524-d38b-4f5d-85a4-9391b4eabd37
IT/SPO.IT0477A_6001_BETA_2022-01-01_00:00:00,6001,2026-05-10 08:00:00,2026-05-10 09:00:00,8.421226000000000000,ug.m-3,hour,3,3,2026-05-10 08:00:00,,5d854e0d-be0b-4373-95dc-5dd5e664d742
IT/SPO.IT0477A_6001_BETA_2022-01-01_00:00:00,6001,2026-05-10 09:00:00,2026-05-10 10:00:00,13.292310000000000000,ug.m-3,hour,3,3,2026-05-10 09:00:00,,8fe109a9-dd0d-43a1-8d95-c22b21d3ee9a
IT/SPO.IT0477A_6001_BETA_2022-01-01_00:00:00,6001,2026-05-10 10:00:00,2026-05-10 11:00:00,25.028082000000000000,ug.m-3,hour,3,3,2026-05-10 10:00:00,,7d1cd188-e8ba-4741-ae17-73cb324e8b6c
IT/SPO.IT0477A_6001_BETA_2022-01-01_00:00:00,6001,2026-05-10 11:00:00,2026-05-10 12:00:00,18.930922000000000000,ug.m-3,hour,3,3,2026-05-10 11:00:00,,1e2bdc1d-612f-404e-8c0c-f51f7d186483
IT/SPO.IT0477A_6001_BETA_2022-01-01_00:00:00,6001,2026-05-10 12:00:00,2026-05-10 13:00:00,13.251646000000000000,ug.m-3,hour,3,3,2026-05-10 12:00:00,,249651e3-55fe-48f5-b5a2-9240717ee3ee
IT/SPO.IT0477A_6001_BETA_2022-01-01_00:00:00,6001,2026-05-10 13:00:00,2026-05-10 14:00:00,19.797665000000000000,ug.m-3,hour,3,3,2026-05-10 13:00:00,,6e5bee8b-db6b-4c76-8797-73c4d68c1b0e
IT/SPO.IT0477A_6001_BETA_2022-01-01_00:00:00,6001,2026-05-10 14:00:00,2026-05-10 15:00:00,13.858365000000000000,ug.m-3,hour,3,3,2026-05-10 14:00:00,,9209beea-6bb5-496d-95a9-f7b831eb8b91
IT/SPO.IT0477A_6001_BETA_2022-01-01_00:00:00,6001,2026-05-10 15:00:00,2026-05-10 16:00:00,11.533586000000000000,ug.m-3,hour,3,3,2026-05-10 15:00:00,,1a50abb9-8842-426c-912a-bdb14a86f703
IT/SPO.IT0477A_6001_BETA_2022-01-01_00:00:00,6001,2026-05-10 16:00:00,2026-05-10 17:00:00,15.801846000000000000,ug.m-3,hour,3,3,2026-05-10 16:00:00,,49e6e208-ddcd-4aa7-94f4-810cb89062c8
IT/SPO.IT0477A_6001_BETA_2022-01-01_00:00:00,6001,2026-05-10 17:00:00,2026-05-10 18:00:00,13.196876000000000000,ug.m-3,hour,3,3,2026-05-10 17:00:00,,bad96d30-8a17-4b35-a456-87651979fa3e
IT/SPO.IT0477A_6001_BETA_2022-01-01_00:00:00,6001,2026-05-10 18:00:00,2026-05-10 19:00:00,11.234662000000000000,ug.m-3,hour,3,3,2026-05-10 18:00:00,,46c58d13-a4d2-4044-8cf1-8e2effb66bbc
IT/SPO.IT0477A_6001_BETA_2022-01-01_00:00:00,6001,2026-05-10 19:00:00,2026-05-10 20:00:00,11.338731000000000000,ug.m-3,hour,3,3,2026-05-10 19:00:00,,c798ee00-68af-40a2-b138-6656bbca28df
IT/SPO.IT0477A_6001_BETA_2022-01-01_00:00:00,6001,2026-05-10 20:00:00,2026-05-10 21:00:00,20.771544000000000000,ug.m-3,hour,3,3,2026-05-10 20:00:00,,82a5c00f-33ce-4da4-a197-195fb020bbe4
IT/SPO.IT0477A_6001_BETA_2022-01-01_00:00:00,6001,2026-05-10 21:00:00,2026-05-10 22:00:00,14.540080000000000000,ug.m-3,hour,3,3,2026-05-10 21:00:00,,217bd015-b6c1-48f4-abef-a79604da4506
IT/SPO.IT0477A_6001_BETA_2022-01-01_00:00:00,6001,2026-05-10 22:00:00,2026-05-10 23:00:00,10.178056000000000000,ug.m-3,hour,3,3,2026-05-10 22:00:00,,8d5fe4be-bfc6-4c11-9500-82061a4c2217
IT/SPO.IT0477A_6001_BETA_2022-01-01_00:00:00,6001,2026-05-10 23:00:00,2026-05-11 00:00:00,7.124639000000000000,ug.m-3,hour,3,3,2026-05-10 23:00:00,,802e5502-0fe9-471d-957e-8ea28465d0be
IT/SPO.IT0477A_6001_BETA_2022-01-01_00:00:00,6001,2026-05-11 00:00:00,2026-05-11 01:00:00,14.402912000000000000,ug.m-3,hour,3,3,2026-05-11 00:00:00,,0e15a7e6-cced-46bd-b936-d2e2f03f174e
IT/SPO.IT0477A_6001_BETA_2022-01-01_00:00:00,6001,2026-05-11 01:00:00,2026-05-11 02:00:00,13.445277000000000000,ug.m-3,hour,3,3,2026-05-11 01:00:00,,5295ea2f-2708-48c8-a050-9cd987bc73a7
IT/SPO.IT0477A_6001_BETA_2022-01-01_00:00:00,6001,2026-05-11 02:00:00,2026-05-11 03:00:00,9.411694000000000000,ug.m-3,hour,3,3,2026-05-11 02:00:00,,7917fa9f-0199-4a77-9cfe-8402351e02b1
IT/SPO.IT0477A_6001_BETA_2022-01-01_00:00:00,6001,2026-05-11 03:00:00,2026-05-11 04:00:00,10.170296000000000000,ug.m-3,hour,3,3,2026-05-11 03:00:00,,3de1328c-3f9c-40c2-8b6f-24c223489f52
IT/SPO.IT0477A_6001_BETA_2022-01-01_00:00:00,6001,2026-05-11 04:00:00,2026-05-11 05:00:00,7.119207000000000000,ug.m-3,hour,3,3,2026-05-11 04:00:00,,6d76c6d4-3e13-487a-88e6-c7af66888f56
IT/SPO.IT0477A_6001_BETA_2022-01-01_00:00:00,6001,2026-05-11 05:00:00,2026-05-11 06:00:00,9.437370000000000000,ug.m-3,hour,3,3,2026-05-11 05:00:00,,311dcf07-c394-4c3a-999d-13a2dd85d473
IT/SPO.IT0477A_6001_BETA_2022-01-01_00:00:00,6001,2026-05-11 06:00:00,2026-05-11 07:00:00,13.380357000000000000,ug.m-3,hour,3,3,2026-05-11 06:00:00,,49452ed4-7f12-431e-b4dc-588c37a94820
IT/SPO.IT0477A_6001_BETA_2022-01-01_00:00:00,6001,2026-05-11 07:00:00,2026-05-11 08:00:00,15.782053000000000000,ug.m-3,hour,3,3,2026-05-11 08:00:00,,7a9caed9-9234-4863-a0e6-975a35d35655
IT/SPO.IT0477A_6001_BETA_2022-01-01_00:00:00,6001,2026-05-11 08:00:00,2026-05-11 09:00:00,18.268002000000000000,ug.m-3,hour,3,3,2026-05-11 08:00:00,,7a9caed9-9234-4863-a0e6-975a35d35655
IT/SPO.IT0477A_6001_BETA_2022-01-01_00:00:00,6001,2026-05-11 09:00:00,2026-05-11 10:00:00,16.679130000000000000,ug.m-3,hour,3,3,2026-05-11 09:00:00,,02764bdd-993e-480f-8769-77f6bf747b77
IT/SPO.IT0477A_6001_BETA_2022-01-01_00:00:00,6001,2026-05-11 10:00:00,2026-05-11 11:00:00,20.128006000000000000,ug.m-3,hour,3,3,2026-05-11 10:00:00,,ef8b7e1f-ba5c-493a-a83f-6ce8e7e703c6
IT/SPO.IT0477A_6001_BETA_2022-01-01_00:00:00,6001,2026-05-11 11:00:00,2026-05-11 12:00:00,15.980672000000000000,ug.m-3,hour,3,3,2026-05-11 11:00:00,,8b1e027b-67a2-47dc-84cb-de82f5fa2c15
IT/SPO.IT0477A_6001_BETA_2022-01-01_00:00:00,6001,2026-05-11 12:00:00,2026-05-11 13:00:00,11.186470000000000000,ug.m-3,hour,3,3,2026-05-11 12:00:00,,994a16c8-8d05-44c2-b6dd-dad72ce3ed05
IT/SPO.IT0477A_6001_BETA_2022-01-01_00:00:00,6001,2026-05-11 13:00:00,2026-05-11 14:00:00,12.439950000000000000,ug.m-3,hour,3,3,2026-05-11 13:00:00,,27679ddf-27cc-4ee2-93a9-7b423858a4a4
IT/SPO.IT0477A_6001_BETA_2022-01-01_00:00:00,6001,2026-05-11 14:00:00,2026-05-11 15:00:00,8.707965000000000000,ug.m-3,hour,3,3,2026-05-11 14:00:00,,a592a1bc-3bbf-421e-ad1a-e99b809fca90
IT/SPO.IT0477A_6001_BETA_2022-01-01_00:00:00,6001,2026-05-11 15:00:00,2026-05-11 16:00:00,6.966372000000000000,ug.m-3,hour,3,3,2026-05-11 15:00:00,,7a818fd3-f902-44c8-af71-ae196a451c1b
IT/SPO.IT0477A_6001_BETA_2022-01-01_00:00:00,6001,2026-05-11 16:00:00,2026-05-11 17:00:00,8.531235000000000000,ug.m-3,hour,3,3,2026-05-11 16:00:00,,063342e4-6fcf-481c-b2b7-f0492f602aac
IT/SPO.IT0477A_6001_BETA_2022-01-01_00:00:00,6001,2026-05-11 17:00:00,2026-05-11 18:00:00,6.824987000000000000,ug.m-3,hour,3,3,2026-05-11 17:00:00,,05062670-c86b-4185-aac3-a6bf0fb2c9d0
IT/SPO.IT0477A_6001_BETA_2022-01-01_00:00:00,6001,2026-05-11 18:00:00,2026-05-11 19:00:00,5.459991000000000000,ug.m-3,hour,3,3,2026-05-11 18:00:00,,9860baf1-28cf-4e83-8786-0f98bc8cca80
IT/SPO.IT0477A_6001_BETA_2022-01-01_00:00:00,6001,2026-05-11 19:00:00,2026-05-11 20:00:00,4.367992000000000000,ug.m-3,hour,3,3,2026-05-11 19:00:00,,209ac834-bed9-4aa9-8d8d-75de3affc041
IT/SPO.IT0477A_6001_BETA_2022-01-01_00:00:00,6001,2026-05-11 20:00:00,2026-05-11 21:00:00,3.494394000000000000,ug.m-3,hour,3,3,2026-05-11 20:00:00,,97f67937-62b9-4064-a5ef-28663a489f85
IT/SPO.IT0477A_6001_BETA_2022-01-01_00:00:00,6001,2026-05-11 21:00:00,2026-05-11 22:00:00,2.795515000000000000,ug.m-3,hour,3,3,2026-05-11 21:00:00,,80846641-5bfc-4273-8cf8-40fdcfcb0d43
IT/SPO.IT0477A_6001_BETA_2022-01-01_00:00:00,6001,2026-05-11 22:00:00,2026-05-11 23:00:00,2.236412000000000000,ug.m-3,hour,3,3,2026-05-11 22:00:00,,826a1dba-506f-42b2-b162-6ee820dffac5
IT/SPO.IT0477A_6001_BETA_2022-01-01_00:00:00,6001,2026-05-11 23:00:00,2026-05-12 00:00:00,1.789130000000000000,ug.m-3,hour,3,3,2026-05-11 23:00:00,,24f6b703-a428-4c12-9455-82f51e2e82ab
IT/SPO.IT0477A_6001_BETA_2022-01-01_00:00:00,6001,2026-05-12 00:00:00,2026-05-12 01:00:00,1.431304000000000000,ug.m-3,hour,3,3,2026-05-12 00:00:00,,db9d4cd4-7f26-4cab-8110-2d9efd62a22e
IT/SPO.IT0477A_6001_BETA_2022-01-01_00:00:00,6001,2026-05-12 01:00:00,2026-05-12 02:00:00,1.248904000000000000,ug.m-3,hour,3,3,2026-05-12 01:00:00,,e09b8338-52a3-4be6-8ece-67cdb469c97f
IT/SPO.IT0477A_6001_BETA_2022-01-01_00:00:00,6001,2026-05-12 02:00:00,2026-05-12 03:00:00,1.000555000000000000,ug.m-3,hour,3,3,2026-05-12 02:00:00,,be6f071d-1104-4fa9-9cb0-0ccbc155a9d6
IT/SPO.IT0477A_6001_BETA_2022-01-01_00:00:00,6001,2026-05-12 03:00:00,2026-05-12 04:00:00,0.800444000000000000,ug.m-3,hour,3,3,2026-05-12 03:00:00,,4f3146b8-d17f-433f-b9b9-433aea68eee5
IT/SPO.IT0477A_6001_BETA_2022-01-01_00:00:00,6001,2026-05-12 04:00:00,2026-05-12 05:00:00,2.365303000000000000,ug.m-3,hour,3,3,2026-05-12 04:00:00,,8ada397b-d8b9-4710-a88b-65bad78eb3ff
IT/SPO.IT0477A_6001_BETA_2022-01-01_00:00:00,6001,2026-05-12 05:00:00,2026-05-12 06:00:00,1.892242000000000000,ug.m-3,hour,3,3,2026-05-12 05:00:00,,b13ba022-eb8f-482a-b388-57ef04688dae
IT/SPO.IT0477A_6001_BETA_2022-01-01_00:00:00,6001,2026-05-12 06:00:00,2026-05-12 07:00:00,5.745011000000000000,ug.m-3,hour,3,3,2026-05-12 06:00:00,,f5177b97-d559-465d-8146-04d9acddd196
IT/SPO.IT0477A_6001_BETA_2022-01-01_00:00:00,6001,2026-05-12 07:00:00,2026-05-12 08:00:00,4.596009000000000000,ug.m-3,hour,3,3,2026-05-12 07:00:00,,8a51f4a4-ee5e-4756-a92e-f4d4f573b830
IT/SPO.IT0477A_6001_BETA_2022-01-01_00:00:00,6001,2026-05-12 08:00:00,2026-05-12 09:00:00,3.676807000000000000,ug.m-3,hour,3,3,2026-05-12 08:00:00,,ff749fda-a081-4486-a9a6-584635550ba8
IT/SPO.IT0477A_6001_BETA_2022-01-01_00:00:00,6001,2026-05-12 09:00:00,2026-05-12 10:00:00,2.941446000000000000,ug.m-3,hour,3,3,2026-05-12 09:00:00,,dcd18f0b-f4c4-4bc3-b52c-a553430dff2c
IT/SPO.IT0477A_6001_BETA_2022-01-01_00:00:00,6001,2026-05-12 10:00:00,2026-05-12 11:00:00,2.353157000000000000,ug.m-3,hour,3,3,2026-05-12 10:00:00,,172a4fb2-9e25-4264-bbc8-8f8382e07c4c
IT/SPO.IT0477A_6001_BETA_2022-01-01_00:00:00,6001,2026-05-12 11:00:00,2026-05-12 12:00:00,3.369621000000000000,ug.m-3,hour,3,3,2026-05-12 11:00:00,,0d59b2e7-d22a-4e7d-8fae-49a6f8053ad8
IT/SPO.IT0477A_6001_BETA_2022-01-01_00:00:00,6001,2026-05-12 12:00:00,2026-05-12 13:00:00,2.695696000000000000,ug.m-3,hour,3,3,2026-05-12 12:00:00,,e6faaadc-2f19-4a7b-9dc4-4c14e0230cc4
IT/SPO.IT0477A_6001_BETA_2022-01-01_00:00:00,6001,2026-05-12 13:00:00,2026-05-12 14:00:00,4.757894000000000000,ug.m-3,hour,3,3,2026-05-12 13:00:00,,566c05f3-f1d1-4c17-8c49-08e0d79ac0a5
IT/SPO.IT0477A_6001_BETA_2022-01-01_00:00:00,6001,2026-05-12 14:00:00,2026-05-12 15:00:00,4.957419000000000000,ug.m-3,hour,3,3,2026-05-12 14:00:00,,2d84d4b0-9bd3-4f8c-9090-960639d22422
IT/SPO.IT0477A_6001_BETA_2022-01-01_00:00:00,6001,2026-05-12 15:00:00,2026-05-12 16:00:00,3.965935000000000000,ug.m-3,hour,3,3,2026-05-12 15:00:00,,a1d19b5c-c531-44b4-8eea-bd5e207bbd1e
IT/SPO.IT0477A_6001_BETA_2022-01-01_00:00:00,6001,2026-05-12 16:00:00,2026-05-12 17:00:00,3.172748000000000000,ug.m-3,hour,3,3,2026-05-12 16:00:00,,3d5ae35f-7c99-4596-a16d-2675b47dae49
IT/SPO.IT0477A_6001_BETA_2022-01-01_00:00:00,6001,2026-05-12 17:00:00,2026-05-12 18:00:00,2.538198000000000000,ug.m-3,hour,3,3,2026-05-12 17:00:00,,aba7381f-d814-4ae2-861e-2751e78f9543
IT/SPO.IT0477A_6001_BETA_2022-01-01_00:00:00,6001,2026-05-12 18:00:00,2026-05-12 19:00:00,2.030559000000000000,ug.m-3,hour,3,3,2026-05-12 18:00:00,,81b47ce8-35e6-4928-9838-3de5439c2ae7
IT/SPO.IT0477A_6001_BETA_2022-01-01_00:00:00,6001,2026-05-12 19:00:00,2026-05-12 20:00:00,1.624447000000000000,ug.m-3,hour,3,3,2026-05-12 19:00:00,,5e266e46-a356-4bc3-a672-1de9ea2bd956
IT/SPO.IT0477A_6001_BETA_2022-01-01_00:00:00,6001,2026-05-12 20:00:00,2026-05-12 21:00:00,1.299558000000000000,ug.m-3,hour,3,3,2026-05-12 20:00:00,,8a249e39-d492-446b-9c3b-0d35190e5049
IT/SPO.IT0477A_6001_BETA_2022-01-01_00:00:00,6001,2026-05-12 21:00:00,2026-05-12 22:00:00,1.039646000000000000,ug.m-3,hour,3,3,2026-05-12 21:00:00,,89358a95-58ed-4b5d-ab2f-b94f146ebd42
IT/SPO.IT0477A_6001_BETA_2022-01-01_00:00:00,6001,2026-05-12 22:00:00,2026-05-12 23:00:00,0.831717000000000000,ug.m-3,hour,3,3,2026-05-20 11:00:00,,454d04e5-39c7-4661-88f9-8df057423f25
IT/SPO.IT0477A_6001_BETA_2022-01-01_00:00:00,6001,2026-05-12 23:00:00,2026-05-13 00:00:00,0.665374000000000000,ug.m-3,hour,3,3,2026-05-12 23:00:00,,79be65c1-d5ec-478e-b945-33e0d467c492
IT/SPO.IT0477A_6001_BETA_2022-01-01_00:00:00,6001,2026-05-13 00:00:00,2026-05-13 01:00:00,0.532299000000000000,ug.m-3,hour,3,3,2026-05-13 00:00:00,,a46453c0-7207-4c22-b489-f4ddbd937a8f
IT/SPO.IT0477A_6001_BETA_2022-01-01_00:00:00,6001,2026-05-13 01:00:00,2026-05-13 02:00:00,1.950815000000000000,ug.m-3,hour,3,3,2026-05-13 01:00:00,,6d22f25f-c8ef-4eb7-97f1-063af6191676
IT/SPO.IT0477A_6001_BETA_2022-01-01_00:00:00,6001,2026-05-13 02:00:00,2026-05-13 03:00:00,5.028231000000000000,ug.m-3,hour,3,3,2026-05-13 02:00:00,,f3f2525f-8086-4eed-82ae-a0eb4cdc73f3
IT/SPO.IT0477A_6001_BETA_2022-01-01_00:00:00,6001,2026-05-13 03:00:00,2026-05-13 04:00:00,4.022585000000000000,ug.m-3,hour,3,3,2026-05-13 03:00:00,,7f04147e-93f9-4b81-afa7-1caac132d426
IT/SPO.IT0477A_6001_BETA_2022-01-01_00:00:00,6001,2026-05-13 04:00:00,2026-05-13 05:00:00,3.218068000000000000,ug.m-3,hour,3,3,2026-05-13 04:00:00,,efb52491-660b-49c9-8d56-ddae1e957401
IT/SPO.IT0477A_6001_BETA_2022-01-01_00:00:00,6001,2026-05-13 05:00:00,2026-05-13 06:00:00,2.574454000000000000,ug.m-3,hour,3,3,2026-05-13 05:00:00,,2e8efc52-d98c-4c5f-90e2-8b32a3786d05
IT/SPO.IT0477A_6001_BETA_2022-01-01_00:00:00,6001,2026-05-13 06:00:00,2026-05-13 07:00:00,2.059563000000000000,ug.m-3,hour,3,3,2026-05-13 06:00:00,,7c835c38-42ec-47d6-9f16-a134312bf72f
IT/SPO.IT0477A_6001_BETA_2022-01-01_00:00:00,6001,2026-05-13 07:00:00,2026-05-13 08:00:00,6.878540000000000000,ug.m-3,hour,3,3,2026-05-13 07:00:00,,b6de997d-b1b8-4f24-8d5d-2b95eeebb709
IT/SPO.IT0477A_6001_BETA_2022-01-01_00:00:00,6001,2026-05-13 08:00:00,2026-05-13 09:00:00,5.502832000000000000,ug.m-3,hour,3,3,2026-05-13 08:00:00,,fbac4278-11d5-44a6-8940-6d847ee91dac
IT/SPO.IT0477A_6001_BETA_2022-01-01_00:00:00,6001,2026-05-13 09:00:00,2026-05-13 10:00:00,4.402266000000000000,ug.m-3,hour,3,3,2026-05-13 09:00:00,,2e94cd52-5747-430c-896e-965839bf0ccd
IT/SPO.IT0477A_6001_BETA_2022-01-01_00:00:00,6001,2026-05-13 10:00:00,2026-05-13 11:00:00,3.521812000000000000,ug.m-3,hour,3,3,2026-05-13 10:00:00,,3d564741-bc89-4eaf-b51b-b335c94f4be4
IT/SPO.IT0477A_6001_BETA_2022-01-01_00:00:00,6001,2026-05-13 11:00:00,2026-05-13 12:00:00,4.979111000000000000,ug.m-3,hour,3,3,2026-05-13 11:00:00,,7408989b-7e40-41d8-9df1-1c1e1a9dbce6
IT/SPO.IT0477A_6001_BETA_2022-01-01_00:00:00,6001,2026-05-13 12:00:00,2026-05-13 13:00:00,6.359233000000000000,ug.m-3,hour,3,3,2026-05-13 12:00:00,,51a00c0d-bbab-4761-a67f-aa556b3ea1bb
IT/SPO.IT0477A_6001_BETA_2022-01-01_00:00:00,6001,2026-05-13 13:00:00,2026-05-13 14:00:00,5.087386000000000000,ug.m-3,hour,3,3,2026-05-13 13:00:00,,4b1f6ea5-d63c-4297-992a-e411e989def9
IT/SPO.IT0477A_6001_BETA_2022-01-01_00:00:00,6001,2026-05-13 14:00:00,2026-05-13 15:00:00,4.069909000000000000,ug.m-3,hour,3,3,2026-05-13 14:00:00,,3759ce5f-a61b-4585-874f-ec0123971649
IT/SPO.IT0477A_6001_BETA_2022-01-01_00:00:00,6001,2026-05-13 15:00:00,2026-05-13 16:00:00,3.909730000000000000,ug.m-3,hour,3,3,2026-05-13 15:00:00,,e14ba1dc-0999-43a4-ad10-d4c1c6c1b18c
IT/SPO.IT0477A_6001_BETA_2022-01-01_00:00:00,6001,2026-05-13 16:00:00,2026-05-13 17:00:00,10.055861000000000000,ug.m-3,hour,3,3,2026-05-13 16:00:00,,15cc41aa-78c6-4356-9e99-bca8bcf50797
IT/SPO.IT0477A_6001_BETA_2022-01-01_00:00:00,6001,2026-05-13 17:00:00,2026-05-13 18:00:00,8.044688000000000000,ug.m-3,hour,3,3,2026-05-13 17:00:00,,6ff2971d-e9da-4fde-9203-edaa333f8750
IT/SPO.IT0477A_6001_BETA_2022-01-01_00:00:00,6001,2026-05-13 18:00:00,2026-05-13 19:00:00,6.435750000000000000,ug.m-3,hour,3,3,2026-05-13 18:00:00,,e12fb07f-b2d1-4162-857b-7fce4bb8aa40
IT/SPO.IT0477A_6001_BETA_2022-01-01_00:00:00,6001,2026-05-13 19:00:00,2026-05-13 20:00:00,5.148601000000000000,ug.m-3,hour,3,3,2026-05-13 19:00:00,,2f1f711a-44bc-4431-a7ec-00006a56b649
IT/SPO.IT0477A_6001_BETA_2022-01-01_00:00:00,6001,2026-05-13 20:00:00,2026-05-13 21:00:00,4.118880000000000000,ug.m-3,hour,3,3,2026-05-13 20:00:00,,1ae6ec21-c3d4-4bd6-97a2-a3dfacdf9e7f
IT/SPO.IT0477A_6001_BETA_2022-01-01_00:00:00,6001,2026-05-13 21:00:00,2026-05-13 22:00:00,9.279775000000000000,ug.m-3,hour,3,3,2026-05-13 21:00:00,,236c91de-bfc9-459a-9dd0-d559ee6feede
IT/SPO.IT0477A_6001_BETA_2022-01-01_00:00:00,6001,2026-05-13 22:00:00,2026-05-13 23:00:00,7.423820000000000000,ug.m-3,hour,3,3,2026-05-13 22:00:00,,c6a9d016-b854-4d5c-ab84-e6ed6e774b3a
IT/SPO.IT0477A_6001_BETA_2022-01-01_00:00:00,6001,2026-05-13 23:00:00,2026-05-14 00:00:00,5.939055000000000000,ug.m-3,hour,3,3,2026-05-13 23:00:00,,428ef314-3dfb-4775-a6bb-9aa04bf2cba3
IT/SPO.IT0477A_6001_BETA_2022-01-01_00:00:00,6001,2026-05-14 00:00:00,2026-05-14 01:00:00,6.358044000000000000,ug.m-3,hour,3,3,2026-05-14 00:00:00,,3c76e81f-272f-4736-b039-0c8bd47578e3
IT/SPO.IT0477A_6001_BETA_2022-01-01_00:00:00,6001,2026-05-14 01:00:00,2026-05-14 02:00:00,5.086435000000000000,ug.m-3,hour,3,3,2026-05-14 01:00:00,,79324bc5-8da4-4b1a-aa95-cfc2b42fb457
IT/SPO.IT0477A_6001_BETA_2022-01-01_00:00:00,6001,2026-05-14 02:00:00,2026-05-14 03:00:00,9.313556000000000000,ug.m-3,hour,3,3,2026-05-14 02:00:00,,344157ae-a5e3-4078-82ab-af1bf9a1dc85
IT/SPO.IT0477A_6001_BETA_2022-01-01_00:00:00,6001,2026-05-14 03:00:00,2026-05-14 04:00:00,7.672979000000000000,ug.m-3,hour,3,3,2026-05-14 03:00:00,,38ee5a90-178a-4754-bb48-a514df03c619
IT/SPO.IT0477A_6001_BETA_2022-01-01_00:00:00,6001,2026-05-14 04:00:00,2026-05-14 05:00:00,6.722309000000000000,ug.m-3,hour,3,3,2026-05-14 04:00:00,,e812b4ba-6569-45c4-b8ab-c7233ab6d95d
IT/SPO.IT0477A_6001_BETA_2022-01-01_00:00:00,6001,2026-05-14 05:00:00,2026-05-14 06:00:00,16.658052000000000000,ug.m-3,hour,3,3,2026-05-14 05:00:00,,badd871f-4525-4fe1-834e-398c19b4aa85
IT/SPO.IT0477A_6001_BETA_2022-01-01_00:00:00,6001,2026-05-14 06:00:00,2026-05-14 07:00:00,11.660638000000000000,ug.m-3,hour,3,3,2026-05-14 06:00:00,,5304988c-2279-4208-ad34-cd57bae48e80
IT/SPO.IT0477A_6001_BETA_2022-01-01_00:00:00,6001,2026-05-14 07:00:00,2026-05-14 08:00:00,14.012722000000000000,ug.m-3,hour,3,3,2026-05-14 07:00:00,,b6a25602-3dd7-4c55-ba2c-d9edb3aeda93
IT/SPO.IT0477A_6001_BETA_2022-01-01_00:00:00,6001,2026-05-14 08:00:00,2026-05-14 09:00:00,16.959608000000000000,ug.m-3,hour,3,3,2026-05-14 08:00:00,,eace2428-c641-4b16-9036-c324b826ceea
IT/SPO.IT0477A_6001_BETA_2022-01-01_00:00:00,6001,2026-05-14 09:00:00,2026-05-14 10:00:00,15.711050000000000000,ug.m-3,hour,1,3,2026-05-20 11:00:00,,454d04e5-39c7-4661-88f9-8df057423f25
IT/SPO.IT0477A_6001_BETA_2022-01-01_00:00:00,6001,2026-05-14 10:00:00,2026-05-14 11:00:00,14.294776000000000000,ug.m-3,hour,3,3,2026-05-14 10:00:00,,2494ec0c-247e-4434-95aa-0fdf4562a11b
IT/SPO.IT0477A_6001_BETA_2022-01-01_00:00:00,6001,2026-05-14 11:00:00,2026-05-14 12:00:00,20.232874000000000000,ug.m-3,hour,3,3,2026-05-14 11:00:00,,de8a6632-f1eb-4951-a2ba-3ab6056e3f60
IT/SPO.IT0477A_6001_BETA_2022-01-01_00:00:00,6001,2026-05-14 12:00:00,2026-05-14 13:00:00,14.163011000000000000,ug.m-3,hour,3,3,2026-05-14 12:00:00,,254d7b41-a270-4304-8c2f-741dea0ee2c3
IT/SPO.IT0477A_6001_BETA_2022-01-01_00:00:00,6001,2026-05-14 13:00:00,2026-05-14 14:00:00,9.914108000000000000,ug.m-3,hour,3,3,2026-05-14 13:00:00,,fde169e8-845b-46f6-b9bc-ddba0cfaeec3
IT/SPO.IT0477A_6001_BETA_2022-01-01_00:00:00,6001,2026-05-14 14:00:00,2026-05-14 15:00:00,6.939876000000000000,ug.m-3,hour,3,3,2026-05-14 14:00:00,,9a960ac0-879f-45fd-9836-f339bf503ec9
IT/SPO.IT0477A_6001_BETA_2022-01-01_00:00:00,6001,2026-05-14 15:00:00,2026-05-14 16:00:00,5.551900000000000000,ug.m-3,hour,3,3,2026-05-14 15:00:00,,b637ac41-4132-446f-b0c3-9103fcc744fd
IT/SPO.IT0477A_6001_BETA_2022-01-01_00:00:00,6001,2026-05-14 16:00:00,2026-05-14 17:00:00,4.441520000000000000,ug.m-3,hour,3,3,2026-05-14 16:00:00,,4ebecf0a-28c5-41ea-b7b0-a2889d1e90f8
IT/SPO.IT0477A_6001_BETA_2022-01-01_00:00:00,6001,2026-05-14 17:00:00,2026-05-14 18:00:00,7.382886000000000000,ug.m-3,hour,3,3,2026-05-14 17:00:00,,70f17d53-4a69-4b73-9718-f36157f72ee2
IT/SPO.IT0477A_6001_BETA_2022-01-01_00:00:00,6001,2026-05-14 18:00:00,2026-05-14 19:00:00,5.906309000000000000,ug.m-3,hour,3,3,2026-05-14 18:00:00,,0b6b8e04-3d95-42a3-ad3a-3d481fe4bf5e
IT/SPO.IT0477A_6001_BETA_2022-01-01_00:00:00,6001,2026-05-14 19:00:00,2026-05-14 20:00:00,4.725047000000000000,ug.m-3,hour,3,3,2026-05-14 19:00:00,,846fbe26-ccf0-467d-9571-b9ef87791a1b
IT/SPO.IT0477A_6001_BETA_2022-01-01_00:00:00,6001,2026-05-14 20:00:00,2026-05-14 21:00:00,5.789084000000000000,ug.m-3,hour,3,3,2026-05-14 20:00:00,,7b39e3f8-0888-4353-bd19-64f5a4ee3980
IT/SPO.IT0477A_6001_BETA_2022-01-01_00:00:00,6001,2026-05-14 21:00:00,2026-05-14 22:00:00,6.442214000000000000,ug.m-3,hour,3,3,2026-05-14 22:00:00,,a5890b5e-a8d0-4e71-ab69-7d762f52ff9d
IT/SPO.IT0477A_6001_BETA_2022-01-01_00:00:00,6001,2026-05-14 22:00:00,2026-05-14 23:00:00,5.153771000000000000,ug.m-3,hour,3,3,2026-05-14 22:00:00,,a5890b5e-a8d0-4e71-ab69-7d762f52ff9d
IT/SPO.IT0477A_6001_BETA_2022-01-01_00:00:00,6001,2026-05-14 23:00:00,2026-05-15 00:00:00,4.123017000000000000,ug.m-3,hour,3,3,2026-05-14 23:00:00,,6e203d45-ef05-45fc-8c5d-4c860d3dcb3b
IT/SPO.IT0477A_6001_BETA_2022-01-01_00:00:00,6001,2026-05-15 00:00:00,2026-05-15 01:00:00,3.298414000000000000,ug.m-3,hour,3,3,2026-05-15 00:00:00,,f7caa3f4-841c-40e8-af68-9d8e7d73b012
IT/SPO.IT0477A_6001_BETA_2022-01-01_00:00:00,6001,2026-05-15 01:00:00,2026-05-15 02:00:00,2.813813000000000000,ug.m-3,hour,3,3,2026-05-15 01:00:00,,ee7d467f-65b3-4652-8f3a-42f1f6fb3059
IT/SPO.IT0477A_6001_BETA_2022-01-01_00:00:00,6001,2026-05-15 02:00:00,2026-05-15 03:00:00,2.251051000000000000,ug.m-3,hour,3,3,2026-05-15 02:00:00,,05dd972d-0ee9-41a8-90d6-d414765cb5c1
IT/SPO.IT0477A_6001_BETA_2022-01-01_00:00:00,6001,2026-05-15 03:00:00,2026-05-15 04:00:00,5.386022000000000000,ug.m-3,hour,3,3,2026-05-15 03:00:00,,b7b5212b-9861-4dba-9bce-c5641845e77c
IT/SPO.IT0477A_6001_BETA_2022-01-01_00:00:00,6001,2026-05-15 04:00:00,2026-05-15 05:00:00,4.308818000000000000,ug.m-3,hour,3,3,2026-05-15 04:00:00,,79a4c9dc-a1ba-438d-be22-59102f8450c0
IT/SPO.IT0477A_6001_BETA_2022-01-01_00:00:00,6001,2026-05-15 05:00:00,2026-05-15 06:00:00,3.948762000000000000,ug.m-3,hour,3,3,2026-05-15 05:00:00,,c1f7ff1c-15dd-415e-9a21-af9aa057ff41
IT/SPO.IT0477A_6001_BETA_2022-01-01_00:00:00,6001,2026-05-15 06:00:00,2026-05-15 07:00:00,7.094928000000000000,ug.m-3,hour,3,3,2026-05-15 06:00:00,,72512e50-85dd-4097-8264-f7d63afd8386
IT/SPO.IT0477A_6001_BETA_2022-01-01_00:00:00,6001,2026-05-15 07:00:00,2026-05-15 08:00:00,5.675942000000000000,ug.m-3,hour,3,3,2026-05-15 07:00:00,,772caa01-4593-493d-90fd-7dc9c6f0bc1e
IT/SPO.IT0477A_6001_BETA_2022-01-01_00:00:00,6001,2026-05-15 08:00:00,2026-05-15 09:00:00,4.540754000000000000,ug.m-3,hour,3,3,2026-05-15 08:00:00,,778c7762-92f2-4a24-a8b9-882cf49ab2f5
IT/SPO.IT0477A_6001_BETA_2022-01-01_00:00:00,6001,2026-05-15 09:00:00,2026-05-15 10:00:00,3.632603000000000000,ug.m-3,hour,3,3,2026-05-15 09:00:00,,5f23031c-ac30-4fef-84d2-1fb77cb010d7
IT/SPO.IT0477A_6001_BETA_2022-01-01_00:00:00,6001,2026-05-15 10:00:00,2026-05-15 11:00:00,5.685220000000000000,ug.m-3,hour,3,3,2026-05-15 10:00:00,,cc66dbea-7a6f-4684-bf69-2e99e31b8382
IT/SPO.IT0477A_6001_BETA_2022-01-01_00:00:00,6001,2026-05-15 11:00:00,2026-05-15 12:00:00,7.864101000000000000,ug.m-3,hour,3,3,2026-05-15 11:00:00,,96de43c0-1e37-4d88-a5f1-8d2b99c60d43
IT/SPO.IT0477A_6001_BETA_2022-01-01_00:00:00,6001,2026-05-15 12:00:00,2026-05-15 13:00:00,6.291281000000000000,ug.m-3,hour,3,3,2026-05-15 12:00:00,,9c8589d4-5ee2-4eff-bc07-50a3d5aab0a8
IT/SPO.IT0477A_6001_BETA_2022-01-01_00:00:00,6001,2026-05-15 13:00:00,2026-05-15 14:00:00,5.033025000000000000,ug.m-3,hour,3,3,2026-05-16 00:00:00,,86686e16-2b0c-4048-bf01-ce735c5833b4
IT/SPO.IT0477A_6001_BETA_2022-01-01_00:00:00,6001,2026-05-15 14:00:00,2026-05-15 15:00:00,4.026420000000000000,ug.m-3,hour,3,3,2026-05-16 00:00:00,,86686e16-2b0c-4048-bf01-ce735c5833b4
IT/SPO.IT0477A_6001_BETA_2022-01-01_00:00:00,6001,2026-05-15 15:00:00,2026-05-15 16:00:00,3.221136000000000000,ug.m-3,hour,3,3,2026-05-16 00:00:00,,86686e16-2b0c-4048-bf01-ce735c5833b4
IT/SPO.IT0477A_6001_BETA_2022-01-01_00:00:00,6001,2026-05-15 16:00:00,2026-05-15 17:00:00,2.576909000000000000,ug.m-3,hour,3,3,2026-05-16 00:00:00,,86686e16-2b0c-4048-bf01-ce735c5833b4
IT/SPO.IT0477A_6001_BETA_2022-01-01_00:00:00,6001,2026-05-15 17:00:00,2026-05-15 18:00:00,3.741175000000000000,ug.m-3,hour,3,3,2026-05-16 00:00:00,,86686e16-2b0c-4048-bf01-ce735c5833b4
IT/SPO.IT0477A_6001_BETA_2022-01-01_00:00:00,6001,2026-05-15 18:00:00,2026-05-15 19:00:00,2.992940000000000000,ug.m-3,hour,3,3,2026-05-16 00:00:00,,86686e16-2b0c-4048-bf01-ce735c5833b4
IT/SPO.IT0477A_6001_BETA_2022-01-01_00:00:00,6001,2026-05-15 19:00:00,2026-05-15 20:00:00,2.394352000000000000,ug.m-3,hour,3,3,2026-05-16 00:00:00,,86686e16-2b0c-4048-bf01-ce735c5833b4
IT/SPO.IT0477A_6001_BETA_2022-01-01_00:00:00,6001,2026-05-15 20:00:00,2026-05-15 21:00:00,3.875781000000000000,ug.m-3,hour,3,3,2026-05-16 00:00:00,,86686e16-2b0c-4048-bf01-ce735c5833b4
IT/SPO.IT0477A_6001_BETA_2022-01-01_00:00:00,6001,2026-05-15 21:00:00,2026-05-15 22:00:00,3.100625000000000000,ug.m-3,hour,3,3,2026-05-16 00:00:00,,86686e16-2b0c-4048-bf01-ce735c5833b4
IT/SPO.IT0477A_6001_BETA_2022-01-01_00:00:00,6001,2026-05-15 22:00:00,2026-05-15 23:00:00,2.960129000000000000,ug.m-3,hour,3,3,2026-05-16 00:00:00,,86686e16-2b0c-4048-bf01-ce735c5833b4
IT/SPO.IT0477A_6001_BETA_2022-01-01_00:00:00,6001,2026-05-15 23:00:00,2026-05-16 00:00:00,3.735280000000000000,ug.m-3,hour,3,3,2026-05-16 00:00:00,,86686e16-2b0c-4048-bf01-ce735c5833b4
IT/SPO.IT0477A_6001_BETA_2022-01-01_00:00:00,6001,2026-05-16 00:00:00,2026-05-16 01:00:00,3.514191000000000000,ug.m-3,hour,3,3,2026-05-16 00:00:00,,86686e16-2b0c-4048-bf01-ce735c5833b4
IT/SPO.IT0477A_6001_BETA_2022-01-01_00:00:00,6001,2026-05-16 01:00:00,2026-05-16 02:00:00,11.750051000000000000,ug.m-3,hour,1,3,2026-05-20 07:00:00,,a737e397-44a8-4b37-9d43-b48ba158e402
IT/SPO.IT0477A_6001_BETA_2022-01-01_00:00:00,6001,2026-05-16 02:00:00,2026-05-16 03:00:00,12.276022000000000000,ug.m-3,hour,1,3,2026-05-20 07:00:00,,a737e397-44a8-4b37-9d43-b48ba158e402
IT/SPO.IT0477A_6001_BETA_2022-01-01_00:00:00,6001,2026-05-16 03:00:00,2026-05-16 04:00:00,8.593215000000000000,ug.m-3,hour,1,3,2026-05-20 07:00:00,,a737e397-44a8-4b37-9d43-b48ba158e402
IT/SPO.IT0477A_6001_BETA_2022-01-01_00:00:00,6001,2026-05-16 04:00:00,2026-05-16 05:00:00,16.956247000000000000,ug.m-3,hour,1,3,2026-05-20 07:00:00,,a737e397-44a8-4b37-9d43-b48ba158e402
IT/SPO.IT0477A_6001_BETA_2022-01-01_00:00:00,6001,2026-05-16 05:00:00,2026-05-16 06:00:00,11.869373000000000000,ug.m-3,hour,1,3,2026-05-20 07:00:00,,a737e397-44a8-4b37-9d43-b48ba158e402
IT/SPO.IT0477A_6001_BETA_2022-01-01_00:00:00,6001,2026-05-16 06:00:00,2026-05-16 07:00:00,10.138874000000000000,ug.m-3,hour,1,3,2026-05-20 07:00:00,,a737e397-44a8-4b37-9d43-b48ba158e402
IT/SPO.IT0477A_6001_BETA_2022-01-01_00:00:00,6001,2026-05-16 07:00:00,2026-05-16 08:00:00,7.312809000000000000,ug.m-3,hour,1,3,2026-05-20 07:00:00,,a737e397-44a8-4b37-9d43-b48ba158e402
IT/SPO.IT0477A_6001_BETA_2022-01-01_00:00:00,6001,2026-05-16 08:00:00,2026-05-16 09:00:00,7.810199000000000000,ug.m-3,hour,1,3,2026-05-20 07:00:00,,a737e397-44a8-4b37-9d43-b48ba158e402
IT/SPO.IT0477A_6001_BETA_2022-01-01_00:00:00,6001,2026-05-16 09:00:00,2026-05-16 10:00:00,19.275630000000000000,ug.m-3,hour,1,3,2026-05-20 07:00:00,,a737e397-44a8-4b37-9d43-b48ba158e402
IT/SPO.IT0477A_6001_BETA_2022-01-01_00:00:00,6001,2026-05-16 10:00:00,2026-05-16 11:00:00,13.492942000000000000,ug.m-3,hour,1,3,2026-05-20 07:00:00,,a737e397-44a8-4b37-9d43-b48ba158e402
IT/SPO.IT0477A_6001_BETA_2022-01-01_00:00:00,6001,2026-05-16 11:00:00,2026-05-16 12:00:00,9.445059000000000000,ug.m-3,hour,1,3,2026-05-20 07:00:00,,a737e397-44a8-4b37-9d43-b48ba158e402
IT/SPO.IT0477A_6001_BETA_2022-01-01_00:00:00,6001,2026-05-16 12:00:00,2026-05-16 13:00:00,21.152920000000000000,ug.m-3,hour,1,3,2026-05-20 07:00:00,,a737e397-44a8-4b37-9d43-b48ba158e402
IT/SPO.IT0477A_6001_BETA_2022-01-01_00:00:00,6001,2026-05-16 13:00:00,2026-05-16 14:00:00,14.807042000000000000,ug.m-3,hour,1,3,2026-05-20 07:00:00,,a737e397-44a8-4b37-9d43-b48ba158e402
IT/SPO.IT0477A_6001_BETA_2022-01-01_00:00:00,6001,2026-05-16 14:00:00,2026-05-16 15:00:00,10.364929000000000000,ug.m-3,hour,1,3,2026-05-20 07:00:00,,a737e397-44a8-4b37-9d43-b48ba158e402
IT/SPO.IT0477A_6001_BETA_2022-01-01_00:00:00,6001,2026-05-16 15:00:00,2026-05-16 16:00:00,7.255450000000000000,ug.m-3,hour,1,3,2026-05-20 07:00:00,,a737e397-44a8-4b37-9d43-b48ba158e402
IT/SPO.IT0477A_6001_BETA_2022-01-01_00:00:00,6001,2026-05-16 16:00:00,2026-05-16 17:00:00,5.804360000000000000,ug.m-3,hour,1,3,2026-05-20 07:00:00,,a737e397-44a8-4b37-9d43-b48ba158e402
IT/SPO.IT0477A_6001_BETA_2022-01-01_00:00:00,6001,2026-05-16 17:00:00,2026-05-16 18:00:00,4.643489000000000000,ug.m-3,hour,1,3,2026-05-20 07:00:00,,a737e397-44a8-4b37-9d43-b48ba158e402
IT/SPO.IT0477A_6001_BETA_2022-01-01_00:00:00,6001,2026-05-16 18:00:00,2026-05-16 19:00:00,3.714791000000000000,ug.m-3,hour,1,3,2026-05-20 07:00:00,,a737e397-44a8-4b37-9d43-b48ba158e402
IT/SPO.IT0477A_6001_BETA_2022-01-01_00:00:00,6001,2026-05-16 19:00:00,2026-05-16 20:00:00,2.971833000000000000,ug.m-3,hour,1,3,2026-05-20 07:00:00,,a737e397-44a8-4b37-9d43-b48ba158e402
IT/SPO.IT0477A_6001_BETA_2022-01-01_00:00:00,6001,2026-05-16 20:00:00,2026-05-16 21:00:00,2.377466000000000000,ug.m-3,hour,1,3,2026-05-20 07:00:00,,a737e397-44a8-4b37-9d43-b48ba158e402
IT/SPO.IT0477A_6001_BETA_2022-01-01_00:00:00,6001,2026-05-16 21:00:00,2026-05-16 22:00:00,1.901973000000000000,ug.m-3,hour,1,3,2026-05-20 07:00:00,,a737e397-44a8-4b37-9d43-b48ba158e402
IT/SPO.IT0477A_6001_BETA_2022-01-01_00:00:00,6001,2026-05-16 22:00:00,2026-05-16 23:00:00,1.521578000000000000,ug.m-3,hour,1,3,2026-05-20 07:00:00,,a737e397-44a8-4b37-9d43-b48ba158e402
IT/SPO.IT0477A_6001_BETA_2022-01-01_00:00:00,6001,2026-05-16 23:00:00,2026-05-17 00:00:00,1.217263000000000000,ug.m-3,hour,1,3,2026-05-20 07:00:00,,a737e397-44a8-4b37-9d43-b48ba158e402
IT/SPO.IT0477A_6001_BETA_2022-01-01_00:00:00,6001,2026-05-17 00:00:00,2026-05-17 01:00:00,0.973810000000000000,ug.m-3,hour,3,3,2026-05-17 00:00:00,,c1e0ba76-c44a-4c4f-83b4-847fe32096cc
IT/SPO.IT0477A_6001_BETA_2022-01-01_00:00:00,6001,2026-05-17 01:00:00,2026-05-17 02:00:00,5.070844000000000000,ug.m-3,hour,1,3,2026-05-20 07:00:00,,a737e397-44a8-4b37-9d43-b48ba158e402
IT/SPO.IT0477A_6001_BETA_2022-01-01_00:00:00,6001,2026-05-17 02:00:00,2026-05-17 03:00:00,9.677859000000000000,ug.m-3,hour,1,3,2026-05-20 07:00:00,,a737e397-44a8-4b37-9d43-b48ba158e402
IT/SPO.IT0477A_6001_BETA_2022-01-01_00:00:00,6001,2026-05-17 03:00:00,2026-05-17 04:00:00,7.742288000000000000,ug.m-3,hour,1,3,2026-05-20 07:00:00,,a737e397-44a8-4b37-9d43-b48ba158e402
IT/SPO.IT0477A_6001_BETA_2022-01-01_00:00:00,6001,2026-05-17 04:00:00,2026-05-17 05:00:00,6.193830000000000000,ug.m-3,hour,1,3,2026-05-20 07:00:00,,a737e397-44a8-4b37-9d43-b48ba158e402
IT/SPO.IT0477A_6001_BETA_2022-01-01_00:00:00,6001,2026-05-17 05:00:00,2026-05-17 06:00:00,4.955064000000000000,ug.m-3,hour,1,3,2026-05-20 07:00:00,,a737e397-44a8-4b37-9d43-b48ba158e402
IT/SPO.IT0477A_6001_BETA_2022-01-01_00:00:00,6001,2026-05-17 06:00:00,2026-05-17 07:00:00,3.964051000000000000,ug.m-3,hour,1,3,2026-05-20 07:00:00,,a737e397-44a8-4b37-9d43-b48ba158e402
IT/SPO.IT0477A_6001_BETA_2022-01-01_00:00:00,6001,2026-05-17 07:00:00,2026-05-17 08:00:00,3.173817000000000000,ug.m-3,hour,1,3,2026-05-20 07:00:00,,a737e397-44a8-4b37-9d43-b48ba158e402
IT/SPO.IT0477A_6001_BETA_2022-01-01_00:00:00,6001,2026-05-17 08:00:00,2026-05-17 09:00:00,6.576232000000000000,ug.m-3,hour,1,3,2026-05-20 07:00:00,,a737e397-44a8-4b37-9d43-b48ba158e402
IT/SPO.IT0477A_6001_BETA_2022-01-01_00:00:00,6001,2026-05-17 09:00:00,2026-05-17 10:00:00,6.322478000000000000,ug.m-3,hour,1,3,2026-05-20 07:00:00,,a737e397-44a8-4b37-9d43-b48ba158e402
IT/SPO.IT0477A_6001_BETA_2022-01-01_00:00:00,6001,2026-05-17 10:00:00,2026-05-17 11:00:00,5.119810000000000000,ug.m-3,hour,1,3,2026-05-20 07:00:00,,a737e397-44a8-4b37-9d43-b48ba158e402
IT/SPO.IT0477A_6001_BETA_2022-01-01_00:00:00,6001,2026-05-17 11:00:00,2026-05-17 12:00:00,6.255823000000000000,ug.m-3,hour,1,3,2026-05-20 07:00:00,,a737e397-44a8-4b37-9d43-b48ba158e402
IT/SPO.IT0477A_6001_BETA_2022-01-01_00:00:00,6001,2026-05-17 12:00:00,2026-05-17 13:00:00,5.004658000000000000,ug.m-3,hour,1,3,2026-05-20 07:00:00,,a737e397-44a8-4b37-9d43-b48ba158e402
IT/SPO.IT0477A_6001_BETA_2022-01-01_00:00:00,6001,2026-05-17 13:00:00,2026-05-17 14:00:00,4.003726000000000000,ug.m-3,hour,1,3,2026-05-20 07:00:00,,a737e397-44a8-4b37-9d43-b48ba158e402
IT/SPO.IT0477A_6001_BETA_2022-01-01_00:00:00,6001,2026-05-17 14:00:00,2026-05-17 15:00:00,3.202981000000000000,ug.m-3,hour,1,3,2026-05-20 07:00:00,,a737e397-44a8-4b37-9d43-b48ba158e402
IT/SPO.IT0477A_6001_BETA_2022-01-01_00:00:00,6001,2026-05-17 15:00:00,2026-05-17 16:00:00,3.558526000000000000,ug.m-3,hour,1,3,2026-05-20 07:00:00,,a737e397-44a8-4b37-9d43-b48ba158e402
IT/SPO.IT0477A_6001_BETA_2022-01-01_00:00:00,6001,2026-05-17 16:00:00,2026-05-17 17:00:00,2.846821000000000000,ug.m-3,hour,1,3,2026-05-20 07:00:00,,a737e397-44a8-4b37-9d43-b48ba158e402
IT/SPO.IT0477A_6001_BETA_2022-01-01_00:00:00,6001,2026-05-17 17:00:00,2026-05-17 18:00:00,2.277457000000000000,ug.m-3,hour,1,3,2026-05-20 07:00:00,,a737e397-44a8-4b37-9d43-b48ba158e402
IT/SPO.IT0477A_6001_BETA_2022-01-01_00:00:00,6001,2026-05-17 18:00:00,2026-05-17 19:00:00,1.821965000000000000,ug.m-3,hour,1,3,2026-05-20 07:00:00,,a737e397-44a8-4b37-9d43-b48ba158e402
IT/SPO.IT0477A_6001_BETA_2022-01-01_00:00:00,6001,2026-05-17 19:00:00,2026-05-17 20:00:00,1.485609000000000000,ug.m-3,hour,1,3,2026-05-20 07:00:00,,a737e397-44a8-4b37-9d43-b48ba158e402
IT/SPO.IT0477A_6001_BETA_2022-01-01_00:00:00,6001,2026-05-17 20:00:00,2026-05-17 21:00:00,3.265051000000000000,ug.m-3,hour,1,3,2026-05-20 07:00:00,,a737e397-44a8-4b37-9d43-b48ba158e402
IT/SPO.IT0477A_6001_BETA_2022-01-01_00:00:00,6001,2026-05-17 21:00:00,2026-05-17 22:00:00,2.612041000000000000,ug.m-3,hour,1,3,2026-05-20 07:00:00,,a737e397-44a8-4b37-9d43-b48ba158e402
IT/SPO.IT0477A_6001_BETA_2022-01-01_00:00:00,6001,2026-05-17 22:00:00,2026-05-17 23:00:00,2.089633000000000000,ug.m-3,hour,1,3,2026-05-20 07:00:00,,a737e397-44a8-4b37-9d43-b48ba158e402
IT/SPO.IT0477A_6001_BETA_2022-01-01_00:00:00,6001,2026-05-17 23:00:00,2026-05-18 00:00:00,1.671706000000000000,ug.m-3,hour,1,3,2026-05-20 07:00:00,,a737e397-44a8-4b37-9d43-b48ba158e402
IT/SPO.IT0477A_6001_BETA_2022-01-01_00:00:00,6001,2026-05-18 00:00:00,2026-05-18 01:00:00,4.789625000000000000,ug.m-3,hour,1,3,2026-05-20 07:00:00,,a737e397-44a8-4b37-9d43-b48ba158e402
IT/SPO.IT0477A_6001_BETA_2022-01-01_00:00:00,6001,2026-05-18 01:00:00,2026-05-18 02:00:00,3.831700000000000000,ug.m-3,hour,1,3,2026-05-20 07:00:00,,a737e397-44a8-4b37-9d43-b48ba158e402
IT/SPO.IT0477A_6001_BETA_2022-01-01_00:00:00,6001,2026-05-18 02:00:00,2026-05-18 03:00:00,3.065360000000000000,ug.m-3,hour,1,3,2026-05-20 07:00:00,,a737e397-44a8-4b37-9d43-b48ba158e402
IT/SPO.IT0477A_6001_BETA_2022-01-01_00:00:00,6001,2026-05-18 03:00:00,2026-05-18 04:00:00,2.790409000000000000,ug.m-3,hour,1,3,2026-05-20 07:00:00,,a737e397-44a8-4b37-9d43-b48ba158e402
IT/SPO.IT0477A_6001_BETA_2022-01-01_00:00:00,6001,2026-05-18 04:00:00,2026-05-18 05:00:00,2.232327000000000000,ug.m-3,hour,1,3,2026-05-20 07:00:00,,a737e397-44a8-4b37-9d43-b48ba158e402
IT/SPO.IT0477A_6001_BETA_2022-01-01_00:00:00,6001,2026-05-18 05:00:00,2026-05-18 06:00:00,3.256561000000000000,ug.m-3,hour,1,3,2026-05-20 07:00:00,,a737e397-44a8-4b37-9d43-b48ba158e402
IT/SPO.IT0477A_6001_BETA_2022-01-01_00:00:00,6001,2026-05-18 06:00:00,2026-05-18 07:00:00,6.705797000000000000,ug.m-3,hour,1,3,2026-05-20 07:00:00,,a737e397-44a8-4b37-9d43-b48ba158e402
IT/SPO.IT0477A_6001_BETA_2022-01-01_00:00:00,6001,2026-05-18 07:00:00,2026-05-18 08:00:00,5.364638000000000000,ug.m-3,hour,1,3,2026-05-20 07:00:00,,a737e397-44a8-4b37-9d43-b48ba158e402
IT/SPO.IT0477A_6001_BETA_2022-01-01_00:00:00,6001,2026-05-18 08:00:00,2026-05-18 09:00:00,4.291710000000000000,ug.m-3,hour,1,3,2026-05-20 07:00:00,,a737e397-44a8-4b37-9d43-b48ba158e402
IT/SPO.IT0477A_6001_BETA_2022-01-01_00:00:00,6001,2026-05-18 09:00:00,2026-05-18 10:00:00,5.548500000000000000,ug.m-3,hour,1,3,2026-05-20 07:00:00,,a737e397-44a8-4b37-9d43-b48ba158e402
IT/SPO.IT0477A_6001_BETA_2022-01-01_00:00:00,6001,2026-05-18 10:00:00,2026-05-18 11:00:00,4.438800000000000000,ug.m-3,hour,1,3,2026-05-20 07:00:00,,a737e397-44a8-4b37-9d43-b48ba158e402
IT/SPO.IT0477A_6001_BETA_2022-01-01_00:00:00,6001,2026-05-18 11:00:00,2026-05-18 12:00:00,6.728536000000000000,ug.m-3,hour,1,3,2026-05-20 07:00:00,,a737e397-44a8-4b37-9d43-b48ba158e402
IT/SPO.IT0477A_6001_BETA_2022-01-01_00:00:00,6001,2026-05-18 12:00:00,2026-05-18 13:00:00,11.176148000000000000,ug.m-3,hour,1,3,2026-05-20 07:00:00,,a737e397-44a8-4b37-9d43-b48ba158e402
IT/SPO.IT0477A_6001_BETA_2022-01-01_00:00:00,6001,2026-05-18 13:00:00,2026-05-18 14:00:00,8.940919000000000000,ug.m-3,hour,1,3,2026-05-20 07:00:00,,a737e397-44a8-4b37-9d43-b48ba158e402
IT/SPO.IT0477A_6001_BETA_2022-01-01_00:00:00,6001,2026-05-18 14:00:00,2026-05-18 15:00:00,7.152735000000000000,ug.m-3,hour,1,3,2026-05-20 07:00:00,,a737e397-44a8-4b37-9d43-b48ba158e402
IT/SPO.IT0477A_6001_BETA_2022-01-01_00:00:00,6001,2026-05-18 15:00:00,2026-05-18 16:00:00,5.722188000000000000,ug.m-3,hour,1,3,2026-05-20 07:00:00,,a737e397-44a8-4b37-9d43-b48ba158e402
IT/SPO.IT0477A_6001_BETA_2022-01-01_00:00:00,6001,2026-05-18 16:00:00,2026-05-18 17:00:00,4.577750000000000000,ug.m-3,hour,1,3,2026-05-20 07:00:00,,a737e397-44a8-4b37-9d43-b48ba158e402
IT/SPO.IT0477A_6001_BETA_2022-01-01_00:00:00,6001,2026-05-18 17:00:00,2026-05-18 18:00:00,3.662200000000000000,ug.m-3,hour,1,3,2026-05-20 07:00:00,,a737e397-44a8-4b37-9d43-b48ba158e402
IT/SPO.IT0477A_6001_BETA_2022-01-01_00:00:00,6001,2026-05-18 18:00:00,2026-05-18 19:00:00,2.929760000000000000,ug.m-3,hour,1,3,2026-05-20 07:00:00,,a737e397-44a8-4b37-9d43-b48ba158e402
IT/SPO.IT0477A_6001_BETA_2022-01-01_00:00:00,6001,2026-05-18 19:00:00,2026-05-18 20:00:00,2.343808000000000000,ug.m-3,hour,1,3,2026-05-20 07:00:00,,a737e397-44a8-4b37-9d43-b48ba158e402
IT/SPO.IT0477A_6001_BETA_2022-01-01_00:00:00,6001,2026-05-18 20:00:00,2026-05-18 21:00:00,6.175350000000000000,ug.m-3,hour,1,3,2026-05-20 07:00:00,,a737e397-44a8-4b37-9d43-b48ba158e402
IT/SPO.IT0477A_6001_BETA_2022-01-01_00:00:00,6001,2026-05-18 21:00:00,2026-05-18 22:00:00,4.940280000000000000,ug.m-3,hour,1,3,2026-05-20 07:00:00,,a737e397-44a8-4b37-9d43-b48ba158e402
IT/SPO.IT0477A_6001_BETA_2022-01-01_00:00:00,6001,2026-05-18 22:00:00,2026-05-18 23:00:00,5.259776000000000000,ug.m-3,hour,1,3,2026-05-20 07:00:00,,a737e397-44a8-4b37-9d43-b48ba158e402
IT/SPO.IT0477A_6001_BETA_2022-01-01_00:00:00,6001,2026-05-18 23:00:00,2026-05-19 00:00:00,4.207820000000000000,ug.m-3,hour,1,3,2026-05-20 07:00:00,,a737e397-44a8-4b37-9d43-b48ba158e402
IT/SPO.IT0477A_6001_BETA_2022-01-01_00:00:00,6001,2026-05-19 00:00:00,2026-05-19 01:00:00,5.533663000000000000,ug.m-3,hour,1,3,2026-05-20 07:00:00,,a737e397-44a8-4b37-9d43-b48ba158e402
IT/SPO.IT0477A_6001_BETA_2022-01-01_00:00:00,6001,2026-05-19 01:00:00,2026-05-19 02:00:00,4.426930000000000000,ug.m-3,hour,1,3,2026-05-20 07:00:00,,a737e397-44a8-4b37-9d43-b48ba158e402
IT/SPO.IT0477A_6001_BETA_2022-01-01_00:00:00,6001,2026-05-19 02:00:00,2026-05-19 03:00:00,8.746722000000000000,ug.m-3,hour,1,3,2026-05-20 07:00:00,,a737e397-44a8-4b37-9d43-b48ba158e402
IT/SPO.IT0477A_6001_BETA_2022-01-01_00:00:00,6001,2026-05-19 03:00:00,2026-05-19 04:00:00,6.997378000000000000,ug.m-3,hour,1,3,2026-05-20 07:00:00,,a737e397-44a8-4b37-9d43-b48ba158e402
IT/SPO.IT0477A_6001_BETA_2022-01-01_00:00:00,6001,2026-05-19 04:00:00,2026-05-19 05:00:00,5.597902000000000000,ug.m-3,hour,1,3,2026-05-20 07:00:00,,a737e397-44a8-4b37-9d43-b48ba158e402
IT/SPO.IT0477A_6001_BETA_2022-01-01_00:00:00,6001,2026-05-19 05:00:00,2026-05-19 06:00:00,4.478323000000000000,ug.m-3,hour,1,3,2026-05-20 07:00:00,,a737e397-44a8-4b37-9d43-b48ba158e402
IT/SPO.IT0477A_6001_BETA_2022-01-01_00:00:00,6001,2026-05-19 06:00:00,2026-05-19 07:00:00,3.582658000000000000,ug.m-3,hour,1,3,2026-05-20 07:00:00,,a737e397-44a8-4b37-9d43-b48ba158e402
IT/SPO.IT0477A_6001_BETA_2022-01-01_00:00:00,6001,2026-05-19 07:00:00,2026-05-19 08:00:00,6.085423000000000000,ug.m-3,hour,1,3,2026-05-20 07:00:00,,a737e397-44a8-4b37-9d43-b48ba158e402
IT/SPO.IT0477A_6001_BETA_2022-01-01_00:00:00,6001,2026-05-19 08:00:00,2026-05-19 09:00:00,12.455597000000000000,ug.m-3,hour,1,3,2026-05-20 07:00:00,,a737e397-44a8-4b37-9d43-b48ba158e402
IT/SPO.IT0477A_6001_BETA_2022-01-01_00:00:00,6001,2026-05-19 09:00:00,2026-05-19 10:00:00,14.601995000000000000,ug.m-3,hour,1,3,2026-05-20 07:00:00,,a737e397-44a8-4b37-9d43-b48ba158e402
IT/SPO.IT0477A_6001_BETA_2022-01-01_00:00:00,6001,2026-05-19 10:00:00,2026-05-19 11:00:00,10.221396000000000000,ug.m-3,hour,1,3,2026-05-19 11:00:00,,0da9abf2-1ef6-4f28-9a74-2329841ffbe4
IT/SPO.IT0477A_6001_BETA_2022-01-01_00:00:00,6001,2026-05-19 11:00:00,2026-05-19 12:00:00,18.676714000000000000,ug.m-3,hour,1,3,2026-05-19 11:00:00,,0da9abf2-1ef6-4f28-9a74-2329841ffbe4
IT/SPO.IT0477A_6001_BETA_2022-01-01_00:00:00,6001,2026-05-19 12:00:00,2026-05-19 13:00:00,13.073700000000000000,ug.m-3,hour,1,3,2026-05-19 12:00:00,,00c91295-53ee-4646-9a18-d745abed6ff6
IT/SPO.IT0477A_6001_BETA_2022-01-01_00:00:00,6001,2026-05-19 13:00:00,2026-05-19 14:00:00,12.444596000000000000,ug.m-3,hour,1,3,2026-05-19 13:00:00,,1b41df43-b3f5-4d3b-adb4-adba4a61a79d
IT/SPO.IT0477A_6001_BETA_2022-01-01_00:00:00,6001,2026-05-19 14:00:00,2026-05-19 15:00:00,8.711217000000000000,ug.m-3,hour,1,3,2026-05-19 14:00:00,,915475a9-dfa3-48dd-975a-594d0b63ee12
IT/SPO.IT0477A_6001_BETA_2022-01-01_00:00:00,6001,2026-05-19 15:00:00,2026-05-19 16:00:00,6.097852000000000000,ug.m-3,hour,1,3,2026-05-19 15:00:00,,42e5deb9-b3cd-450e-a4b8-e7cfc8b2b54c
IT/SPO.IT0477A_6001_BETA_2022-01-01_00:00:00,6001,2026-05-19 16:00:00,2026-05-19 17:00:00,4.878282000000000000,ug.m-3,hour,1,3,2026-05-19 16:00:00,,05571edb-dda8-46a1-99c4-211441bb0da2
IT/SPO.IT0477A_6001_BETA_2022-01-01_00:00:00,6001,2026-05-19 17:00:00,2026-05-19 18:00:00,3.902625000000000000,ug.m-3,hour,1,3,2026-05-19 17:00:00,,301a85fd-79a3-434c-bbe4-8145ae0606ba
IT/SPO.IT0477A_6001_BETA_2022-01-01_00:00:00,6001,2026-05-19 18:00:00,2026-05-19 19:00:00,3.122100000000000000,ug.m-3,hour,1,3,2026-05-19 18:00:00,,b7596a0a-ee79-44e9-966c-01ca0d17f9b7
IT/SPO.IT0477A_6001_BETA_2022-01-01_00:00:00,6001,2026-05-19 19:00:00,2026-05-19 20:00:00,2.497680000000000000,ug.m-3,hour,1,3,2026-05-19 19:00:00,,c069a217-ad47-49da-a23d-e18de811369d
IT/SPO.IT0477A_6001_BETA_2022-01-01_00:00:00,6001,2026-05-19 20:00:00,2026-05-19 21:00:00,1.998144000000000000,ug.m-3,hour,1,3,2026-05-19 20:00:00,,fc4b838d-766e-4b05-a117-8afb1288cfc3
IT/SPO.IT0477A_6001_BETA_2022-01-01_00:00:00,6001,2026-05-19 21:00:00,2026-05-19 22:00:00,1.598515000000000000,ug.m-3,hour,1,3,2026-05-19 21:00:00,,78ddf527-8419-47df-87ea-202cbe508a76
IT/SPO.IT0477A_6001_BETA_2022-01-01_00:00:00,6001,2026-05-19 22:00:00,2026-05-19 23:00:00,3.179768000000000000,ug.m-3,hour,1,3,2026-05-19 22:00:00,,0d4f7618-a536-4123-ad65-1afcc0090cdf
IT/SPO.IT0477A_6001_BETA_2022-01-01_00:00:00,6001,2026-05-19 23:00:00,2026-05-20 00:00:00,2.543814000000000000,ug.m-3,hour,1,3,2026-05-19 23:00:00,,764db5fa-1704-4b12-8f66-4a8bc9c4cdf3
IT/SPO.IT0477A_6001_BETA_2022-01-01_00:00:00,6001,2026-05-20 00:00:00,2026-05-20 01:00:00,2.035051000000000000,ug.m-3,hour,1,3,2026-05-20 00:00:00,,7faaa5f0-d556-4000-9344-8bd1061a3d4e
IT/SPO.IT0477A_6001_BETA_2022-01-01_00:00:00,6001,2026-05-20 01:00:00,2026-05-20 02:00:00,6.203589000000000000,ug.m-3,hour,1,3,2026-05-20 01:00:00,,dde981fc-b573-4576-970d-4ce92326cdfb
IT/SPO.IT0477A_6001_BETA_2022-01-01_00:00:00,6001,2026-05-20 02:00:00,2026-05-20 03:00:00,5.985634000000000000,ug.m-3,hour,1,3,2026-05-20 02:00:00,,011ba9b8-7d09-46d0-be9f-3193b45eba05
IT/SPO.IT0477A_6001_BETA_2022-01-01_00:00:00,6001,2026-05-20 03:00:00,2026-05-20 04:00:00,4.788507000000000000,ug.m-3,hour,1,3,2026-05-20 03:00:00,,85a66e29-0153-41f8-a7f9-e491ef112977
IT/SPO.IT0477A_6001_BETA_2022-01-01_00:00:00,6001,2026-05-20 04:00:00,2026-05-20 05:00:00,5.785459000000000000,ug.m-3,hour,1,3,2026-05-20 04:00:00,,9c3256f9-b826-44d5-bb8f-4820254b2d93
IT/SPO.IT0477A_6001_BETA_2022-01-01_00:00:00,6001,2026-05-20 05:00:00,2026-05-20 06:00:00,4.628367000000000000,ug.m-3,hour,1,3,2026-05-20 05:00:00,,33c58ff2-2ec4-4567-892d-3c038ac653ef
IT/SPO.IT0477A_6001_BETA_2022-01-01_00:00:00,6001,2026-05-20 06:00:00,2026-05-20 07:00:00,7.622595000000000000,ug.m-3,hour,1,3,2026-05-20 06:00:00,,f2b69967-a036-4657-ab75-25bb70f57ae1
IT/SPO.IT0477A_6001_BETA_2022-01-01_00:00:00,6001,2026-05-20 07:00:00,2026-05-20 08:00:00,6.098076000000000000,ug.m-3,hour,1,3,2026-05-20 07:00:00,,a737e397-44a8-4b37-9d43-b48ba158e402
IT/SPO.IT0477A_6001_BETA_2022-01-01_00:00:00,6001,2026-05-20 08:00:00,2026-05-20 09:00:00,4.878461000000000000,ug.m-3,hour,1,3,2026-05-20 08:00:00,,4f38d795-672a-4d02-a327-d71caac0481d
IT/SPO.IT0477A_6001_BETA_2022-01-01_00:00:00,6001,2026-05-20 09:00:00,2026-05-20 10:00:00,3.902769000000000000,ug.m-3,hour,1,3,2026-05-20 09:00:00,,2cf09b34-19b3-47e7-9898-7f1ce6f5b9d9
IT/SPO.IT0477A_6001_BETA_2022-01-01_00:00:00,6001,2026-05-20 10:00:00,2026-05-20 11:00:00,6.380818000000000000,ug.m-3,hour,1,3,2026-05-20 10:00:00,,bd65dfa0-31aa-48f0-adbf-4993fd4faf34
IT/SPO.IT0477A_6001_BETA_2022-01-01_00:00:00,6001,2026-05-20 11:00:00,2026-05-20 12:00:00,10.009740000000000000,ug.m-3,hour,1,3,2026-05-20 11:00:00,,64666dcd-b7c1-45a4-99e8-a7cb2a08af7f
IT/SPO.IT0477A_6001_BETA_2022-01-01_00:00:00,6001,2026-05-20 12:00:00,2026-05-20 13:00:00,8.007792000000000000,ug.m-3,hour,1,3,2026-05-21 12:00:00,,379b436a-ad71-4c48-b315-f91ef4372dc7
IT/SPO.IT0477A_6001_BETA_2022-01-01_00:00:00,6001,2026-05-20 13:00:00,2026-05-20 14:00:00,6.406233000000000000,ug.m-3,hour,1,3,2026-05-21 12:00:00,,379b436a-ad71-4c48-b315-f91ef4372dc7
IT/SPO.IT0477A_6001_BETA_2022-01-01_00:00:00,6001,2026-05-20 14:00:00,2026-05-20 15:00:00,6.033283000000000000,ug.m-3,hour,1,3,2026-05-21 12:00:00,,379b436a-ad71-4c48-b315-f91ef4372dc7
IT/SPO.IT0477A_6001_BETA_2022-01-01_00:00:00,6001,2026-05-20 15:00:00,2026-05-20 16:00:00,4.826626000000000000,ug.m-3,hour,1,3,2026-05-21 12:00:00,,379b436a-ad71-4c48-b315-f91ef4372dc7
IT/SPO.IT0477A_6001_BETA_2022-01-01_00:00:00,6001,2026-05-20 16:00:00,2026-05-20 17:00:00,4.011291000000000000,ug.m-3,hour,1,3,2026-05-21 12:00:00,,379b436a-ad71-4c48-b315-f91ef4372dc7
IT/SPO.IT0477A_6001_BETA_2022-01-01_00:00:00,6001,2026-05-20 17:00:00,2026-05-20 18:00:00,3.209032000000000000,ug.m-3,hour,1,3,2026-05-21 12:00:00,,379b436a-ad71-4c48-b315-f91ef4372dc7
IT/SPO.IT0477A_6001_BETA_2022-01-01_00:00:00,6001,2026-05-20 18:00:00,2026-05-20 19:00:00,2.567226000000000000,ug.m-3,hour,1,3,2026-05-21 12:00:00,,379b436a-ad71-4c48-b315-f91ef4372dc7
IT/SPO.IT0477A_6001_BETA_2022-01-01_00:00:00,6001,2026-05-20 19:00:00,2026-05-20 20:00:00,6.081486000000000000,ug.m-3,hour,1,3,2026-05-21 12:00:00,,379b436a-ad71-4c48-b315-f91ef4372dc7
IT/SPO.IT0477A_6001_BETA_2022-01-01_00:00:00,6001,2026-05-20 20:00:00,2026-05-20 21:00:00,4.865189000000000000,ug.m-3,hour,1,3,2026-05-21 12:00:00,,379b436a-ad71-4c48-b315-f91ef4372dc7
IT/SPO.IT0477A_6001_BETA_2022-01-01_00:00:00,6001,2026-05-20 21:00:00,2026-05-20 22:00:00,3.892151000000000000,ug.m-3,hour,1,3,2026-05-21 12:00:00,,379b436a-ad71-4c48-b315-f91ef4372dc7
IT/SPO.IT0477A_6001_BETA_2022-01-01_00:00:00,6001,2026-05-20 22:00:00,2026-05-20 23:00:00,4.062645000000000000,ug.m-3,hour,1,3,2026-05-21 12:00:00,,379b436a-ad71-4c48-b315-f91ef4372dc7
IT/SPO.IT0477A_6001_BETA_2022-01-01_00:00:00,6001,2026-05-20 23:00:00,2026-05-21 00:00:00,8.592944000000000000,ug.m-3,hour,1,3,2026-05-21 12:00:00,,379b436a-ad71-4c48-b315-f91ef4372dc7
IT/SPO.IT0477A_6001_BETA_2022-01-01_00:00:00,6001,2026-05-21 00:00:00,2026-05-21 01:00:00,11.570498000000000000,ug.m-3,hour,1,3,2026-05-21 12:00:00,,379b436a-ad71-4c48-b315-f91ef4372dc7
IT/SPO.IT0477A_6001_BETA_2022-01-01_00:00:00,6001,2026-05-21 01:00:00,2026-05-21 02:00:00,9.256399000000000000,ug.m-3,hour,1,3,2026-05-21 12:00:00,,379b436a-ad71-4c48-b315-f91ef4372dc7
IT/SPO.IT0477A_6001_BETA_2022-01-01_00:00:00,6001,2026-05-21 02:00:00,2026-05-21 03:00:00,10.351849000000000000,ug.m-3,hour,1,3,2026-05-21 12:00:00,,379b436a-ad71-4c48-b315-f91ef4372dc7
IT/SPO.IT0477A_6001_BETA_2022-01-01_00:00:00,6001,2026-05-21 03:00:00,2026-05-21 04:00:00,13.997068000000000000,ug.m-3,hour,1,3,2026-05-21 12:00:00,,379b436a-ad71-4c48-b315-f91ef4372dc7
IT/SPO.IT0477A_6001_BETA_2022-01-01_00:00:00,6001,2026-05-21 04:00:00,2026-05-21 05:00:00,9.797948000000000000,ug.m-3,hour,1,3,2026-05-21 12:00:00,,379b436a-ad71-4c48-b315-f91ef4372dc7
IT/SPO.IT0477A_6001_BETA_2022-01-01_00:00:00,6001,2026-05-21 05:00:00,2026-05-21 06:00:00,10.721259000000000000,ug.m-3,hour,1,3,2026-05-21 12:00:00,,379b436a-ad71-4c48-b315-f91ef4372dc7
IT/SPO.IT0477A_6001_BETA_2022-01-01_00:00:00,6001,2026-05-21 06:00:00,2026-05-21 07:00:00,13.565995000000000000,ug.m-3,hour,1,3,2026-05-21 12:00:00,,379b436a-ad71-4c48-b315-f91ef4372dc7
IT/SPO.IT0477A_6001_BETA_2022-01-01_00:00:00,6001,2026-05-21 07:00:00,2026-05-21 08:00:00,9.496196000000000000,ug.m-3,hour,1,3,2026-05-21 12:00:00,,379b436a-ad71-4c48-b315-f91ef4372dc7
IT/SPO.IT0477A_6001_BETA_2022-01-01_00:00:00,6001,2026-05-21 08:00:00,2026-05-21 09:00:00,8.636340000000000000,ug.m-3,hour,1,3,2026-05-21 12:00:00,,379b436a-ad71-4c48-b315-f91ef4372dc7
IT/SPO.IT0477A_6001_BETA_2022-01-01_00:00:00,6001,2026-05-21 09:00:00,2026-05-21 10:00:00,21.069252000000000000,ug.m-3,hour,1,3,2026-05-21 12:00:00,,379b436a-ad71-4c48-b315-f91ef4372dc7
IT/SPO.IT0477A_6001_BETA_2022-01-01_00:00:00,6001,2026-05-21 11:00:00,2026-05-21 12:00:00,17.282957000000000000,ug.m-3,hour,1,3,2026-05-21 12:00:00,,379b436a-ad71-4c48-b315-f91ef4372dc7
IT/SPO.IT0477A_6001_BETA_2022-01-01_00:00:00,6001,2026-05-21 12:00:00,2026-05-21 13:00:00,12.098070000000000000,ug.m-3,hour,1,3,2026-05-21 12:00:00,,379b436a-ad71-4c48-b315-f91ef4372dc7
IT/SPO.IT0477A_6001_BETA_2022-01-01_00:00:00,6001,2026-05-21 13:00:00,2026-05-21 14:00:00,9.233613000000000000,ug.m-3,hour,1,3,2026-05-21 13:00:00,,d3203832-b473-44d5-a33d-675a89541113
IT/SPO.IT0477A_6001_BETA_2022-01-01_00:00:00,6001,2026-05-21 14:00:00,2026-05-21 15:00:00,10.222345000000000000,ug.m-3,hour,1,3,2026-05-21 14:00:00,,304af9b8-640a-42fe-81f6-dc5ab3b20723
IT/SPO.IT0477A_6001_BETA_2022-01-01_00:00:00,6001,2026-05-21 15:00:00,2026-05-21 16:00:00,8.177876000000000000,ug.m-3,hour,1,3,2026-05-21 15:00:00,,033726c5-f07b-4977-a35f-7dafec98345c
IT/SPO.IT0477A_6001_BETA_2022-01-01_00:00:00,6001,2026-05-21 16:00:00,2026-05-21 17:00:00,6.542301000000000000,ug.m-3,hour,1,3,2026-05-21 16:00:00,,202b1eba-da85-4d18-8fc5-8cab812ed17e
IT/SPO.IT0477A_6001_BETA_2022-01-01_00:00:00,6001,2026-05-21 17:00:00,2026-05-21 18:00:00,6.388576000000000000,ug.m-3,hour,1,3,2026-05-21 17:00:00,,c10365dd-cd1b-4c10-848b-120481748918
IT/SPO.IT0477A_6001_BETA_2022-01-01_00:00:00,6001,2026-05-21 18:00:00,2026-05-21 19:00:00,5.110860000000000000,ug.m-3,hour,1,3,2026-05-21 18:00:00,,6e697cb4-8f74-4c5d-a735-a999335e46a0
IT/SPO.IT0477A_6001_BETA_2022-01-01_00:00:00,6001,2026-05-21 19:00:00,2026-05-21 20:00:00,4.088688000000000000,ug.m-3,hour,1,3,2026-05-21 19:00:00,,7756d9c8-d111-49f4-954c-6df3704cf514
IT/SPO.IT0477A_6001_BETA_2022-01-01_00:00:00,6001,2026-05-21 20:00:00,2026-05-21 21:00:00,3.270951000000000000,ug.m-3,hour,1,3,2026-05-21 20:00:00,,36f606f7-539f-4f72-a378-cd17d4fea1a8
IT/SPO.IT0477A_6001_BETA_2022-01-01_00:00:00,6001,2026-05-21 21:00:00,2026-05-21 22:00:00,8.699438000000000000,ug.m-3,hour,1,3,2026-05-21 21:00:00,,5e74881e-e220-46fd-a2c2-04da29b132a5
IT/SPO.IT0477A_6001_BETA_2022-01-01_00:00:00,6001,2026-05-21 22:00:00,2026-05-21 23:00:00,6.959550000000000000,ug.m-3,hour,1,3,2026-05-21 22:00:00,,3f063525-a83b-4445-ae4f-ca9e5afc9b2c
IT/SPO.IT0477A_6001_BETA_2022-01-01_00:00:00,6001,2026-05-21 23:00:00,2026-05-22 00:00:00,6.549096000000000000,ug.m-3,hour,1,3,2026-05-21 23:00:00,,2b905643-79a4-4970-a5f1-8b2328076bfa
IT/SPO.IT0477A_6001_BETA_2022-01-01_00:00:00,6001,2026-05-22 00:00:00,2026-05-22 01:00:00,11.544880000000000000,ug.m-3,hour,1,3,2026-05-22 00:00:00,,47831989-b659-4c73-ac96-a3d2e139b065
IT/SPO.IT0477A_6001_BETA_2022-01-01_00:00:00,6001,2026-05-22 01:00:00,2026-05-22 02:00:00,9.235905000000000000,ug.m-3,hour,1,3,2026-05-22 01:00:00,,880b3607-5cdb-4804-8dc9-6a606d62e3c5
IT/SPO.IT0477A_6001_BETA_2022-01-01_00:00:00,6001,2026-05-22 02:00:00,2026-05-22 03:00:00,13.936658000000000000,ug.m-3,hour,1,3,2026-05-22 02:00:00,,72d6cf07-99f3-46dc-910f-da907693ad46
IT/SPO.IT0477A_6001_BETA_2022-01-01_00:00:00,6001,2026-05-22 03:00:00,2026-05-22 04:00:00,9.755660000000000000,ug.m-3,hour,1,3,2026-05-22 03:00:00,,9c61d7be-448e-4459-90f0-4520e2fc6f7e
IT/SPO.IT0477A_6001_BETA_2022-01-01_00:00:00,6001,2026-05-22 04:00:00,2026-05-22 05:00:00,12.745928000000000000,ug.m-3,hour,1,3,2026-05-22 04:00:00,,44dbb1dc-e24f-4d75-8f3a-1a4a8d221f46
IT/SPO.IT0477A_6001_BETA_2022-01-01_00:00:00,6001,2026-05-22 05:00:00,2026-05-22 06:00:00,8.922150000000000000,ug.m-3,hour,1,3,2026-05-22 05:00:00,,94e4ee07-55e4-44d6-b084-fd0967863c0f
IT/SPO.IT0477A_6001_BETA_2022-01-01_00:00:00,6001,2026-05-22 06:00:00,2026-05-22 07:00:00,12.227371000000000000,ug.m-3,hour,1,3,2026-05-22 06:00:00,,3ae58d38-21f7-4475-8b35-627d79117809
IT/SPO.IT0477A_6001_BETA_2022-01-01_00:00:00,6001,2026-05-22 07:00:00,2026-05-22 08:00:00,12.087186000000000000,ug.m-3,hour,1,3,2026-05-22 07:00:00,,01c82417-c3ab-4924-a27f-4f712a70335f
IT/SPO.IT0477A_6001_BETA_2022-01-01_00:00:00,6001,2026-05-22 08:00:00,2026-05-22 09:00:00,18.175137000000000000,ug.m-3,hour,1,3,2026-05-22 08:00:00,,3a6daf9e-8e53-4aa1-a5aa-5318d7e9912c
IT/SPO.IT0477A_6001_BETA_2022-01-01_00:00:00,6001,2026-05-22 09:00:00,2026-05-22 10:00:00,16.205614000000000000,ug.m-3,hour,1,3,2026-05-22 09:00:00,,cf3135ae-e1ef-4d8a-aa79-c6810c562a88
IT/SPO.IT0477A_6001_BETA_2022-01-01_00:00:00,6001,2026-05-22 10:00:00,2026-05-22 11:00:00,15.929482000000000000,ug.m-3,hour,1,3,2026-05-22 10:00:00,,49d3329b-899f-4a01-b4fc-9b72b3c8186b
IT/SPO.IT0477A_6001_BETA_2022-01-01_00:00:00,6001,2026-05-22 11:00:00,2026-05-22 12:00:00,16.556723000000000000,ug.m-3,hour,1,3,2026-05-22 11:00:00,,698433a0-7eb1-4956-b5d4-9e79a61cd082
IT/SPO.IT0477A_6001_BETA_2022-01-01_00:00:00,6001,2026-05-22 12:00:00,2026-05-22 13:00:00,11.589705000000000000,ug.m-3,hour,1,3,2026-05-22 12:00:00,,a74c2886-08f9-456d-ae5c-12b83cb7aed3
IT/SPO.IT0477A_6001_BETA_2022-01-01_00:00:00,6001,2026-05-22 13:00:00,2026-05-22 14:00:00,8.112794000000000000,ug.m-3,hour,1,3,2026-05-22 13:00:00,,b67e4112-c8ea-4ac8-8ea4-fc6e71c2cf17
IT/SPO.IT0477A_6001_BETA_2022-01-01_00:00:00,6001,2026-05-22 14:00:00,2026-05-22 15:00:00,5.678956000000000000,ug.m-3,hour,1,3,2026-05-22 14:00:00,,0596f65d-4f67-4f8a-a135-e2c3eb01df76
IT/SPO.IT0477A_6001_BETA_2022-01-01_00:00:00,6001,2026-05-22 15:00:00,2026-05-22 16:00:00,4.543164000000000000,ug.m-3,hour,1,3,2026-05-22 15:00:00,,d47de5fd-9ae6-4382-883d-a90feb8c52be
IT/SPO.IT0477A_6001_BETA_2022-01-01_00:00:00,6001,2026-05-22 16:00:00,2026-05-22 17:00:00,7.121326000000000000,ug.m-3,hour,1,3,2026-05-22 16:00:00,,4a8cde6a-edce-42e4-acc0-f20f658531ee
IT/SPO.IT0477A_6001_BETA_2022-01-01_00:00:00,6001,2026-05-22 17:00:00,2026-05-22 18:00:00,5.697061000000000000,ug.m-3,hour,1,3,2026-05-22 17:00:00,,ba561353-5990-4102-ab68-b0f1275169ca
IT/SPO.IT0477A_6001_BETA_2022-01-01_00:00:00,6001,2026-05-22 18:00:00,2026-05-22 19:00:00,4.557649000000000000,ug.m-3,hour,1,3,2026-05-22 18:00:00,,74c0bbea-3ba8-40fa-b5f0-f343d1b1694d
IT/SPO.IT0477A_6001_BETA_2022-01-01_00:00:00,6001,2026-05-22 19:00:00,2026-05-22 20:00:00,9.113830000000000000,ug.m-3,hour,1,3,2026-05-22 19:00:00,,9bd6a9fa-6cc7-4afd-bd71-4df9818fd96c
IT/SPO.IT0477A_6001_BETA_2022-01-01_00:00:00,6001,2026-05-22 20:00:00,2026-05-22 21:00:00,7.987854000000000000,ug.m-3,hour,1,3,2026-05-22 20:00:00,,6fca35c5-152d-4951-91a7-15056af91752
IT/SPO.IT0477A_6001_BETA_2022-01-01_00:00:00,6001,2026-05-22 21:00:00,2026-05-22 22:00:00,11.295154000000000000,ug.m-3,hour,1,3,2026-05-22 21:00:00,,a855c58f-ab54-428c-b9f8-00db6337de66
IT/SPO.IT0477A_6001_BETA_2022-01-01_00:00:00,6001,2026-05-22 22:00:00,2026-05-22 23:00:00,10.741007000000000000,ug.m-3,hour,1,3,2026-05-22 22:00:00,,e97b8676-a2e2-4c9b-acf1-e08bc8c851b9
IT/SPO.IT0477A_6001_BETA_2022-01-01_00:00:00,6001,2026-05-22 23:00:00,2026-05-23 00:00:00,11.797298000000000000,ug.m-3,hour,1,3,2026-05-22 23:00:00,,ec336885-71bb-4589-a5e7-304ac039625c
IT/SPO.IT0477A_6001_BETA_2022-01-01_00:00:00,6001,2026-05-23 00:00:00,2026-05-23 01:00:00,18.666433000000000000,ug.m-3,hour,1,3,2026-05-23 00:00:00,,87b3f6c9-ec2a-47a4-99b9-5a4cd094d91f
IT/SPO.IT0477A_6001_BETA_2022-01-01_00:00:00,6001,2026-05-23 01:00:00,2026-05-23 02:00:00,13.066504000000000000,ug.m-3,hour,1,3,2026-05-23 01:00:00,,cb8950df-d687-44e5-b46d-f06540fa9cde
IT/SPO.IT0477A_6001_BETA_2022-01-01_00:00:00,6001,2026-05-23 02:00:00,2026-05-23 03:00:00,21.560633000000000000,ug.m-3,hour,1,3,2026-05-23 02:00:00,,89adea10-14c6-438e-8773-d2507199031f
IT/SPO.IT0477A_6001_BETA_2022-01-01_00:00:00,6001,2026-05-23 03:00:00,2026-05-23 04:00:00,15.092443000000000000,ug.m-3,hour,1,3,2026-05-23 03:00:00,,1cb67bcb-8f3f-4d0d-8cc9-4c096f4d4ba2
IT/SPO.IT0477A_6001_BETA_2022-01-01_00:00:00,6001,2026-05-23 04:00:00,2026-05-23 05:00:00,10.947493000000000000,ug.m-3,hour,1,3,2026-05-23 04:00:00,,c4c4075c-0d22-4903-a35c-a2062532058e
IT/SPO.IT0477A_6001_BETA_2022-01-01_00:00:00,6001,2026-05-23 05:00:00,2026-05-23 06:00:00,12.008975000000000000,ug.m-3,hour,1,3,2026-05-23 05:00:00,,a1036039-e8d7-401a-b880-e1a2185a44a3
IT/SPO.IT0477A_6001_BETA_2022-01-01_00:00:00,6001,2026-05-23 06:00:00,2026-05-23 07:00:00,15.558209000000000000,ug.m-3,hour,1,3,2026-05-23 06:00:00,,e97d7b57-49c7-4d16-bcc9-3dc715786193
IT/SPO.IT0477A_6001_BETA_2022-01-01_00:00:00,6001,2026-05-23 07:00:00,2026-05-23 08:00:00,12.197276000000000000,ug.m-3,hour,1,3,2026-05-23 07:00:00,,b0cc623f-0c6f-4e6d-93e1-7db8f6d0f20e
IT/SPO.IT0477A_6001_BETA_2022-01-01_00:00:00,6001,2026-05-23 08:00:00,2026-05-23 09:00:00,16.456055000000000000,ug.m-3,hour,1,3,2026-05-23 08:00:00,,be605a3c-3e53-4bcd-9cf2-04b52c1ee3da
IT/SPO.IT0477A_6001_BETA_2022-01-01_00:00:00,6001,2026-05-23 09:00:00,2026-05-23 10:00:00,11.519238000000000000,ug.m-3,hour,1,3,2026-05-23 09:00:00,,a433bb28-938d-404b-9885-f13efe2da73c
IT/SPO.IT0477A_6001_BETA_2022-01-01_00:00:00,6001,2026-05-23 10:00:00,2026-05-23 11:00:00,9.398904000000000000,ug.m-3,hour,1,3,2026-05-23 10:00:00,,7c68fee7-d4fa-4edb-a669-eb27ea24e17e
IT/SPO.IT0477A_6001_BETA_2022-01-01_00:00:00,6001,2026-05-23 11:00:00,2026-05-23 12:00:00,8.856998000000000000,ug.m-3,hour,1,3,2026-05-23 11:00:00,,6bb76f74-af4c-44a1-aaff-405c975a49ac
IT/SPO.IT0477A_6001_BETA_2022-01-01_00:00:00,6001,2026-05-23 12:00:00,2026-05-23 13:00:00,8.231067000000000000,ug.m-3,hour,1,3,2026-05-23 12:00:00,,26b3d257-c1d5-467d-8e51-a8a1472867b7
IT/SPO.IT0477A_6001_BETA_2022-01-01_00:00:00,6001,2026-05-23 13:00:00,2026-05-23 14:00:00,9.532441000000000000,ug.m-3,hour,1,3,2026-05-23 13:00:00,,7df31889-cdec-4f3a-b893-af838f952f10
IT/SPO.IT0477A_6001_BETA_2022-01-01_00:00:00,6001,2026-05-23 14:00:00,2026-05-23 15:00:00,11.071331000000000000,ug.m-3,hour,1,3,2026-05-23 14:00:00,,f8500e90-284f-448a-8783-74c0125c9792
IT/SPO.IT0477A_6001_BETA_2022-01-01_00:00:00,6001,2026-05-23 15:00:00,2026-05-23 16:00:00,9.643791000000000000,ug.m-3,hour,1,3,2026-05-23 15:00:00,,cc353cc1-bac0-4c20-990a-a30072bf4064
IT/SPO.IT0477A_6001_BETA_2022-01-01_00:00:00,6001,2026-05-23 16:00:00,2026-05-23 17:00:00,7.715033000000000000,ug.m-3,hour,1,3,2026-05-23 16:00:00,,e54104d2-83ab-4d67-afc2-b3e6e0290b1e
IT/SPO.IT0477A_6001_BETA_2022-01-01_00:00:00,6001,2026-05-23 17:00:00,2026-05-23 18:00:00,8.643485000000000000,ug.m-3,hour,1,3,2026-05-23 17:00:00,,9ab6e89c-1ede-4b88-95c0-5bc5afe77f44
IT/SPO.IT0477A_6001_BETA_2022-01-01_00:00:00,6001,2026-05-23 18:00:00,2026-05-23 19:00:00,6.914788000000000000,ug.m-3,hour,1,3,2026-05-23 18:00:00,,5d494fdd-c8be-4522-99d9-0914e0c21d35
IT/SPO.IT0477A_6001_BETA_2022-01-01_00:00:00,6001,2026-05-23 19:00:00,2026-05-23 20:00:00,8.744056000000000000,ug.m-3,hour,1,3,2026-05-23 19:00:00,,0b3252aa-751b-4146-bbce-74047a5a0dbd
IT/SPO.IT0477A_6001_BETA_2022-01-01_00:00:00,6001,2026-05-23 20:00:00,2026-05-23 21:00:00,10.542203000000000000,ug.m-3,hour,1,3,2026-05-23 20:00:00,,56b047af-a867-421e-86fd-f90ad76970bb
IT/SPO.IT0477A_6001_BETA_2022-01-01_00:00:00,6001,2026-05-23 21:00:00,2026-05-23 22:00:00,12.072285000000000000,ug.m-3,hour,1,3,2026-05-23 21:00:00,,6d7c99cf-a1e3-4d0a-ae6c-e62e15c312c8
IT/SPO.IT0477A_6001_BETA_2022-01-01_00:00:00,6001,2026-05-23 22:00:00,2026-05-23 23:00:00,9.449656000000000000,ug.m-3,hour,1,3,2026-05-23 22:00:00,,ebaabb22-d51e-42a8-aba8-acf6beee237d
IT/SPO.IT0477A_6001_BETA_2022-01-01_00:00:00,6001,2026-05-23 23:00:00,2026-05-24 00:00:00,17.990608000000000000,ug.m-3,hour,1,3,2026-05-23 23:00:00,,904b1e35-9320-4e58-a477-c50fb90e7c5f
IT/SPO.IT0477A_6001_BETA_2022-01-01_00:00:00,6001,2026-05-24 00:00:00,2026-05-24 01:00:00,16.340601000000000000,ug.m-3,hour,1,3,2026-05-24 00:00:00,,7d89bc10-df4c-4d4d-b683-a56ba48f6bd0
IT/SPO.IT0477A_6001_BETA_2022-01-01_00:00:00,6001,2026-05-24 01:00:00,2026-05-24 02:00:00,11.900200000000000000,ug.m-3,hour,1,3,2026-05-24 01:00:00,,32579787-bcc4-4c04-b862-970f63381af3
IT/SPO.IT0477A_6001_BETA_2022-01-01_00:00:00,6001,2026-05-24 02:00:00,2026-05-24 03:00:00,10.175164000000000000,ug.m-3,hour,1,3,2026-05-24 02:00:00,,b8f5ab98-7484-42a5-8acd-0cc9990192d9
IT/SPO.IT0477A_6001_BETA_2022-01-01_00:00:00,6001,2026-05-24 03:00:00,2026-05-24 04:00:00,12.968657000000000000,ug.m-3,hour,1,3,2026-05-24 03:00:00,,2783e595-eac2-4116-a357-4d54017d26e6
IT/SPO.IT0477A_6001_BETA_2022-01-01_00:00:00,6001,2026-05-24 04:00:00,2026-05-24 05:00:00,18.020031000000000000,ug.m-3,hour,1,3,2026-05-24 04:00:00,,d897ee99-f641-486b-bd0b-4dccb39fb4e4
IT/SPO.IT0477A_6001_BETA_2022-01-01_00:00:00,6001,2026-05-24 05:00:00,2026-05-24 06:00:00,26.197643000000000000,ug.m-3,hour,1,3,2026-05-24 05:00:00,,81681a93-8135-4caa-a01b-a1229784c128
IT/SPO.IT0477A_6001_BETA_2022-01-01_00:00:00,6001,2026-05-24 06:00:00,2026-05-24 07:00:00,23.258411000000000000,ug.m-3,hour,1,3,2026-05-24 06:00:00,,5d1e679d-ecde-4bfd-a1e6-0e95ec772d22
IT/SPO.IT0477A_6001_BETA_2022-01-01_00:00:00,6001,2026-05-24 07:00:00,2026-05-24 08:00:00,16.280888000000000000,ug.m-3,hour,1,3,2026-05-24 07:00:00,,f99fd78b-7f8e-4b2c-a1c6-1687bd37bfb1
IT/SPO.IT0477A_6001_BETA_2022-01-01_00:00:00,6001,2026-05-24 08:00:00,2026-05-24 09:00:00,18.627983000000000000,ug.m-3,hour,1,3,2026-05-24 08:00:00,,1c5fed24-75e2-425d-8caa-2b59f6ad660d
IT/SPO.IT0477A_6001_BETA_2022-01-01_00:00:00,6001,2026-05-24 09:00:00,2026-05-24 10:00:00,13.039588000000000000,ug.m-3,hour,1,3,2026-05-24 09:00:00,,42ac2c6b-a098-40b2-83e6-9f8c1c7373c6
IT/SPO.IT0477A_6001_BETA_2022-01-01_00:00:00,6001,2026-05-24 10:00:00,2026-05-24 11:00:00,16.665813000000000000,ug.m-3,hour,1,3,2026-05-24 10:00:00,,f77f38f4-ee63-46eb-a70f-0c7bc3d743a5
IT/SPO.IT0477A_6001_BETA_2022-01-01_00:00:00,6001,2026-05-24 11:00:00,2026-05-24 12:00:00,17.428830000000000000,ug.m-3,hour,1,3,2026-05-24 11:00:00,,c8cc433f-2047-419e-9666-64f6deeeb8f8
IT/SPO.IT0477A_6001_BETA_2022-01-01_00:00:00,6001,2026-05-24 12:00:00,2026-05-24 13:00:00,12.200180000000000000,ug.m-3,hour,1,3,2026-05-24 12:00:00,,5b0729b3-24ed-45a0-8559-8c0ffa67e0fc
IT/SPO.IT0477A_6001_BETA_2022-01-01_00:00:00,6001,2026-05-24 13:00:00,2026-05-24 14:00:00,8.540126000000000000,ug.m-3,hour,1,3,2026-05-24 13:00:00,,30e067a3-e735-40ee-8994-68207edb2227
IT/SPO.IT0477A_6001_BETA_2022-01-01_00:00:00,6001,2026-05-24 14:00:00,2026-05-24 15:00:00,5.978088000000000000,ug.m-3,hour,1,3,2026-05-24 14:00:00,,7793ea9f-d38f-4f92-948a-5b65f567ec82
IT/SPO.IT0477A_6001_BETA_2022-01-01_00:00:00,6001,2026-05-24 15:00:00,2026-05-24 16:00:00,7.163235000000000000,ug.m-3,hour,1,3,2026-05-24 15:00:00,,3487e161-3d80-4b55-a7e5-6be12bf10860
IT/SPO.IT0477A_6001_BETA_2022-01-01_00:00:00,6001,2026-05-24 16:00:00,2026-05-24 17:00:00,6.672890000000000000,ug.m-3,hour,1,3,2026-05-24 16:00:00,,1aca78f3-aaaa-41ac-aaa1-406f7c0a0f7f
IT/SPO.IT0477A_6001_BETA_2022-01-01_00:00:00,6001,2026-05-24 17:00:00,2026-05-24 18:00:00,5.619415000000000000,ug.m-3,hour,1,3,2026-05-24 17:00:00,,e5318fb7-56a9-43df-b087-df513686fd0f
IT/SPO.IT0477A_6001_BETA_2022-01-01_00:00:00,6001,2026-05-24 18:00:00,2026-05-24 19:00:00,7.205928000000000000,ug.m-3,hour,1,3,2026-05-24 18:00:00,,15266662-b3cd-4604-93d2-389e3b5c150c
IT/SPO.IT0477A_6001_BETA_2022-01-01_00:00:00,6001,2026-05-24 19:00:00,2026-05-24 20:00:00,10.662717000000000000,ug.m-3,hour,1,3,2026-05-24 19:00:00,,1638aab4-b1c9-4e95-bfa2-a6bdba00829b
IT/SPO.IT0477A_6001_BETA_2022-01-01_00:00:00,6001,2026-05-24 20:00:00,2026-05-24 21:00:00,8.530173000000000000,ug.m-3,hour,1,3,2026-05-24 20:00:00,,876d7061-5ce5-46f6-a484-ee521cc3fb48
IT/SPO.IT0477A_6001_BETA_2022-01-01_00:00:00,6001,2026-05-24 21:00:00,2026-05-24 22:00:00,6.824139000000000000,ug.m-3,hour,1,3,2026-05-24 21:00:00,,e220490a-92c3-4ece-b8a6-2dc78c920006
IT/SPO.IT0477A_6001_BETA_2022-01-01_00:00:00,6001,2026-05-24 22:00:00,2026-05-24 23:00:00,10.836320000000000000,ug.m-3,hour,1,3,2026-05-24 22:00:00,,0fe2e304-6574-4bef-9d30-93007be27309
IT/SPO.IT0477A_6001_BETA_2022-01-01_00:00:00,6001,2026-05-24 23:00:00,2026-05-25 00:00:00,8.669056000000000000,ug.m-3,hour,1,3,2026-05-24 23:00:00,,374b5019-7de9-4367-a34a-011bec9f5d23
IT/SPO.IT0477A_6001_BETA_2022-01-01_00:00:00,6001,2026-05-25 00:00:00,2026-05-25 01:00:00,13.765827000000000000,ug.m-3,hour,1,3,2026-05-25 00:00:00,,05296f8c-5fee-4489-b567-bdaef2414f24
IT/SPO.IT0477A_6001_BETA_2022-01-01_00:00:00,6001,2026-05-25 01:00:00,2026-05-25 02:00:00,9.742563000000000000,ug.m-3,hour,1,3,2026-05-25 01:00:00,,2494218e-c72c-474d-ae2a-2906f31c69e0
IT/SPO.IT0477A_6001_BETA_2022-01-01_00:00:00,6001,2026-05-25 02:00:00,2026-05-25 03:00:00,16.014273000000000000,ug.m-3,hour,1,3,2026-05-25 02:00:00,,4b41025e-7851-4c2b-b0c7-50577e6c35ef
IT/SPO.IT0477A_6001_BETA_2022-01-01_00:00:00,6001,2026-05-25 03:00:00,2026-05-25 04:00:00,11.209991000000000000,ug.m-3,hour,1,3,2026-05-25 03:00:00,,70e6f2f4-463b-4656-8438-dad1ab8ff0bf
IT/SPO.IT0477A_6001_BETA_2022-01-01_00:00:00,6001,2026-05-25 04:00:00,2026-05-25 05:00:00,13.107962000000000000,ug.m-3,hour,1,3,2026-05-25 04:00:00,,731290d0-4d51-4f78-b19a-fe406c6ce48b
IT/SPO.IT0477A_6001_BETA_2022-01-01_00:00:00,6001,2026-05-25 05:00:00,2026-05-25 06:00:00,9.175573000000000000,ug.m-3,hour,1,3,2026-05-25 05:00:00,,f79802bb-8f96-4726-a25e-1516ba066065
IT/SPO.IT0477A_6001_BETA_2022-01-01_00:00:00,6001,2026-05-25 06:00:00,2026-05-25 07:00:00,19.046364000000000000,ug.m-3,hour,1,3,2026-05-25 06:00:00,,d2a70817-8184-4caf-9363-66cf049d1961
IT/SPO.IT0477A_6001_BETA_2022-01-01_00:00:00,6001,2026-05-25 07:00:00,2026-05-25 08:00:00,13.332455000000000000,ug.m-3,hour,1,3,2026-05-25 07:00:00,,ff004487-f3b5-4144-bc73-5549dc54383a
IT/SPO.IT0477A_6001_BETA_2022-01-01_00:00:00,6001,2026-05-25 08:00:00,2026-05-25 09:00:00,20.066246000000000000,ug.m-3,hour,1,3,2026-05-25 08:00:00,,926bdcd1-9c37-4ea9-81fa-55514fdfcbbe
IT/SPO.IT0477A_6001_BETA_2022-01-01_00:00:00,6001,2026-05-25 09:00:00,2026-05-25 10:00:00,21.303028000000000000,ug.m-3,hour,1,3,2026-05-25 09:00:00,,a23df66e-9359-4591-9fe3-7f4d208d26a6
IT/SPO.IT0477A_6001_BETA_2022-01-01_00:00:00,6001,2026-05-25 10:00:00,2026-05-25 11:00:00,14.912120000000000000,ug.m-3,hour,1,3,2026-05-25 10:00:00,,7ca4b55b-37aa-4a77-a1af-010b47ff01f2
IT/SPO.IT0477A_6001_BETA_2022-01-01_00:00:00,6001,2026-05-25 11:00:00,2026-05-25 12:00:00,13.678609000000000000,ug.m-3,hour,1,3,2026-05-25 11:00:00,,3031cd6f-1f3c-42ef-ace1-e6cbde9512b4
IT/SPO.IT0477A_6001_BETA_2022-01-01_00:00:00,6001,2026-05-25 12:00:00,2026-05-25 13:00:00,9.575027000000000000,ug.m-3,hour,1,3,2026-05-25 12:00:00,,88aff9b4-8c85-4c96-b4b3-f1aa33c64ff3
IT/SPO.IT0477A_6001_BETA_2022-01-01_00:00:00,6001,2026-05-25 13:00:00,2026-05-25 14:00:00,10.645933000000000000,ug.m-3,hour,1,3,2026-05-25 13:00:00,,02e509fb-203a-4d5f-baee-09a56004bae7
IT/SPO.IT0477A_6001_BETA_2022-01-01_00:00:00,6001,2026-05-25 14:00:00,2026-05-25 15:00:00,10.562330000000000000,ug.m-3,hour,1,3,2026-05-25 14:00:00,,a7fb91d8-d2e6-4ecc-bca1-4e6f1c80053b
IT/SPO.IT0477A_6001_BETA_2022-01-01_00:00:00,6001,2026-05-25 15:00:00,2026-05-25 16:00:00,9.458423000000000000,ug.m-3,hour,1,3,2026-05-25 15:00:00,,e2abe481-ce49-409c-8139-3cfb5d5f9b56
IT/SPO.IT0477A_6001_BETA_2022-01-01_00:00:00,6001,2026-05-25 16:00:00,2026-05-25 17:00:00,19.550175000000000000,ug.m-3,hour,1,3,2026-05-25 16:00:00,,73528d21-d9f4-47e9-bdf7-18e1e204dcf7
IT/SPO.IT0477A_6001_BETA_2022-01-01_00:00:00,6001,2026-05-25 17:00:00,2026-05-25 18:00:00,13.685122000000000000,ug.m-3,hour,1,3,2026-05-25 17:00:00,,25a614fd-653e-474b-9fdd-df08cfedf7f2
IT/SPO.IT0477A_6001_BETA_2022-01-01_00:00:00,6001,2026-05-25 18:00:00,2026-05-25 19:00:00,9.579586000000000000,ug.m-3,hour,1,3,2026-05-25 18:00:00,,099db014-973e-4e1c-8256-bb4b3974e9b9
IT/SPO.IT0477A_6001_BETA_2022-01-01_00:00:00,6001,2026-05-25 19:00:00,2026-05-25 20:00:00,6.982020000000000000,ug.m-3,hour,1,3,2026-05-25 19:00:00,,ffd3f051-16eb-43ad-9223-2261c339f052
IT/SPO.IT0477A_6001_BETA_2022-01-01_00:00:00,6001,2026-05-25 20:00:00,2026-05-25 21:00:00,5.585616000000000000,ug.m-3,hour,1,3,2026-05-25 20:00:00,,7599018d-dbb4-4a4f-9289-523e61362cc4
IT/SPO.IT0477A_6001_BETA_2022-01-01_00:00:00,6001,2026-05-25 21:00:00,2026-05-25 22:00:00,4.581488000000000000,ug.m-3,hour,1,3,2026-05-25 21:00:00,,529f08ad-9a78-4317-a354-fd581efdff0c
IT/SPO.IT0477A_6001_BETA_2022-01-01_00:00:00,6001,2026-05-25 22:00:00,2026-05-25 23:00:00,5.557553000000000000,ug.m-3,hour,1,3,2026-05-25 22:00:00,,1e9d1527-30f4-4e6a-916a-a52dd7699eae
IT/SPO.IT0477A_6001_BETA_2022-01-01_00:00:00,6001,2026-05-25 23:00:00,2026-05-26 00:00:00,13.713163000000000000,ug.m-3,hour,1,3,2026-05-25 23:00:00,,ff27e430-d8c1-4b5e-bbea-040c45eeb060
IT/SPO.IT0477A_6001_BETA_2022-01-01_00:00:00,6001,2026-05-26 00:00:00,2026-05-26 01:00:00,10.970531000000000000,ug.m-3,hour,1,3,2026-05-26 00:00:00,,5ccf5788-737c-42fc-9149-c3932ea6c1ed
IT/SPO.IT0477A_6001_BETA_2022-01-01_00:00:00,6001,2026-05-26 01:00:00,2026-05-26 02:00:00,8.023746000000000000,ug.m-3,hour,1,3,2026-05-26 02:00:00,,74171be1-237f-4018-9be2-eae1d5da9e03
IT/SPO.IT0477A_6001_BETA_2022-01-01_00:00:00,6001,2026-05-26 02:00:00,2026-05-26 03:00:00,10.721871000000000000,ug.m-3,hour,1,3,2026-05-26 02:00:00,,74171be1-237f-4018-9be2-eae1d5da9e03
IT/SPO.IT0477A_6001_BETA_2022-01-01_00:00:00,6001,2026-05-26 03:00:00,2026-05-26 04:00:00,18.261045000000000000,ug.m-3,hour,1,3,2026-05-26 03:00:00,,df605ac3-957a-491c-944c-cd01ae12cece
IT/SPO.IT0477A_6001_BETA_2022-01-01_00:00:00,6001,2026-05-26 04:00:00,2026-05-26 05:00:00,14.539352000000000000,ug.m-3,hour,1,3,2026-05-26 04:00:00,,d5adb36a-ad24-40ad-9b52-cf582c45c783
IT/SPO.IT0477A_6001_BETA_2022-01-01_00:00:00,6001,2026-05-26 05:00:00,2026-05-26 06:00:00,24.227602000000000000,ug.m-3,hour,1,3,2026-05-26 05:00:00,,fbb08feb-70e0-4dda-9e8c-d844b5f48998
IT/SPO.IT0477A_6001_BETA_2022-01-01_00:00:00,6001,2026-05-26 06:00:00,2026-05-26 07:00:00,23.585056000000000000,ug.m-3,hour,1,3,2026-05-26 06:00:00,,5bd3648f-a200-44fd-a59b-4b269f4ef77b
IT/SPO.IT0477A_6001_BETA_2022-01-01_00:00:00,6001,2026-05-26 07:00:00,2026-05-26 08:00:00,16.509539000000000000,ug.m-3,hour,1,3,2026-05-26 07:00:00,,d875fd30-7486-4834-9e4b-c0a40c9cd62d
IT/SPO.IT0477A_6001_BETA_2022-01-01_00:00:00,6001,2026-05-26 08:00:00,2026-05-26 09:00:00,11.983002000000000000,ug.m-3,hour,1,3,2026-05-27 09:00:00,,542edb7c-1aad-468c-83d4-6694489247cc
IT/SPO.IT0477A_6001_BETA_2022-01-01_00:00:00,6001,2026-05-26 09:00:00,2026-05-26 10:00:00,20.233852000000000000,ug.m-3,hour,1,3,2026-05-27 09:00:00,,542edb7c-1aad-468c-83d4-6694489247cc
IT/SPO.IT0477A_6001_BETA_2022-01-01_00:00:00,6001,2026-05-26 10:00:00,2026-05-26 11:00:00,14.957765000000000000,ug.m-3,hour,1,3,2026-05-27 09:00:00,,542edb7c-1aad-468c-83d4-6694489247cc
IT/SPO.IT0477A_6001_BETA_2022-01-01_00:00:00,6001,2026-05-26 11:00:00,2026-05-26 12:00:00,22.999058000000000000,ug.m-3,hour,1,3,2026-05-27 09:00:00,,542edb7c-1aad-468c-83d4-6694489247cc
IT/SPO.IT0477A_6001_BETA_2022-01-01_00:00:00,6001,2026-05-26 12:00:00,2026-05-26 13:00:00,16.213495000000000000,ug.m-3,hour,1,3,2026-05-27 09:00:00,,542edb7c-1aad-468c-83d4-6694489247cc
IT/SPO.IT0477A_6001_BETA_2022-01-01_00:00:00,6001,2026-05-26 13:00:00,2026-05-26 14:00:00,14.956669000000000000,ug.m-3,hour,1,3,2026-05-27 09:00:00,,542edb7c-1aad-468c-83d4-6694489247cc
IT/SPO.IT0477A_6001_BETA_2022-01-01_00:00:00,6001,2026-05-26 14:00:00,2026-05-26 15:00:00,10.469668000000000000,ug.m-3,hour,1,3,2026-05-27 09:00:00,,542edb7c-1aad-468c-83d4-6694489247cc
IT/SPO.IT0477A_6001_BETA_2022-01-01_00:00:00,6001,2026-05-26 15:00:00,2026-05-26 16:00:00,9.881771000000000000,ug.m-3,hour,1,3,2026-05-26 18:00:00,,30c95348-23b4-4634-a600-148ba93d78c7
IT/SPO.IT0477A_6001_BETA_2022-01-01_00:00:00,6001,2026-05-26 16:00:00,2026-05-26 17:00:00,12.203294000000000000,ug.m-3,hour,1,3,2026-05-26 18:00:00,,30c95348-23b4-4634-a600-148ba93d78c7
IT/SPO.IT0477A_6001_BETA_2022-01-01_00:00:00,6001,2026-05-26 17:00:00,2026-05-26 18:00:00,8.542306000000000000,ug.m-3,hour,1,3,2026-05-26 18:00:00,,30c95348-23b4-4634-a600-148ba93d78c7
IT/SPO.IT0477A_6001_BETA_2022-01-01_00:00:00,6001,2026-05-26 18:00:00,2026-05-26 19:00:00,16.233234000000000000,ug.m-3,hour,1,3,2026-05-26 18:00:00,,30c95348-23b4-4634-a600-148ba93d78c7
IT/SPO.IT0477A_6001_BETA_2022-01-01_00:00:00,6001,2026-05-26 19:00:00,2026-05-26 20:00:00,15.511556000000000000,ug.m-3,hour,1,3,2026-05-26 19:00:00,,20234fba-708c-46da-b8d0-5092f4d07b97
IT/SPO.IT0477A_6001_BETA_2022-01-01_00:00:00,6001,2026-05-26 20:00:00,2026-05-26 21:00:00,10.858088000000000000,ug.m-3,hour,1,3,2026-05-26 20:00:00,,c9854807-1a72-4d7c-9318-a55077f78d35
IT/SPO.IT0477A_6001_BETA_2022-01-01_00:00:00,6001,2026-05-26 21:00:00,2026-05-26 22:00:00,7.600662000000000000,ug.m-3,hour,1,3,2026-05-27 09:00:00,,542edb7c-1aad-468c-83d4-6694489247cc
IT/SPO.IT0477A_6001_BETA_2022-01-01_00:00:00,6001,2026-05-26 22:00:00,2026-05-26 23:00:00,7.688133000000000000,ug.m-3,hour,1,3,2026-05-26 23:00:00,,291218df-2cfe-45c9-b65a-4d0c74114c03
IT/SPO.IT0477A_6001_BETA_2022-01-01_00:00:00,6001,2026-05-26 23:00:00,2026-05-27 00:00:00,17.042225000000000000,ug.m-3,hour,1,3,2026-05-26 23:00:00,,291218df-2cfe-45c9-b65a-4d0c74114c03
IT/SPO.IT0477A_6001_BETA_2022-01-01_00:00:00,6001,2026-05-27 00:00:00,2026-05-27 01:00:00,11.929557000000000000,ug.m-3,hour,1,3,2026-05-27 09:00:00,,542edb7c-1aad-468c-83d4-6694489247cc
IT/SPO.IT0477A_6001_BETA_2022-01-01_00:00:00,6001,2026-05-27 01:00:00,2026-05-27 02:00:00,14.018918000000000000,ug.m-3,hour,1,3,2026-05-27 09:00:00,,542edb7c-1aad-468c-83d4-6694489247cc
IT/SPO.IT0477A_6001_BETA_2022-01-01_00:00:00,6001,2026-05-27 02:00:00,2026-05-27 03:00:00,9.813243000000000000,ug.m-3,hour,1,3,2026-05-27 02:00:00,,f3495a2d-b2ea-4c75-9463-a721d995113b
IT/SPO.IT0477A_6001_BETA_2022-01-01_00:00:00,6001,2026-05-27 03:00:00,2026-05-27 04:00:00,8.334666000000000000,ug.m-3,hour,1,3,2026-05-27 03:00:00,,cb0264d9-30ef-4f14-9866-c768b5060a12
IT/SPO.IT0477A_6001_BETA_2022-01-01_00:00:00,6001,2026-05-27 04:00:00,2026-05-27 05:00:00,8.343383000000000000,ug.m-3,hour,1,3,2026-05-27 04:00:00,,ee85135a-3215-476d-8b98-c42e40541207
IT/SPO.IT0477A_6001_BETA_2022-01-01_00:00:00,6001,2026-05-27 05:00:00,2026-05-27 06:00:00,15.775956000000000000,ug.m-3,hour,1,3,2026-05-27 05:00:00,,385dbe96-d6ca-4e4c-837f-4e4bb178dc29
IT/SPO.IT0477A_6001_BETA_2022-01-01_00:00:00,6001,2026-05-27 06:00:00,2026-05-27 07:00:00,13.455301000000000000,ug.m-3,hour,1,3,2026-05-27 07:00:00,,e4474777-82f7-4525-a611-5370afc148f9
IT/SPO.IT0477A_6001_BETA_2022-01-01_00:00:00,6001,2026-05-27 07:00:00,2026-05-27 08:00:00,17.801281000000000000,ug.m-3,hour,1,3,2026-05-27 07:00:00,,e4474777-82f7-4525-a611-5370afc148f9
IT/SPO.IT0477A_6001_BETA_2022-01-01_00:00:00,6001,2026-05-27 08:00:00,2026-05-27 09:00:00,12.460896000000000000,ug.m-3,hour,1,3,2026-05-27 08:00:00,,b18b3cdb-75b8-480c-a800-80241a30a775
IT/SPO.IT0477A_6001_BETA_2022-01-01_00:00:00,6001,2026-05-27 09:00:00,2026-05-27 10:00:00,8.722628000000000000,ug.m-3,hour,1,3,2026-05-27 09:00:00,,542edb7c-1aad-468c-83d4-6694489247cc
IT/SPO.IT0477A_6001_BETA_2022-01-01_00:00:00,6001,2026-05-27 10:00:00,2026-05-27 11:00:00,13.811525000000000000,ug.m-3,hour,1,3,2026-05-27 12:00:00,,33acd9e3-3ff1-48da-a88e-23b9e01731d4
IT/SPO.IT0477A_6001_BETA_2022-01-01_00:00:00,6001,2026-05-27 11:00:00,2026-05-27 12:00:00,15.481033000000000000,ug.m-3,hour,1,3,2026-05-27 12:00:00,,33acd9e3-3ff1-48da-a88e-23b9e01731d4
IT/SPO.IT0477A_6001_BETA_2022-01-01_00:00:00,6001,2026-05-27 12:00:00,2026-05-27 13:00:00,14.412136000000000000,ug.m-3,hour,1,3,2026-05-27 12:00:00,,33acd9e3-3ff1-48da-a88e-23b9e01731d4
IT/SPO.IT0477A_6001_BETA_2022-01-01_00:00:00,6001,2026-05-27 13:00:00,2026-05-27 14:00:00,14.785140000000000000,ug.m-3,hour,1,3,2026-05-27 14:00:00,,d4e28110-e02b-485e-aa0d-5fcc2d712fa8
IT/SPO.IT0477A_6001_BETA_2022-01-01_00:00:00,6001,2026-05-27 14:00:00,2026-05-27 15:00:00,17.100882000000000000,ug.m-3,hour,1,3,2026-05-27 14:00:00,,d4e28110-e02b-485e-aa0d-5fcc2d712fa8
IT/SPO.IT0477A_6001_BETA_2022-01-01_00:00:00,6001,2026-05-27 15:00:00,2026-05-27 16:00:00,12.234857000000000000,ug.m-3,hour,1,3,2026-05-27 15:00:00,,3e9f47cf-52e6-4ca5-9e18-428319f89bf4
IT/SPO.IT0477A_6001_BETA_2022-01-01_00:00:00,6001,2026-05-27 16:00:00,2026-05-27 17:00:00,12.279799000000000000,ug.m-3,hour,1,3,2026-05-27 16:00:00,,d6488845-8dfa-471b-b112-b59c0bdf8255
IT/SPO.IT0477A_6001_BETA_2022-01-01_00:00:00,6001,2026-05-27 17:00:00,2026-05-27 18:00:00,20.713314000000000000,ug.m-3,hour,1,3,2026-05-27 17:00:00,,4d59f884-fc1b-4dd1-be74-9a1d2fd47b66
IT/SPO.IT0477A_6001_BETA_2022-01-01_00:00:00,6001,2026-05-27 18:00:00,2026-05-27 19:00:00,14.499320000000000000,ug.m-3,hour,1,3,2026-05-27 18:00:00,,b9d05d85-8347-40d5-acc6-9d162825d7cf
IT/SPO.IT0477A_6001_BETA_2022-01-01_00:00:00,6001,2026-05-27 19:00:00,2026-05-27 20:00:00,10.149524000000000000,ug.m-3,hour,1,3,2026-05-27 19:00:00,,d76a273e-9069-4e96-a835-a000ff6f4f53
IT/SPO.IT0477A_6001_BETA_2022-01-01_00:00:00,6001,2026-05-27 20:00:00,2026-05-27 21:00:00,17.802990000000000000,ug.m-3,hour,1,3,2026-05-27 20:00:00,,135143db-1826-48f8-a219-382423fb741f
IT/SPO.IT0477A_6001_BETA_2022-01-01_00:00:00,6001,2026-05-27 21:00:00,2026-05-27 22:00:00,12.462093000000000000,ug.m-3,hour,1,3,2026-05-27 21:00:00,,f24e9f1a-31d7-4e44-bb5f-507e60b86785
IT/SPO.IT0477A_6001_BETA_2022-01-01_00:00:00,6001,2026-05-27 22:00:00,2026-05-27 23:00:00,8.723466000000000000,ug.m-3,hour,1,3,2026-05-27 22:00:00,,46c4b2ae-8c72-4d14-8a61-0c400abeea61
IT/SPO.IT0477A_6001_BETA_2022-01-01_00:00:00,6001,2026-05-27 23:00:00,2026-05-28 00:00:00,6.106426000000000000,ug.m-3,hour,1,3,2026-05-28 09:00:00,,ba785bfb-6473-4974-809b-f56d4bd21711
IT/SPO.IT0477A_6001_BETA_2022-01-01_00:00:00,6001,2026-05-28 00:00:00,2026-05-28 01:00:00,4.885141000000000000,ug.m-3,hour,1,3,2026-05-28 01:00:00,,b7e79780-841e-42c3-9818-d094002efa18
IT/SPO.IT0477A_6001_BETA_2022-01-01_00:00:00,6001,2026-05-28 01:00:00,2026-05-28 02:00:00,6.754399000000000000,ug.m-3,hour,1,3,2026-05-28 01:00:00,,b7e79780-841e-42c3-9818-d094002efa18
IT/SPO.IT0477A_6001_BETA_2022-01-01_00:00:00,6001,2026-05-28 02:00:00,2026-05-28 03:00:00,10.535085000000000000,ug.m-3,hour,1,3,2026-05-28 02:00:00,,778c913e-7c7f-41d6-80b5-5970f4be231a
IT/SPO.IT0477A_6001_BETA_2022-01-01_00:00:00,6001,2026-05-28 03:00:00,2026-05-28 04:00:00,16.111770000000000000,ug.m-3,hour,1,3,2026-05-28 03:00:00,,baf5ee61-79f6-4a9c-aa39-ace0a07f86af
IT/SPO.IT0477A_6001_BETA_2022-01-01_00:00:00,6001,2026-05-28 04:00:00,2026-05-28 05:00:00,11.278239000000000000,ug.m-3,hour,1,3,2026-05-28 04:00:00,,693c5c7e-a1bc-437c-a465-5a76c102a71a
IT/SPO.IT0477A_6001_BETA_2022-01-01_00:00:00,6001,2026-05-28 05:00:00,2026-05-28 06:00:00,7.894767000000000000,ug.m-3,hour,1,3,2026-05-28 05:00:00,,ccb03af0-9975-49d2-8669-67ba13406da0
IT/SPO.IT0477A_6001_BETA_2022-01-01_00:00:00,6001,2026-05-28 06:00:00,2026-05-28 07:00:00,11.062769000000000000,ug.m-3,hour,1,3,2026-05-28 06:00:00,,4dd19782-6920-486c-82af-e2cfb8fdabf7
IT/SPO.IT0477A_6001_BETA_2022-01-01_00:00:00,6001,2026-05-28 07:00:00,2026-05-28 08:00:00,9.991264000000000000,ug.m-3,hour,1,3,2026-05-28 07:00:00,,79656475-9cc9-44a2-8322-023d180a00c9
IT/SPO.IT0477A_6001_BETA_2022-01-01_00:00:00,6001,2026-05-28 08:00:00,2026-05-28 09:00:00,13.281708000000000000,ug.m-3,hour,1,3,2026-05-28 08:00:00,,cccc8711-e1d4-46dc-8bbd-35ec3a26b8cb
IT/SPO.IT0477A_6001_BETA_2022-01-01_00:00:00,6001,2026-05-28 09:00:00,2026-05-28 10:00:00,16.721544000000000000,ug.m-3,hour,1,3,2026-05-28 09:00:00,,ba785bfb-6473-4974-809b-f56d4bd21711
IT/SPO.IT0477A_6001_BETA_2022-01-01_00:00:00,6001,2026-05-28 10:00:00,2026-05-28 11:00:00,16.690807000000000000,ug.m-3,hour,1,3,2026-05-28 10:00:00,,5dfa53fb-bec4-4c97-8cca-45e0adfdc2b5
IT/SPO.IT0477A_6001_BETA_2022-01-01_00:00:00,6001,2026-05-28 11:00:00,2026-05-28 12:00:00,18.741673000000000000,ug.m-3,hour,1,3,2026-05-28 11:00:00,,95617203-6dc9-4ea4-9958-e5dada860a1b
IT/SPO.IT0477A_6001_BETA_2022-01-01_00:00:00,6001,2026-05-28 12:00:00,2026-05-28 13:00:00,15.465686000000000000,ug.m-3,hour,1,3,2026-05-28 12:00:00,,323bc5c2-3b63-42fc-aa1c-4c7e971aa5cc
IT/SPO.IT0477A_6001_BETA_2022-01-01_00:00:00,6001,2026-05-28 13:00:00,2026-05-28 14:00:00,16.803413000000000000,ug.m-3,hour,1,3,2026-05-28 13:00:00,,e8e63eef-8c37-4d5c-9e97-66a31ff224dc
IT/SPO.IT0477A_6001_BETA_2022-01-01_00:00:00,6001,2026-05-28 14:00:00,2026-05-28 15:00:00,11.762389000000000000,ug.m-3,hour,1,3,2026-05-28 14:00:00,,775065fa-4b05-41b1-a4c5-520c3c7a903d
IT/SPO.IT0477A_6001_BETA_2022-01-01_00:00:00,6001,2026-05-28 15:00:00,2026-05-28 16:00:00,9.041595000000000000,ug.m-3,hour,1,3,2026-05-28 15:00:00,,44c1a337-d6d8-4b16-8e90-8d057d4fbc90
IT/SPO.IT0477A_6001_BETA_2022-01-01_00:00:00,6001,2026-05-28 16:00:00,2026-05-28 17:00:00,13.364589000000000000,ug.m-3,hour,1,3,2026-05-28 16:00:00,,d335e581-c774-4afd-931a-331b83b991e1
IT/SPO.IT0477A_6001_BETA_2022-01-01_00:00:00,6001,2026-05-28 17:00:00,2026-05-28 18:00:00,9.775008000000000000,ug.m-3,hour,1,3,2026-05-28 17:00:00,,6b909aa6-ec90-425b-b4cb-9454f15c2915
IT/SPO.IT0477A_6001_BETA_2022-01-01_00:00:00,6001,2026-05-28 18:00:00,2026-05-28 19:00:00,21.225307000000000000,ug.m-3,hour,1,3,2026-05-28 18:00:00,,cabd448b-4eec-4d33-8184-f3fefacb6fb6
IT/SPO.IT0477A_6001_BETA_2022-01-01_00:00:00,6001,2026-05-28 19:00:00,2026-05-28 20:00:00,30.737974000000000000,ug.m-3,hour,1,3,2026-05-28 19:00:00,,33c6cc92-d611-4c8c-b001-f9a290dfb1e7
IT/SPO.IT0477A_6001_BETA_2022-01-01_00:00:00,6001,2026-05-28 20:00:00,2026-05-28 21:00:00,36.180130000000000000,ug.m-3,hour,1,3,2026-05-28 20:00:00,,bd33a831-67be-4e80-b2d6-de889ce1631f
IT/SPO.IT0477A_6001_BETA_2022-01-01_00:00:00,6001,2026-05-28 21:00:00,2026-05-28 22:00:00,75.183060000000000000,ug.m-3,hour,1,3,2026-05-28 21:00:00,,23e64d59-4ec8-42a1-965a-2098a3e6ec0b
IT/SPO.IT0477A_6001_BETA_2022-01-01_00:00:00,6001,2026-05-28 22:00:00,2026-05-28 23:00:00,45.109837000000000000,ug.m-3,hour,1,3,2026-05-28 22:00:00,,f23cda3d-6c2a-4d32-ba2e-9887201c1bbe
IT/SPO.IT0477A_6001_BETA_2022-01-01_00:00:00,6001,2026-05-28 23:00:00,2026-05-29 00:00:00,42.645170000000000000,ug.m-3,hour,1,3,2026-05-28 23:00:00,,eed26e95-e9c9-4921-b654-1b2826652aff
IT/SPO.IT0477A_6001_BETA_2022-01-01_00:00:00,6001,2026-05-29 00:00:00,2026-05-29 01:00:00,29.851618000000000000,ug.m-3,hour,1,3,2026-05-29 00:00:00,,ad6c5143-b9bb-4267-8709-a3ea590bb5f3
IT/SPO.IT0477A_6001_BETA_2022-01-01_00:00:00,6001,2026-05-29 01:00:00,2026-05-29 02:00:00,21.253881000000000000,ug.m-3,hour,1,3,2026-05-29 01:00:00,,8226b05d-c325-48da-bfc9-44701e9df1a3
IT/SPO.IT0477A_6001_BETA_2022-01-01_00:00:00,6001,2026-05-29 02:00:00,2026-05-29 03:00:00,14.877718000000000000,ug.m-3,hour,1,3,2026-05-29 02:00:00,,b5a4e75c-5ab2-4da4-9d9a-01783b1d6a09
IT/SPO.IT0477A_6001_BETA_2022-01-01_00:00:00,6001,2026-05-29 03:00:00,2026-05-29 04:00:00,21.647675000000000000,ug.m-3,hour,1,3,2026-05-29 03:00:00,,58e9dbe9-13bc-4350-afdb-436824e9cbad
IT/SPO.IT0477A_6001_BETA_2022-01-01_00:00:00,6001,2026-05-29 04:00:00,2026-05-29 05:00:00,15.153372000000000000,ug.m-3,hour,1,3,2026-05-29 04:00:00,,41e5ae10-abc1-4600-a108-0d9dfe245a57
IT/SPO.IT0477A_6001_BETA_2022-01-01_00:00:00,6001,2026-05-29 05:00:00,2026-05-29 06:00:00,10.607360000000000000,ug.m-3,hour,1,3,2026-05-29 05:00:00,,84a03016-18fb-45aa-8fef-3029ee08aab1
IT/SPO.IT0477A_6001_BETA_2022-01-01_00:00:00,6001,2026-05-29 06:00:00,2026-05-29 07:00:00,14.325471000000000000,ug.m-3,hour,1,3,2026-05-29 06:00:00,,82d77dc4-2ff3-4377-b20e-47a77341884a
IT/SPO.IT0477A_6001_BETA_2022-01-01_00:00:00,6001,2026-05-29 07:00:00,2026-05-29 08:00:00,11.139370000000000000,ug.m-3,hour,1,3,2026-05-29 07:00:00,,ac026b99-4ad7-4fab-a47e-1d259da9ac24
IT/SPO.IT0477A_6001_BETA_2022-01-01_00:00:00,6001,2026-05-29 08:00:00,2026-05-29 09:00:00,16.571703000000000000,ug.m-3,hour,1,3,2026-05-29 08:00:00,,e7110e0a-54f3-428b-bce2-59c4775f05ea
IT/SPO.IT0477A_6001_BETA_2022-01-01_00:00:00,6001,2026-05-29 09:00:00,2026-05-29 10:00:00,14.139575000000000000,ug.m-3,hour,1,3,2026-05-29 09:00:00,,fe130666-fd72-415a-9016-979eb333bf5e
IT/SPO.IT0477A_6001_BETA_2022-01-01_00:00:00,6001,2026-05-29 10:00:00,2026-05-29 11:00:00,15.092648000000000000,ug.m-3,hour,1,3,2026-05-29 10:00:00,,9d05f336-0557-4508-85c8-509717d96ff3
IT/SPO.IT0477A_6001_BETA_2022-01-01_00:00:00,6001,2026-05-29 11:00:00,2026-05-29 12:00:00,10.564853000000000000,ug.m-3,hour,1,3,2026-05-29 11:00:00,,52877038-708b-41e9-bf57-ed7ff0b3619d
IT/SPO.IT0477A_6001_BETA_2022-01-01_00:00:00,6001,2026-05-29 12:00:00,2026-05-29 13:00:00,13.380068000000000000,ug.m-3,hour,1,3,2026-05-29 12:00:00,,12b4090a-b807-4bd8-980a-0d689d04dbe8
IT/SPO.IT0477A_6001_BETA_2022-01-01_00:00:00,6001,2026-05-29 13:00:00,2026-05-29 14:00:00,9.366047000000000000,ug.m-3,hour,1,3,2026-05-29 13:00:00,,6593cfc4-4549-4db2-acd5-b73c197dbdf0
IT/SPO.IT0477A_6001_BETA_2022-01-01_00:00:00,6001,2026-05-29 14:00:00,2026-05-29 15:00:00,9.101748000000000000,ug.m-3,hour,1,3,2026-05-29 14:00:00,,e4ea18f7-6a41-417f-89d2-db3281898278
IT/SPO.IT0477A_6001_BETA_2022-01-01_00:00:00,6001,2026-05-29 15:00:00,2026-05-29 16:00:00,7.281400000000000000,ug.m-3,hour,1,3,2026-05-29 15:00:00,,539d4f91-64d8-48dd-8961-a7bc2a76e8f2
IT/SPO.IT0477A_6001_BETA_2022-01-01_00:00:00,6001,2026-05-29 16:00:00,2026-05-29 17:00:00,5.825120000000000000,ug.m-3,hour,1,3,2026-05-29 16:00:00,,7da13e3a-5cae-4092-a63e-43da6ba43277
IT/SPO.IT0477A_6001_BETA_2022-01-01_00:00:00,6001,2026-05-29 17:00:00,2026-05-29 18:00:00,4.660096000000000000,ug.m-3,hour,1,3,2026-05-29 17:00:00,,25d1f4a3-73c2-44c5-b5fe-ee97a20900bc
IT/SPO.IT0477A_6001_BETA_2022-01-01_00:00:00,6001,2026-05-29 18:00:00,2026-05-29 19:00:00,3.728077000000000000,ug.m-3,hour,1,3,2026-05-29 18:00:00,,c676216d-8ca7-4f90-b287-4f63a3ad5016
IT/SPO.IT0477A_6001_BETA_2022-01-01_00:00:00,6001,2026-05-29 19:00:00,2026-05-29 20:00:00,2.982461000000000000,ug.m-3,hour,1,3,2026-05-29 19:00:00,,7818bde2-9ae0-4829-ac03-8b43a8c9160e
IT/SPO.IT0477A_6001_BETA_2022-01-01_00:00:00,6001,2026-05-29 20:00:00,2026-05-29 21:00:00,2.385969000000000000,ug.m-3,hour,1,3,2026-05-29 20:00:00,,27ad8283-1eb3-4bc5-b4bd-d0b5251f6e7b
IT/SPO.IT0477A_6001_BETA_2022-01-01_00:00:00,6001,2026-05-29 21:00:00,2026-05-29 22:00:00,6.218603000000000000,ug.m-3,hour,1,3,2026-05-29 21:00:00,,6150e82b-88a3-4826-85b3-95f141955043
IT/SPO.IT0477A_6001_BETA_2022-01-01_00:00:00,6001,2026-05-29 22:00:00,2026-05-29 23:00:00,8.615326000000000000,ug.m-3,hour,1,3,2026-05-29 22:00:00,,07ee4ed3-e38a-432a-99df-6d95331db4e5
IT/SPO.IT0477A_6001_BETA_2022-01-01_00:00:00,6001,2026-05-29 23:00:00,2026-05-30 00:00:00,7.505907000000000000,ug.m-3,hour,1,3,2026-05-29 23:00:00,,bb19f9c9-c260-4b34-8ffc-b990cedd74c3
IT/SPO.IT0477A_6001_BETA_2022-01-01_00:00:00,6001,2026-05-30 00:00:00,2026-05-30 01:00:00,10.150345000000000000,ug.m-3,hour,1,3,2026-05-30 00:00:00,,ed33231f-6c53-4e98-9758-18586f415645
IT/SPO.IT0477A_6001_BETA_2022-01-01_00:00:00,6001,2026-05-30 01:00:00,2026-05-30 02:00:00,19.139074000000000000,ug.m-3,hour,1,3,2026-05-30 01:00:00,,fb53da27-64bb-40f5-930c-aa77d9e6f862
IT/SPO.IT0477A_6001_BETA_2022-01-01_00:00:00,6001,2026-05-30 02:00:00,2026-05-30 03:00:00,17.903030000000000000,ug.m-3,hour,1,3,2026-05-30 02:00:00,,c055a39d-71fe-4999-a6bb-319f1f8887e5
IT/SPO.IT0477A_6001_BETA_2022-01-01_00:00:00,6001,2026-05-30 03:00:00,2026-05-30 04:00:00,16.537340000000000000,ug.m-3,hour,1,3,2026-05-30 03:00:00,,14210cc9-4636-4126-acbe-ad97b9848a11
IT/SPO.IT0477A_6001_BETA_2022-01-01_00:00:00,6001,2026-05-30 04:00:00,2026-05-30 05:00:00,13.708210000000000000,ug.m-3,hour,1,3,2026-05-30 04:00:00,,0e4abde0-2879-442f-97b1-35e7fa141a10
IT/SPO.IT0477A_6001_BETA_2022-01-01_00:00:00,6001,2026-05-30 05:00:00,2026-05-30 06:00:00,15.969424000000000000,ug.m-3,hour,1,3,2026-05-30 05:00:00,,9912e528-3be8-4a0e-8d4f-d7acb9f74abd
IT/SPO.IT0477A_6001_BETA_2022-01-01_00:00:00,6001,2026-05-30 06:00:00,2026-05-30 07:00:00,11.178596000000000000,ug.m-3,hour,1,3,2026-05-30 06:00:00,,8766fd9b-eb5a-477b-8bbf-1c96232c288a
IT/SPO.IT0477A_6001_BETA_2022-01-01_00:00:00,6001,2026-05-30 07:00:00,2026-05-30 08:00:00,12.583857000000000000,ug.m-3,hour,1,3,2026-05-30 07:00:00,,1fcabc9d-5ae5-4e78-8420-7fa9e601fd2d
IT/SPO.IT0477A_6001_BETA_2022-01-01_00:00:00,6001,2026-05-30 08:00:00,2026-05-30 09:00:00,15.260065000000000000,ug.m-3,hour,1,3,2026-05-30 08:00:00,,d01a5a77-5816-4f2f-960a-1b60993876c6
IT/SPO.IT0477A_6001_BETA_2022-01-01_00:00:00,6001,2026-05-30 09:00:00,2026-05-30 10:00:00,15.874516000000000000,ug.m-3,hour,1,3,2026-05-30 09:00:00,,75e105b6-88dd-4f83-99d1-51a11e3a7151
IT/SPO.IT0477A_6001_BETA_2022-01-01_00:00:00,6001,2026-05-30 10:00:00,2026-05-30 11:00:00,13.503601000000000000,ug.m-3,hour,1,3,2026-05-30 10:00:00,,222dc996-2e08-40a4-8c60-bc35d94c2b02
IT/SPO.IT0477A_6001_BETA_2022-01-01_00:00:00,6001,2026-05-30 11:00:00,2026-05-30 12:00:00,16.134027000000000000,ug.m-3,hour,1,3,2026-05-30 11:00:00,,37b65631-8171-48be-a93a-5c3d0f45c3d2
IT/SPO.IT0477A_6001_BETA_2022-01-01_00:00:00,6001,2026-05-30 12:00:00,2026-05-30 13:00:00,11.293820000000000000,ug.m-3,hour,1,3,2026-05-30 12:00:00,,ea0527d6-f304-4c54-9fca-b3246acf7804
IT/SPO.IT0477A_6001_BETA_2022-01-01_00:00:00,6001,2026-05-30 13:00:00,2026-05-30 14:00:00,7.905674000000000000,ug.m-3,hour,1,3,2026-05-30 13:00:00,,692b04df-5b7a-474e-8b8a-847a89bae251
IT/SPO.IT0477A_6001_BETA_2022-01-01_00:00:00,6001,2026-05-30 14:00:00,2026-05-30 15:00:00,7.418667000000000000,ug.m-3,hour,1,3,2026-05-30 14:00:00,,87a1afc3-11ee-4d0c-96f5-ec03ee6d1e84
IT/SPO.IT0477A_6001_BETA_2022-01-01_00:00:00,6001,2026-05-30 15:00:00,2026-05-30 16:00:00,10.728215000000000000,ug.m-3,hour,1,3,2026-05-30 15:00:00,,1bae6e00-99d2-466b-b914-ac074e5a6e86
IT/SPO.IT0477A_6001_BETA_2022-01-01_00:00:00,6001,2026-05-30 16:00:00,2026-05-30 17:00:00,11.391076000000000000,ug.m-3,hour,1,3,2026-05-30 16:00:00,,e07e174c-af47-4807-86c0-18c68d0285af
IT/SPO.IT0477A_6001_BETA_2022-01-01_00:00:00,6001,2026-05-30 17:00:00,2026-05-30 18:00:00,9.840939000000000000,ug.m-3,hour,1,3,2026-05-30 17:00:00,,fc423f2f-f8fa-4ac4-821b-aec98d184b44
IT/SPO.IT0477A_6001_BETA_2022-01-01_00:00:00,6001,2026-05-30 18:00:00,2026-05-30 19:00:00,6.888657000000000000,ug.m-3,hour,1,3,2026-05-30 18:00:00,,7e83cca9-6b08-41c3-bfde-9336e87ff36b
IT/SPO.IT0477A_6001_BETA_2022-01-01_00:00:00,6001,2026-05-30 19:00:00,2026-05-30 20:00:00,14.185780000000000000,ug.m-3,hour,1,3,2026-05-30 19:00:00,,0190097a-4ed3-465e-b694-ef12e015bd31
IT/SPO.IT0477A_6001_BETA_2022-01-01_00:00:00,6001,2026-05-30 20:00:00,2026-05-30 21:00:00,19.126148000000000000,ug.m-3,hour,1,3,2026-05-30 20:00:00,,eb607e54-f6f4-49bd-a884-862bc0670631
IT/SPO.IT0477A_6001_BETA_2022-01-01_00:00:00,6001,2026-05-30 21:00:00,2026-05-30 22:00:00,13.388304000000000000,ug.m-3,hour,1,3,2026-05-30 21:00:00,,d0f9ae99-50bc-4a67-9cee-201e3477082e
IT/SPO.IT0477A_6001_BETA_2022-01-01_00:00:00,6001,2026-05-30 22:00:00,2026-05-30 23:00:00,12.951500000000000000,ug.m-3,hour,1,3,2026-05-30 22:00:00,,ac2269ac-5dea-4404-bedb-99daa496035a
IT/SPO.IT0477A_6001_BETA_2022-01-01_00:00:00,6001,2026-05-30 23:00:00,2026-05-31 00:00:00,14.909050000000000000,ug.m-3,hour,1,3,2026-05-30 23:00:00,,197cc6fc-946a-4f31-9d6c-97f01454f864
IT/SPO.IT0477A_6001_BETA_2022-01-01_00:00:00,6001,2026-05-31 00:00:00,2026-05-31 01:00:00,12.354590000000000000,ug.m-3,hour,1,3,2026-05-31 00:00:00,,9f67cac6-2c8e-4918-a91d-206e89ad3efb
IT/SPO.IT0477A_6001_BETA_2022-01-01_00:00:00,6001,2026-05-31 01:00:00,2026-05-31 02:00:00,10.194842000000000000,ug.m-3,hour,1,3,2026-05-31 01:00:00,,77660bfe-4932-4fae-bcf3-cba52f17ed0e
IT/SPO.IT0477A_6001_BETA_2022-01-01_00:00:00,6001,2026-05-31 02:00:00,2026-05-31 03:00:00,7.136388000000000000,ug.m-3,hour,1,3,2026-05-31 02:00:00,,41cd3860-6ef7-4737-be74-7ea2bca9cdf6
IT/SPO.IT0477A_6001_BETA_2022-01-01_00:00:00,6001,2026-05-31 03:00:00,2026-05-31 04:00:00,8.063956000000000000,ug.m-3,hour,1,3,2026-05-31 03:00:00,,06989bbf-5351-4d26-8160-73655df8c60d
IT/SPO.IT0477A_6001_BETA_2022-01-01_00:00:00,6001,2026-05-31 04:00:00,2026-05-31 05:00:00,8.179238000000000000,ug.m-3,hour,1,3,2026-05-31 04:00:00,,7fd0f09a-38f9-43b5-bdae-9406b62cc0f5
IT/SPO.IT0477A_6001_BETA_2022-01-01_00:00:00,6001,2026-05-31 05:00:00,2026-05-31 06:00:00,6.543391000000000000,ug.m-3,hour,1,3,2026-05-31 05:00:00,,25eb70b2-99d7-4bae-9745-35d5194a9289
IT/SPO.IT0477A_6001_BETA_2022-01-01_00:00:00,6001,2026-05-31 06:00:00,2026-05-31 07:00:00,12.564618000000000000,ug.m-3,hour,1,3,2026-05-31 06:00:00,,0040c0c6-4fb0-4493-a404-349233a7a9cc
IT/SPO.IT0477A_6001_BETA_2022-01-01_00:00:00,6001,2026-05-31 07:00:00,2026-05-31 08:00:00,10.051695000000000000,ug.m-3,hour,1,3,2026-05-31 07:00:00,,7591ad9e-74b1-4199-8846-01c127aa4520
IT/SPO.IT0477A_6001_BETA_2022-01-01_00:00:00,6001,2026-05-31 08:00:00,2026-05-31 09:00:00,13.540590000000000000,ug.m-3,hour,1,3,2026-05-31 08:00:00,,c548240d-766a-4c00-a49f-c6a6fb8d4596
IT/SPO.IT0477A_6001_BETA_2022-01-01_00:00:00,6001,2026-05-31 09:00:00,2026-05-31 10:00:00,19.277142000000000000,ug.m-3,hour,1,3,2026-05-31 09:00:00,,e452403c-d697-4ddf-b9d8-74adb112bda6
IT/SPO.IT0477A_6001_BETA_2022-01-01_00:00:00,6001,2026-05-31 10:00:00,2026-05-31 11:00:00,13.494000000000000000,ug.m-3,hour,1,3,2026-05-31 10:00:00,,6bf1fbe1-12c8-4530-9372-41736427e4e3
IT/SPO.IT0477A_6001_BETA_2022-01-01_00:00:00,6001,2026-05-31 11:00:00,2026-05-31 12:00:00,9.445799000000000000,ug.m-3,hour,1,3,2026-05-31 11:00:00,,7fa66ef1-b121-41ab-911c-1996c2f7cb45
IT/SPO.IT0477A_6001_BETA_2022-01-01_00:00:00,6001,2026-05-31 12:00:00,2026-05-31 13:00:00,9.018764000000000000,ug.m-3,hour,1,3,2026-05-31 12:00:00,,b242811c-e254-4922-a8fa-bb138c8c9869
IT/SPO.IT0477A_6001_BETA_2022-01-01_00:00:00,6001,2026-05-31 13:00:00,2026-05-31 14:00:00,11.330335000000000000,ug.m-3,hour,1,3,2026-05-31 13:00:00,,88fef1dc-3a70-4033-b5af-1c6ca33d0ef2
IT/SPO.IT0477A_6001_BETA_2022-01-01_00:00:00,6001,2026-05-31 14:00:00,2026-05-31 15:00:00,14.411272000000000000,ug.m-3,hour,1,3,2026-05-31 14:00:00,,83400649-53aa-4b28-ab64-24cc939be615
IT/SPO.IT0477A_6001_BETA_2022-01-01_00:00:00,6001,2026-05-31 15:00:00,2026-05-31 16:00:00,13.300553000000000000,ug.m-3,hour,1,3,2026-05-31 15:00:00,,0ad2a4c8-4163-426e-83ea-792a3e785ac7
IT/SPO.IT0477A_6001_BETA_2022-01-01_00:00:00,6001,2026-05-31 16:00:00,2026-05-31 17:00:00,14.807077000000000000,ug.m-3,hour,1,3,2026-05-31 16:00:00,,7e116902-b877-41bb-a631-1ef3e26bd194
IT/SPO.IT0477A_6001_BETA_2022-01-01_00:00:00,6001,2026-05-31 17:00:00,2026-05-31 18:00:00,12.156652000000000000,ug.m-3,hour,1,3,2026-05-31 17:00:00,,ba0d156c-9fe9-4259-aa71-b0d30a84acac
IT/SPO.IT0477A_6001_BETA_2022-01-01_00:00:00,6001,2026-05-31 18:00:00,2026-05-31 19:00:00,12.927179000000000000,ug.m-3,hour,1,3,2026-05-31 18:00:00,,96a85ed4-e5da-436e-bdbe-96ef3c9d13c8
IT/SPO.IT0477A_6001_BETA_2022-01-01_00:00:00,6001,2026-05-31 19:00:00,2026-05-31 20:00:00,13.578027000000000000,ug.m-3,hour,1,3,2026-05-31 19:00:00,,522cdaca-2c4a-4a97-937d-65c4c86e9202
IT/SPO.IT0477A_6001_BETA_2022-01-01_00:00:00,6001,2026-05-31 20:00:00,2026-05-31 21:00:00,10.170398000000000000,ug.m-3,hour,1,3,2026-05-31 20:00:00,,8f14ca45-0e8c-486d-8672-d1acf1238564
IT/SPO.IT0477A_6001_BETA_2022-01-01_00:00:00,6001,2026-05-31 21:00:00,2026-05-31 22:00:00,13.773350000000000000,ug.m-3,hour,1,3,2026-05-31 21:00:00,,9c333062-d7a3-4a67-872d-869f307b00ee
IT/SPO.IT0477A_6001_BETA_2022-01-01_00:00:00,6001,2026-05-31 22:00:00,2026-05-31 23:00:00,12.522964000000000000,ug.m-3,hour,1,3,2026-05-31 22:00:00,,c2445324-1193-4948-9945-2dc3564dd71a
IT/SPO.IT0477A_6001_BETA_2022-01-01_00:00:00,6001,2026-05-31 23:00:00,2026-06-01 00:00:00,8.766074000000000000,ug.m-3,hour,1,3,2026-05-31 23:00:00,,6f24f7f3-999b-42ab-b01d-b76118743748
IT/SPO.IT0477A_6001_BETA_2022-01-01_00:00:00,6001,2026-06-01 00:00:00,2026-06-01 01:00:00,6.136252000000000000,ug.m-3,hour,1,3,2026-06-01 00:00:00,,09f60e79-50c6-4d32-ae10-79e06f3c8022
IT/SPO.IT0477A_6001_BETA_2022-01-01_00:00:00,6001,2026-06-01 01:00:00,2026-06-01 02:00:00,5.076820000000000000,ug.m-3,hour,1,3,2026-06-01 01:00:00,,b55bcb03-31c6-462b-80ff-3eb4c5fef1e6
IT/SPO.IT0477A_6001_BETA_2022-01-01_00:00:00,6001,2026-06-01 02:00:00,2026-06-01 03:00:00,4.081941000000000000,ug.m-3,hour,1,3,2026-06-01 02:00:00,,49ec0f66-92fd-4a76-b98d-1a2a1742769d
IT/SPO.IT0477A_6001_BETA_2022-01-01_00:00:00,6001,2026-06-01 03:00:00,2026-06-01 04:00:00,6.739251000000000000,ug.m-3,hour,1,3,2026-06-01 03:00:00,,700eb1ba-5921-442f-aaed-cb9658699df6
IT/SPO.IT0477A_6001_BETA_2022-01-01_00:00:00,6001,2026-06-01 04:00:00,2026-06-01 05:00:00,7.081484000000000000,ug.m-3,hour,1,3,2026-06-01 04:00:00,,d8ca45a8-433a-496d-a7b5-8eafabc7d45f
IT/SPO.IT0477A_6001_BETA_2022-01-01_00:00:00,6001,2026-06-01 05:00:00,2026-06-01 06:00:00,11.465035000000000000,ug.m-3,hour,1,3,2026-06-01 05:00:00,,f4c46912-7489-4ac9-a6bc-52916f74a85b
IT/SPO.IT0477A_6001_BETA_2022-01-01_00:00:00,6001,2026-06-01 06:00:00,2026-06-01 07:00:00,9.172029000000000000,ug.m-3,hour,1,3,2026-06-01 06:00:00,,98f79df4-eff8-414d-b2ff-ccc39a14c6b4
IT/SPO.IT0477A_6001_BETA_2022-01-01_00:00:00,6001,2026-06-01 07:00:00,2026-06-01 08:00:00,7.337623000000000000,ug.m-3,hour,1,3,2026-06-01 07:00:00,,30fd83cc-eb94-436d-95a9-92cd5e48df75
IT/SPO.IT0477A_6001_BETA_2022-01-01_00:00:00,6001,2026-06-01 08:00:00,2026-06-01 09:00:00,5.925266000000000000,ug.m-3,hour,1,3,2026-06-01 08:00:00,,ce953aa0-1a24-4d6e-8d5c-58b88eca7153
IT/SPO.IT0477A_6001_BETA_2022-01-01_00:00:00,6001,2026-06-01 09:00:00,2026-06-01 10:00:00,5.715362000000000000,ug.m-3,hour,1,3,2026-06-01 09:00:00,,5f6916d9-409c-4364-aad0-306f4ae72bf7
IT/SPO.IT0477A_6001_BETA_2022-01-01_00:00:00,6001,2026-06-01 10:00:00,2026-06-01 11:00:00,6.862844000000000000,ug.m-3,hour,1,3,2026-06-01 10:00:00,,fff28776-f500-4f1d-a8ac-f97bde245436
IT/SPO.IT0477A_6001_BETA_2022-01-01_00:00:00,6001,2026-06-01 11:00:00,2026-06-01 12:00:00,7.456015000000000000,ug.m-3,hour,1,3,2026-06-01 11:00:00,,4a42ee34-d246-4718-b6a8-f6340b058d7d
IT/SPO.IT0477A_6001_BETA_2022-01-01_00:00:00,6001,2026-06-01 12:00:00,2026-06-01 13:00:00,13.486174000000000000,ug.m-3,hour,1,3,2026-06-01 12:00:00,,dcb922a1-3b00-4eb1-86dd-30d0af611c3e
IT/SPO.IT0477A_6001_BETA_2022-01-01_00:00:00,6001,2026-06-01 13:00:00,2026-06-01 14:00:00,9.440321000000000000,ug.m-3,hour,1,3,2026-06-01 13:00:00,,42d85ff4-6bd0-49ff-af2d-f57ef9f3674d
IT/SPO.IT0477A_6001_BETA_2022-01-01_00:00:00,6001,2026-06-01 14:00:00,2026-06-01 15:00:00,9.815854000000000000,ug.m-3,hour,1,3,2026-06-01 14:00:00,,a852e771-078d-4d9e-89ac-02e9486b2150
IT/SPO.IT0477A_6001_BETA_2022-01-01_00:00:00,6001,2026-06-01 15:00:00,2026-06-01 16:00:00,6.871098000000000000,ug.m-3,hour,1,3,2026-06-01 15:00:00,,e17b9b67-a8c7-4d4a-b517-232178cc8bed
IT/SPO.IT0477A_6001_BETA_2022-01-01_00:00:00,6001,2026-06-01 16:00:00,2026-06-01 17:00:00,7.215542000000000000,ug.m-3,hour,1,3,2026-06-01 16:00:00,,8e9ef987-c5c9-45d4-a173-d63b51fd06d8
IT/SPO.IT0477A_6001_BETA_2022-01-01_00:00:00,6001,2026-06-01 17:00:00,2026-06-01 18:00:00,7.276310000000000000,ug.m-3,hour,1,3,2026-06-01 17:00:00,,5e2cd1f4-7bda-4883-a27a-1ceda043788e
IT/SPO.IT0477A_6001_BETA_2022-01-01_00:00:00,6001,2026-06-01 18:00:00,2026-06-01 19:00:00,5.821048000000000000,ug.m-3,hour,1,3,2026-06-01 18:00:00,,b4d72921-e517-4522-a5f4-d54ce8bce097
IT/SPO.IT0477A_6001_BETA_2022-01-01_00:00:00,6001,2026-06-01 19:00:00,2026-06-01 20:00:00,7.874728000000000000,ug.m-3,hour,1,3,2026-06-01 19:00:00,,f10ce4a6-74b0-4ad8-8099-d2063cfb5ef0
IT/SPO.IT0477A_6001_BETA_2022-01-01_00:00:00,6001,2026-06-01 20:00:00,2026-06-01 21:00:00,6.299782000000000000,ug.m-3,hour,1,3,2026-06-01 20:00:00,,af3927dd-2e83-4a2d-b5e5-73677cfa1675
IT/SPO.IT0477A_6001_BETA_2022-01-01_00:00:00,6001,2026-06-01 21:00:00,2026-06-01 22:00:00,12.128115000000000000,ug.m-3,hour,1,3,2026-06-01 21:00:00,,0a4f77e4-0c65-47c4-a80e-02411cef28de
IT/SPO.IT0477A_6001_BETA_2022-01-01_00:00:00,6001,2026-06-01 22:00:00,2026-06-01 23:00:00,13.748532000000000000,ug.m-3,hour,1,3,2026-06-01 22:00:00,,7726d3b3-7598-47eb-b933-014b3ba515fe
IT/SPO.IT0477A_6001_BETA_2022-01-01_00:00:00,6001,2026-06-01 23:00:00,2026-06-02 00:00:00,12.215237000000000000,ug.m-3,hour,1,3,2026-06-01 23:00:00,,91f0c7a2-f763-4496-8d6a-d68ca53adb43
IT/SPO.IT0477A_6001_BETA_2022-01-01_00:00:00,6001,2026-06-02 00:00:00,2026-06-02 01:00:00,8.550666000000000000,ug.m-3,hour,1,3,2026-06-02 00:00:00,,2006a295-fe00-4096-96e0-fc8e79bb9e1f
IT/SPO.IT0477A_6001_BETA_2022-01-01_00:00:00,6001,2026-06-02 01:00:00,2026-06-02 02:00:00,9.053715000000000000,ug.m-3,hour,1,3,2026-06-02 01:00:00,,3b87428c-3d55-4751-8663-4c0080157e5a
IT/SPO.IT0477A_6001_BETA_2022-01-01_00:00:00,6001,2026-06-02 02:00:00,2026-06-02 03:00:00,8.078693000000000000,ug.m-3,hour,1,3,2026-06-02 02:00:00,,a3aa4115-81ad-49ef-afac-d59dd8f2a41f
IT/SPO.IT0477A_6001_BETA_2022-01-01_00:00:00,6001,2026-06-02 03:00:00,2026-06-02 04:00:00,8.912148000000000000,ug.m-3,hour,1,3,2026-06-02 03:00:00,,0a472a5f-7054-41e8-a105-e6a2ac1508a9
IT/SPO.IT0477A_6001_BETA_2022-01-01_00:00:00,6001,2026-06-02 04:00:00,2026-06-02 05:00:00,10.853367000000000000,ug.m-3,hour,1,3,2026-06-02 04:00:00,,21f30a37-de2f-4ef9-9040-d8f0905b6f49
IT/SPO.IT0477A_6001_BETA_2022-01-01_00:00:00,6001,2026-06-02 05:00:00,2026-06-02 06:00:00,10.120481000000000000,ug.m-3,hour,1,3,2026-06-02 05:00:00,,3ae2d72d-7f68-4bee-823c-cfaa5a6c14cd
IT/SPO.IT0477A_6001_BETA_2022-01-01_00:00:00,6001,2026-06-02 06:00:00,2026-06-02 07:00:00,8.096385000000000000,ug.m-3,hour,1,3,2026-06-02 06:00:00,,4083d748-06f9-4ea1-bf98-dd40e69b29dc
IT/SPO.IT0477A_6001_BETA_2022-01-01_00:00:00,6001,2026-06-02 07:00:00,2026-06-02 08:00:00,9.574194000000000000,ug.m-3,hour,1,3,2026-06-02 07:00:00,,3ff8f77d-aa67-49db-878c-fa533c6bf46f
IT/SPO.IT0477A_6001_BETA_2022-01-01_00:00:00,6001,2026-06-02 08:00:00,2026-06-02 09:00:00,20.205942000000000000,ug.m-3,hour,1,3,2026-06-02 08:00:00,,4131b095-1f75-4012-a2cc-1cdddd789bd5
IT/SPO.IT0477A_6001_BETA_2022-01-01_00:00:00,6001,2026-06-02 09:00:00,2026-06-02 10:00:00,15.611864000000000000,ug.m-3,hour,1,3,2026-06-02 09:00:00,,5cb17443-6ae5-4f96-a913-2eabc9cbd7c3
IT/SPO.IT0477A_6001_BETA_2022-01-01_00:00:00,6001,2026-06-02 10:00:00,2026-06-02 11:00:00,21.933895000000000000,ug.m-3,hour,1,3,2026-06-02 10:00:00,,9498f903-2bf7-40f3-84d5-490f9ac328e2
IT/SPO.IT0477A_6001_BETA_2022-01-01_00:00:00,6001,2026-06-02 11:00:00,2026-06-02 12:00:00,17.192066000000000000,ug.m-3,hour,1,3,2026-06-02 11:00:00,,833c6d3a-61c1-4d8a-af91-b2c38bccb739
IT/SPO.IT0477A_6001_BETA_2022-01-01_00:00:00,6001,2026-06-02 12:00:00,2026-06-02 13:00:00,12.034446000000000000,ug.m-3,hour,1,3,2026-06-02 12:00:00,,8aac6f39-c3ef-421e-b90f-ca6b8da9647c
IT/SPO.IT0477A_6001_BETA_2022-01-01_00:00:00,6001,2026-06-02 13:00:00,2026-06-02 14:00:00,8.424112000000000000,ug.m-3,hour,1,3,2026-06-02 13:00:00,,a2844f7c-cc40-4872-b9f8-917070d0c668
IT/SPO.IT0477A_6001_BETA_2022-01-01_00:00:00,6001,2026-06-02 14:00:00,2026-06-02 15:00:00,5.896879000000000000,ug.m-3,hour,1,3,2026-06-02 14:00:00,,3aa4406d-9b4c-4839-86ce-18fae8b83940
IT/SPO.IT0477A_6001_BETA_2022-01-01_00:00:00,6001,2026-06-02 15:00:00,2026-06-02 16:00:00,5.608405000000000000,ug.m-3,hour,1,3,2026-06-02 15:00:00,,9a89fd58-866f-40d9-a643-ab10afe08e13
IT/SPO.IT0477A_6001_BETA_2022-01-01_00:00:00,6001,2026-06-02 16:00:00,2026-06-02 17:00:00,4.486724000000000000,ug.m-3,hour,1,3,2026-06-02 16:00:00,,cc25dfad-941d-4b53-8a94-0f96600ae176
IT/SPO.IT0477A_6001_BETA_2022-01-01_00:00:00,6001,2026-06-02 17:00:00,2026-06-02 18:00:00,3.589379000000000000,ug.m-3,hour,1,3,2026-06-02 17:00:00,,b7c8584e-2d7d-4c53-a8db-7853debb736e
IT/SPO.IT0477A_6001_BETA_2022-01-01_00:00:00,6001,2026-06-02 18:00:00,2026-06-02 19:00:00,5.356473000000000000,ug.m-3,hour,1,3,2026-06-02 18:00:00,,3efc0e37-96a0-485b-a23c-7212f16de848
IT/SPO.IT0477A_6001_BETA_2022-01-01_00:00:00,6001,2026-06-02 19:00:00,2026-06-02 20:00:00,4.285179000000000000,ug.m-3,hour,1,3,2026-06-02 19:00:00,,98097177-c019-464c-a6a8-5c13fe58a7e8
IT/SPO.IT0477A_6001_BETA_2022-01-01_00:00:00,6001,2026-06-02 20:00:00,2026-06-02 21:00:00,3.428143000000000000,ug.m-3,hour,1,3,2026-06-02 20:00:00,,9b5e953e-b37a-4d03-86dd-7ba956a9cbba
IT/SPO.IT0477A_6001_BETA_2022-01-01_00:00:00,6001,2026-06-02 21:00:00,2026-06-02 22:00:00,2.742514000000000000,ug.m-3,hour,1,3,2026-06-02 21:00:00,,4a24eef3-0ed9-44a9-8397-66bea3128895
IT/SPO.IT0477A_6001_BETA_2022-01-01_00:00:00,6001,2026-06-02 22:00:00,2026-06-02 23:00:00,2.194011000000000000,ug.m-3,hour,1,3,2026-06-02 22:00:00,,dee796e2-3814-41c3-a164-585d52dd51e1
IT/SPO.IT0477A_6001_BETA_2022-01-01_00:00:00,6001,2026-06-02 23:00:00,2026-06-03 00:00:00,7.998522000000000000,ug.m-3,hour,1,3,2026-06-02 23:00:00,,a7e979c6-7ea0-4111-b345-e1ed49e03f31
IT/SPO.IT0477A_6001_BETA_2022-01-01_00:00:00,6001,2026-06-03 00:00:00,2026-06-03 01:00:00,6.398818000000000000,ug.m-3,hour,1,3,2026-06-03 00:00:00,,28afb67a-2ff7-4eae-a194-a0578481059b
IT/SPO.IT0477A_6001_BETA_2022-01-01_00:00:00,6001,2026-06-03 01:00:00,2026-06-03 02:00:00,5.286835000000000000,ug.m-3,hour,1,3,2026-06-03 01:00:00,,afcd7a0a-3805-4071-b94c-3ea116f23a2a
IT/SPO.IT0477A_6001_BETA_2022-01-01_00:00:00,6001,2026-06-03 02:00:00,2026-06-03 03:00:00,4.405337000000000000,ug.m-3,hour,1,3,2026-06-03 02:00:00,,7b78c3e2-d2dc-4221-b4ff-b2fedf5ae19c
IT/SPO.IT0477A_6001_BETA_2022-01-01_00:00:00,6001,2026-06-03 03:00:00,2026-06-03 04:00:00,3.524270000000000000,ug.m-3,hour,1,3,2026-06-03 03:00:00,,4a9acc19-283e-4ede-bab4-ef7a14283b37
IT/SPO.IT0477A_6001_BETA_2022-01-01_00:00:00,6001,2026-06-03 04:00:00,2026-06-03 05:00:00,3.234919000000000000,ug.m-3,hour,1,3,2026-06-03 04:00:00,,d2386bcf-d7f5-473c-ad5f-a3adf52f8802
IT/SPO.IT0477A_6001_BETA_2022-01-01_00:00:00,6001,2026-06-03 05:00:00,2026-06-03 06:00:00,2.587935000000000000,ug.m-3,hour,1,3,2026-06-03 05:00:00,,b0579176-5207-48f4-bde7-2107e3a56352
IT/SPO.IT0477A_6001_BETA_2022-01-01_00:00:00,6001,2026-06-03 06:00:00,2026-06-03 07:00:00,2.070348000000000000,ug.m-3,hour,1,3,2026-06-03 06:00:00,,a83a037b-5bfd-4fe9-9b86-73545297784b
IT/SPO.IT0477A_6001_BETA_2022-01-01_00:00:00,6001,2026-06-03 07:00:00,2026-06-03 08:00:00,1.656279000000000000,ug.m-3,hour,1,3,2026-06-03 07:00:00,,a7177c6b-91b8-4ee4-9973-afe482fa6531
IT/SPO.IT0477A_6001_BETA_2022-01-01_00:00:00,6001,2026-06-03 08:00:00,2026-06-03 09:00:00,1.325023000000000000,ug.m-3,hour,1,3,2026-06-03 08:00:00,,e6aa8f1a-1733-4db1-a4c4-74487ec59c30
IT/SPO.IT0477A_6001_BETA_2022-01-01_00:00:00,6001,2026-06-03 09:00:00,2026-06-03 10:00:00,3.948820000000000000,ug.m-3,hour,1,3,2026-06-03 09:00:00,,6e3faab5-f416-453f-a404-af844c1df9cb
IT/SPO.IT0477A_6001_BETA_2022-01-01_00:00:00,6001,2026-06-03 10:00:00,2026-06-03 11:00:00,3.159056000000000000,ug.m-3,hour,1,3,2026-06-03 10:00:00,,db1a9e6b-c965-49de-b653-c304a6beedac
IT/SPO.IT0477A_6001_BETA_2022-01-01_00:00:00,6001,2026-06-03 11:00:00,2026-06-03 12:00:00,2.527245000000000000,ug.m-3,hour,1,3,2026-06-03 11:00:00,,6bc3c81e-fa10-4ddd-b477-bf26b18867df
IT/SPO.IT0477A_6001_BETA_2022-01-01_00:00:00,6001,2026-06-03 12:00:00,2026-06-03 13:00:00,2.021796000000000000,ug.m-3,hour,1,3,2026-06-03 12:00:00,,6707d584-13e1-4e56-ad3c-ad00be057391
IT/SPO.IT0477A_6001_BETA_2022-01-01_00:00:00,6001,2026-06-03 13:00:00,2026-06-03 14:00:00,1.617437000000000000,ug.m-3,hour,1,3,2026-06-03 13:00:00,,a64d0672-63e4-42ac-b7b6-d5abd1660a15
IT/SPO.IT0477A_6001_BETA_2022-01-01_00:00:00,6001,2026-06-03 14:00:00,2026-06-03 15:00:00,1.293949000000000000,ug.m-3,hour,1,3,2026-06-03 14:00:00,,2d1ec4a3-3db2-40da-96b5-09ebb304f666
IT/SPO.IT0477A_6001_BETA_2022-01-01_00:00:00,6001,2026-06-03 15:00:00,2026-06-03 16:00:00,1.035159000000000000,ug.m-3,hour,1,3,2026-06-03 15:00:00,,f0f578c8-1eac-48a2-a1ef-e8ebb9627cb9
IT/SPO.IT0477A_6001_BETA_2022-01-01_00:00:00,6001,2026-06-03 16:00:00,2026-06-03 17:00:00,2.392114000000000000,ug.m-3,hour,1,3,2026-06-03 16:00:00,,9b23239b-8da2-477b-a088-8886c9fd7745
IT/SPO.IT0477A_6001_BETA_2022-01-01_00:00:00,6001,2026-06-03 17:00:00,2026-06-03 18:00:00,1.913691000000000000,ug.m-3,hour,1,3,2026-06-03 17:00:00,,e3658fc7-122c-41d5-b94a-e347ba4788d2
IT/SPO.IT0477A_6001_BETA_2022-01-01_00:00:00,6001,2026-06-03 18:00:00,2026-06-03 19:00:00,1.530953000000000000,ug.m-3,hour,1,3,2026-06-03 18:00:00,,09c5838e-1210-42aa-bd3e-892c616522c6
IT/SPO.IT0477A_6001_BETA_2022-01-01_00:00:00,6001,2026-06-03 19:00:00,2026-06-03 20:00:00,1.224762000000000000,ug.m-3,hour,1,3,2026-06-03 19:00:00,,1f0e3c3e-2002-429b-8abf-6e3e394c656a
IT/SPO.IT0477A_6001_BETA_2022-01-01_00:00:00,6001,2026-06-03 20:00:00,2026-06-03 21:00:00,0.979810000000000000,ug.m-3,hour,3,3,2026-06-03 20:00:00,,36a4ea68-62f0-4843-8bcd-fe64e12f2ea0
IT/SPO.IT0477A_6001_BETA_2022-01-01_00:00:00,6001,2026-06-03 21:00:00,2026-06-03 22:00:00,0.783848000000000000,ug.m-3,hour,3,3,2026-06-03 21:00:00,,89be3120-b27a-417c-87cc-d5fde3c459c8
IT/SPO.IT0477A_6001_BETA_2022-01-01_00:00:00,6001,2026-06-03 22:00:00,2026-06-03 23:00:00,0.627078000000000000,ug.m-3,hour,3,3,2026-06-03 23:00:00,,202c8cf2-28ec-4030-ac38-96b694a17c84
IT/SPO.IT0477A_6001_BETA_2022-01-01_00:00:00,6001,2026-06-03 23:00:00,2026-06-04 00:00:00,0.501663000000000000,ug.m-3,hour,3,3,2026-06-03 23:00:00,,202c8cf2-28ec-4030-ac38-96b694a17c84
IT/SPO.IT0477A_6001_BETA_2022-01-01_00:00:00,6001,2026-06-04 00:00:00,2026-06-04 01:00:00,2.427872000000000000,ug.m-3,hour,1,3,2026-06-04 00:00:00,,729c5079-89df-4e4d-93be-09ef1337ee2c
IT/SPO.IT0477A_6001_BETA_2022-01-01_00:00:00,6001,2026-06-04 01:00:00,2026-06-04 02:00:00,2.093357000000000000,ug.m-3,hour,1,3,2026-06-04 02:00:00,,cc27fbdb-bdf7-4dda-87fd-b5e0919b6f31
IT/SPO.IT0477A_6001_BETA_2022-01-01_00:00:00,6001,2026-06-04 02:00:00,2026-06-04 03:00:00,1.674686000000000000,ug.m-3,hour,1,3,2026-06-04 02:00:00,,cc27fbdb-bdf7-4dda-87fd-b5e0919b6f31
IT/SPO.IT0477A_6001_BETA_2022-01-01_00:00:00,6001,2026-06-04 03:00:00,2026-06-04 04:00:00,2.299533000000000000,ug.m-3,hour,1,3,2026-06-04 03:00:00,,e3a48291-d0ae-4061-b3e9-9a9e2299df26
IT/SPO.IT0477A_6001_BETA_2022-01-01_00:00:00,6001,2026-06-04 04:00:00,2026-06-04 05:00:00,2.227000000000000000,ug.m-3,hour,1,3,2026-06-08 08:00:00,,11a0acce-644e-4041-aee3-fee4a026bfde
IT/SPO.IT0477A_6001_BETA_2022-01-01_00:00:00,6001,2026-06-04 05:00:00,2026-06-04 06:00:00,1.781600000000000000,ug.m-3,hour,1,3,2026-06-04 05:00:00,,069fcce9-00ca-43c5-b6d8-625c464357bf
IT/SPO.IT0477A_6001_BETA_2022-01-01_00:00:00,6001,2026-06-04 06:00:00,2026-06-04 07:00:00,2.378925000000000000,ug.m-3,hour,1,3,2026-06-04 06:00:00,,a4265501-b38f-48f1-939e-e635a7348d7a
IT/SPO.IT0477A_6001_BETA_2022-01-01_00:00:00,6001,2026-06-04 07:00:00,2026-06-04 08:00:00,3.042171000000000000,ug.m-3,hour,1,3,2026-06-04 07:00:00,,d965bd24-c416-478c-a724-237d10945df7
IT/SPO.IT0477A_6001_BETA_2022-01-01_00:00:00,6001,2026-06-04 08:00:00,2026-06-04 09:00:00,7.780606000000000000,ug.m-3,hour,1,3,2026-06-04 09:00:00,,fcaf6c2f-7078-4454-ad08-c2252bfb8bfb
IT/SPO.IT0477A_6001_BETA_2022-01-01_00:00:00,6001,2026-06-04 09:00:00,2026-06-04 10:00:00,6.224485000000000000,ug.m-3,hour,1,3,2026-06-04 09:00:00,,fcaf6c2f-7078-4454-ad08-c2252bfb8bfb
IT/SPO.IT0477A_6001_BETA_2022-01-01_00:00:00,6001,2026-06-04 10:00:00,2026-06-04 11:00:00,4.979588000000000000,ug.m-3,hour,1,3,2026-06-04 11:00:00,,ba0cf852-661b-4748-a6f4-d66907cd3d12
IT/SPO.IT0477A_6001_BETA_2022-01-01_00:00:00,6001,2026-06-04 11:00:00,2026-06-04 12:00:00,4.961284000000000000,ug.m-3,hour,1,3,2026-06-04 11:00:00,,ba0cf852-661b-4748-a6f4-d66907cd3d12
IT/SPO.IT0477A_6001_BETA_2022-01-01_00:00:00,6001,2026-06-04 12:00:00,2026-06-04 13:00:00,5.266849000000000000,ug.m-3,hour,1,3,2026-06-04 12:00:00,,21f77a6c-95bf-41da-845f-3cbcaed9c249
IT/SPO.IT0477A_6001_BETA_2022-01-01_00:00:00,6001,2026-06-04 13:00:00,2026-06-04 14:00:00,6.310305000000000000,ug.m-3,hour,1,3,2026-06-08 09:00:00,,2644c616-f877-4feb-bda2-a0524ceab5b0
IT/SPO.IT0477A_6001_BETA_2022-01-01_00:00:00,6001,2026-06-04 14:00:00,2026-06-04 15:00:00,5.048244000000000000,ug.m-3,hour,1,3,2026-06-04 14:00:00,,fd454016-3f5e-4a9b-b19d-7ea989b63e65
IT/SPO.IT0477A_6001_BETA_2022-01-01_00:00:00,6001,2026-06-04 15:00:00,2026-06-04 16:00:00,4.038595000000000000,ug.m-3,hour,1,3,2026-06-04 15:00:00,,eddea257-b1ab-43f4-8294-422718c10e58
IT/SPO.IT0477A_6001_BETA_2022-01-01_00:00:00,6001,2026-06-04 16:00:00,2026-06-04 17:00:00,7.250176000000000000,ug.m-3,hour,1,3,2026-06-04 16:00:00,,c6b2fa27-0ee5-4c32-ab15-59b642837f88
IT/SPO.IT0477A_6001_BETA_2022-01-01_00:00:00,6001,2026-06-04 17:00:00,2026-06-04 18:00:00,8.334417000000000000,ug.m-3,hour,1,3,2026-06-04 17:00:00,,a6265e1c-4603-4f02-98f2-196523fde705
IT/SPO.IT0477A_6001_BETA_2022-01-01_00:00:00,6001,2026-06-04 18:00:00,2026-06-04 19:00:00,6.667534000000000000,ug.m-3,hour,1,3,2026-06-04 18:00:00,,12c339e1-90e5-4028-8196-73e25857b703
IT/SPO.IT0477A_6001_BETA_2022-01-01_00:00:00,6001,2026-06-04 19:00:00,2026-06-04 20:00:00,5.334027000000000000,ug.m-3,hour,1,3,2026-06-04 19:00:00,,59ae79bd-e296-4ef2-8579-47ac24f997ea
IT/SPO.IT0477A_6001_BETA_2022-01-01_00:00:00,6001,2026-06-04 20:00:00,2026-06-04 21:00:00,4.267222000000000000,ug.m-3,hour,1,3,2026-06-08 09:00:00,,2644c616-f877-4feb-bda2-a0524ceab5b0
IT/SPO.IT0477A_6001_BETA_2022-01-01_00:00:00,6001,2026-06-04 21:00:00,2026-06-04 22:00:00,7.875186000000000000,ug.m-3,hour,1,3,2026-06-08 08:00:00,,11a0acce-644e-4041-aee3-fee4a026bfde
IT/SPO.IT0477A_6001_BETA_2022-01-01_00:00:00,6001,2026-06-04 22:00:00,2026-06-04 23:00:00,7.331752000000000000,ug.m-3,hour,1,3,2026-06-04 22:00:00,,d5272635-0e54-4f59-8632-c004aaf9fb98
IT/SPO.IT0477A_6001_BETA_2022-01-01_00:00:00,6001,2026-06-04 23:00:00,2026-06-05 00:00:00,5.901692000000000000,ug.m-3,hour,1,3,2026-06-08 09:00:00,,2644c616-f877-4feb-bda2-a0524ceab5b0
IT/SPO.IT0477A_6001_BETA_2022-01-01_00:00:00,6001,2026-06-05 00:00:00,2026-06-05 01:00:00,5.019885000000000000,ug.m-3,hour,1,3,2026-06-05 00:00:00,,0a74696a-bec9-453c-9699-762b2e0e32d8
IT/SPO.IT0477A_6001_BETA_2022-01-01_00:00:00,6001,2026-06-05 01:00:00,2026-06-05 02:00:00,4.346275000000000000,ug.m-3,hour,1,3,2026-06-08 09:00:00,,2644c616-f877-4feb-bda2-a0524ceab5b0
IT/SPO.IT0477A_6001_BETA_2022-01-01_00:00:00,6001,2026-06-05 02:00:00,2026-06-05 03:00:00,7.265808000000000000,ug.m-3,hour,1,3,2026-06-05 02:00:00,,8cf300fe-7eba-455a-9374-062bcac1443b
IT/SPO.IT0477A_6001_BETA_2022-01-01_00:00:00,6001,2026-06-05 03:00:00,2026-06-05 04:00:00,5.812646000000000000,ug.m-3,hour,1,3,2026-06-05 03:00:00,,f5ca72dd-42ec-4107-9810-187a9e2b75bb
IT/SPO.IT0477A_6001_BETA_2022-01-01_00:00:00,6001,2026-06-05 04:00:00,2026-06-05 05:00:00,4.650117000000000000,ug.m-3,hour,1,3,2026-06-08 08:00:00,,11a0acce-644e-4041-aee3-fee4a026bfde
IT/SPO.IT0477A_6001_BETA_2022-01-01_00:00:00,6001,2026-06-05 05:00:00,2026-06-05 06:00:00,3.720093000000000000,ug.m-3,hour,1,3,2026-06-05 05:00:00,,21998b44-c745-4e6d-9366-1dfa9ceb1983
IT/SPO.IT0477A_6001_BETA_2022-01-01_00:00:00,6001,2026-06-05 06:00:00,2026-06-05 07:00:00,2.976075000000000000,ug.m-3,hour,1,3,2026-06-08 08:00:00,,11a0acce-644e-4041-aee3-fee4a026bfde
IT/SPO.IT0477A_6001_BETA_2022-01-01_00:00:00,6001,2026-06-05 07:00:00,2026-06-05 08:00:00,2.380860000000000000,ug.m-3,hour,1,3,2026-06-09 08:00:00,,263adc95-613b-49e0-988b-296e3d7d68b2
IT/SPO.IT0477A_6001_BETA_2022-01-01_00:00:00,6001,2026-06-05 08:00:00,2026-06-05 09:00:00,1.904688000000000000,ug.m-3,hour,1,3,2026-06-05 08:00:00,,5a9a2e7a-9809-45f0-957f-934e72015c2e
IT/SPO.IT0477A_6001_BETA_2022-01-01_00:00:00,6001,2026-06-05 09:00:00,2026-06-05 10:00:00,1.523750000000000000,ug.m-3,hour,1,3,2026-06-05 09:00:00,,53730f0e-0b46-42f0-abe7-0ff71a719d4d
IT/SPO.IT0477A_6001_BETA_2022-01-01_00:00:00,6001,2026-06-05 10:00:00,2026-06-05 11:00:00,1.219000000000000000,ug.m-3,hour,1,3,2026-06-08 09:00:00,,4765d088-5527-4cef-b68d-2b8230d102ca
IT/SPO.IT0477A_6001_BETA_2022-01-01_00:00:00,6001,2026-06-05 11:00:00,2026-06-05 12:00:00,0.975200000000000000,ug.m-3,hour,3,3,2026-06-08 08:00:00,,11a0acce-644e-4041-aee3-fee4a026bfde
IT/SPO.IT0477A_6001_BETA_2022-01-01_00:00:00,6001,2026-06-05 12:00:00,2026-06-05 13:00:00,0.780160000000000000,ug.m-3,hour,3,3,2026-06-05 12:00:00,,b2a9ecdf-a7bd-4366-a421-3ea63bcf0cbb
IT/SPO.IT0477A_6001_BETA_2022-01-01_00:00:00,6001,2026-06-05 13:00:00,2026-06-05 14:00:00,0.624128000000000000,ug.m-3,hour,3,3,2026-06-09 08:00:00,,263adc95-613b-49e0-988b-296e3d7d68b2
IT/SPO.IT0477A_6001_BETA_2022-01-01_00:00:00,6001,2026-06-05 14:00:00,2026-06-05 15:00:00,1.619348000000000000,ug.m-3,hour,1,3,2026-06-09 09:00:00,,0719a4d4-7fdb-4cfd-aabd-1fc34f329e43
IT/SPO.IT0477A_6001_BETA_2022-01-01_00:00:00,6001,2026-06-05 15:00:00,2026-06-05 16:00:00,4.482183000000000000,ug.m-3,hour,1,3,2026-06-05 15:00:00,,89b46e6d-9c7f-4049-be76-3a6aa622d672
IT/SPO.IT0477A_6001_BETA_2022-01-01_00:00:00,6001,2026-06-05 16:00:00,2026-06-05 17:00:00,3.585746000000000000,ug.m-3,hour,1,3,2026-06-08 09:00:00,,2644c616-f877-4feb-bda2-a0524ceab5b0
IT/SPO.IT0477A_6001_BETA_2022-01-01_00:00:00,6001,2026-06-05 17:00:00,2026-06-05 18:00:00,3.315781000000000000,ug.m-3,hour,1,3,2026-06-05 17:00:00,,b5127ab9-0b32-4d42-8991-242d73a71adf
IT/SPO.IT0477A_6001_BETA_2022-01-01_00:00:00,6001,2026-06-05 18:00:00,2026-06-05 19:00:00,6.326614000000000000,ug.m-3,hour,1,3,2026-06-09 08:00:00,,263adc95-613b-49e0-988b-296e3d7d68b2
IT/SPO.IT0477A_6001_BETA_2022-01-01_00:00:00,6001,2026-06-05 19:00:00,2026-06-05 20:00:00,5.061291000000000000,ug.m-3,hour,1,3,2026-06-05 19:00:00,,f180c5f3-76e4-40af-83c2-a20fe8b771d3
IT/SPO.IT0477A_6001_BETA_2022-01-01_00:00:00,6001,2026-06-05 20:00:00,2026-06-05 21:00:00,4.049033000000000000,ug.m-3,hour,1,3,2026-06-09 08:00:00,,263adc95-613b-49e0-988b-296e3d7d68b2
IT/SPO.IT0477A_6001_BETA_2022-01-01_00:00:00,6001,2026-06-05 21:00:00,2026-06-05 22:00:00,4.235862000000000000,ug.m-3,hour,1,3,2026-06-09 09:00:00,,0719a4d4-7fdb-4cfd-aabd-1fc34f329e43
IT/SPO.IT0477A_6001_BETA_2022-01-01_00:00:00,6001,2026-06-05 22:00:00,2026-06-05 23:00:00,3.906833000000000000,ug.m-3,hour,1,3,2026-06-05 22:00:00,,de41af11-ff4d-42d9-84b8-2a19dc657b9f
IT/SPO.IT0477A_6001_BETA_2022-01-01_00:00:00,6001,2026-06-05 23:00:00,2026-06-06 00:00:00,5.272672000000000000,ug.m-3,hour,1,3,2026-06-08 08:00:00,,11a0acce-644e-4041-aee3-fee4a026bfde
IT/SPO.IT0477A_6001_BETA_2022-01-01_00:00:00,6001,2026-06-06 00:00:00,2026-06-06 01:00:00,14.998187000000000000,ug.m-3,hour,1,3,2026-06-08 08:00:00,,11a0acce-644e-4041-aee3-fee4a026bfde
IT/SPO.IT0477A_6001_BETA_2022-01-01_00:00:00,6001,2026-06-06 01:00:00,2026-06-06 02:00:00,17.175150000000000000,ug.m-3,hour,1,3,2026-06-06 01:00:00,,432c4e1a-f4ba-40ff-8bf0-e8a8654a6952
IT/SPO.IT0477A_6001_BETA_2022-01-01_00:00:00,6001,2026-06-06 02:00:00,2026-06-06 03:00:00,12.022605000000000000,ug.m-3,hour,1,3,2026-06-09 08:00:00,,263adc95-613b-49e0-988b-296e3d7d68b2
IT/SPO.IT0477A_6001_BETA_2022-01-01_00:00:00,6001,2026-06-06 03:00:00,2026-06-06 04:00:00,8.415823000000000000,ug.m-3,hour,1,3,2026-06-08 08:00:00,,11a0acce-644e-4041-aee3-fee4a026bfde
IT/SPO.IT0477A_6001_BETA_2022-01-01_00:00:00,6001,2026-06-06 04:00:00,2026-06-06 05:00:00,6.044747000000000000,ug.m-3,hour,1,3,2026-06-09 09:00:00,,0719a4d4-7fdb-4cfd-aabd-1fc34f329e43
IT/SPO.IT0477A_6001_BETA_2022-01-01_00:00:00,6001,2026-06-06 05:00:00,2026-06-06 06:00:00,4.835798000000000000,ug.m-3,hour,1,3,2026-06-06 05:00:00,,96acc434-b4f3-4aa7-9ffb-c037211b9db7
IT/SPO.IT0477A_6001_BETA_2022-01-01_00:00:00,6001,2026-06-06 06:00:00,2026-06-06 07:00:00,8.317123000000000000,ug.m-3,hour,1,3,2026-06-10 08:00:00,,c1301112-79a0-4e56-8330-3dcb08b3706b
IT/SPO.IT0477A_6001_BETA_2022-01-01_00:00:00,6001,2026-06-06 07:00:00,2026-06-06 08:00:00,6.653699000000000000,ug.m-3,hour,1,3,2026-06-08 08:00:00,,11a0acce-644e-4041-aee3-fee4a026bfde
IT/SPO.IT0477A_6001_BETA_2022-01-01_00:00:00,6001,2026-06-06 08:00:00,2026-06-06 09:00:00,5.322959000000000000,ug.m-3,hour,1,3,2026-06-09 09:00:00,,0719a4d4-7fdb-4cfd-aabd-1fc34f329e43
IT/SPO.IT0477A_6001_BETA_2022-01-01_00:00:00,6001,2026-06-06 09:00:00,2026-06-06 10:00:00,4.258367000000000000,ug.m-3,hour,1,3,2026-06-09 09:00:00,,0719a4d4-7fdb-4cfd-aabd-1fc34f329e43
IT/SPO.IT0477A_6001_BETA_2022-01-01_00:00:00,6001,2026-06-06 10:00:00,2026-06-06 11:00:00,3.406694000000000000,ug.m-3,hour,1,3,2026-06-09 09:00:00,,0719a4d4-7fdb-4cfd-aabd-1fc34f329e43
IT/SPO.IT0477A_6001_BETA_2022-01-01_00:00:00,6001,2026-06-06 11:00:00,2026-06-06 12:00:00,3.959144000000000000,ug.m-3,hour,1,3,2026-06-09 08:00:00,,263adc95-613b-49e0-988b-296e3d7d68b2
IT/SPO.IT0477A_6001_BETA_2022-01-01_00:00:00,6001,2026-06-06 12:00:00,2026-06-06 13:00:00,3.167315000000000000,ug.m-3,hour,1,3,2026-06-10 08:00:00,,c1301112-79a0-4e56-8330-3dcb08b3706b
IT/SPO.IT0477A_6001_BETA_2022-01-01_00:00:00,6001,2026-06-06 13:00:00,2026-06-06 14:00:00,2.533852000000000000,ug.m-3,hour,1,3,2026-06-06 13:00:00,,d0ecbb13-18cc-42e5-a60d-0c828c4d68fe
IT/SPO.IT0477A_6001_BETA_2022-01-01_00:00:00,6001,2026-06-06 14:00:00,2026-06-06 15:00:00,2.027082000000000000,ug.m-3,hour,1,3,2026-06-09 09:00:00,,0719a4d4-7fdb-4cfd-aabd-1fc34f329e43
IT/SPO.IT0477A_6001_BETA_2022-01-01_00:00:00,6001,2026-06-06 15:00:00,2026-06-06 16:00:00,2.213209000000000000,ug.m-3,hour,1,3,2026-06-10 09:00:00,,f12c0805-b864-4fd3-830d-742e0e9614e0
IT/SPO.IT0477A_6001_BETA_2022-01-01_00:00:00,6001,2026-06-06 16:00:00,2026-06-06 17:00:00,1.770568000000000000,ug.m-3,hour,1,3,2026-06-09 09:00:00,,0719a4d4-7fdb-4cfd-aabd-1fc34f329e43
IT/SPO.IT0477A_6001_BETA_2022-01-01_00:00:00,6001,2026-06-06 17:00:00,2026-06-06 18:00:00,2.724573000000000000,ug.m-3,hour,1,3,2026-06-09 08:00:00,,263adc95-613b-49e0-988b-296e3d7d68b2
IT/SPO.IT0477A_6001_BETA_2022-01-01_00:00:00,6001,2026-06-06 18:00:00,2026-06-06 19:00:00,2.759024000000000000,ug.m-3,hour,1,3,2026-06-09 09:00:00,,0719a4d4-7fdb-4cfd-aabd-1fc34f329e43
IT/SPO.IT0477A_6001_BETA_2022-01-01_00:00:00,6001,2026-06-06 19:00:00,2026-06-06 20:00:00,3.303097000000000000,ug.m-3,hour,1,3,2026-06-09 09:00:00,,0719a4d4-7fdb-4cfd-aabd-1fc34f329e43
IT/SPO.IT0477A_6001_BETA_2022-01-01_00:00:00,6001,2026-06-06 20:00:00,2026-06-06 21:00:00,3.967505000000000000,ug.m-3,hour,1,3,2026-06-10 09:00:00,,f12c0805-b864-4fd3-830d-742e0e9614e0
IT/SPO.IT0477A_6001_BETA_2022-01-01_00:00:00,6001,2026-06-06 21:00:00,2026-06-06 22:00:00,8.705961000000000000,ug.m-3,hour,1,3,2026-06-08 09:00:00,,2644c616-f877-4feb-bda2-a0524ceab5b0
IT/SPO.IT0477A_6001_BETA_2022-01-01_00:00:00,6001,2026-06-06 22:00:00,2026-06-06 23:00:00,13.341028000000000000,ug.m-3,hour,1,3,2026-06-09 09:00:00,,0719a4d4-7fdb-4cfd-aabd-1fc34f329e43
IT/SPO.IT0477A_6001_BETA_2022-01-01_00:00:00,6001,2026-06-06 23:00:00,2026-06-07 00:00:00,9.338719000000000000,ug.m-3,hour,1,3,2026-06-10 09:00:00,,f12c0805-b864-4fd3-830d-742e0e9614e0
IT/SPO.IT0477A_6001_BETA_2022-01-01_00:00:00,6001,2026-06-07 00:00:00,2026-06-07 01:00:00,6.537104000000000000,ug.m-3,hour,1,3,2026-06-09 08:00:00,,263adc95-613b-49e0-988b-296e3d7d68b2
IT/SPO.IT0477A_6001_BETA_2022-01-01_00:00:00,6001,2026-06-07 01:00:00,2026-06-07 02:00:00,10.211080000000000000,ug.m-3,hour,1,3,2026-06-08 09:00:00,,2644c616-f877-4feb-bda2-a0524ceab5b0
IT/SPO.IT0477A_6001_BETA_2022-01-01_00:00:00,6001,2026-06-07 02:00:00,2026-06-07 03:00:00,9.569429000000000000,ug.m-3,hour,1,3,2026-06-07 02:00:00,,f9c714f3-6863-4be3-af31-b549f76f7659
IT/SPO.IT0477A_6001_BETA_2022-01-01_00:00:00,6001,2026-06-07 03:00:00,2026-06-07 04:00:00,9.801033000000000000,ug.m-3,hour,1,3,2026-06-10 09:00:00,,f12c0805-b864-4fd3-830d-742e0e9614e0
IT/SPO.IT0477A_6001_BETA_2022-01-01_00:00:00,6001,2026-06-07 04:00:00,2026-06-07 05:00:00,8.962497000000000000,ug.m-3,hour,1,3,2026-06-10 09:00:00,,f12c0805-b864-4fd3-830d-742e0e9614e0
IT/SPO.IT0477A_6001_BETA_2022-01-01_00:00:00,6001,2026-06-07 05:00:00,2026-06-07 06:00:00,10.637482000000000000,ug.m-3,hour,1,3,2026-06-08 08:00:00,,11a0acce-644e-4041-aee3-fee4a026bfde
IT/SPO.IT0477A_6001_BETA_2022-01-01_00:00:00,6001,2026-06-07 06:00:00,2026-06-07 07:00:00,8.509985000000000000,ug.m-3,hour,1,3,2026-06-07 06:00:00,,7640cebb-2ea4-4431-8fd5-73bf44c92ee1
IT/SPO.IT0477A_6001_BETA_2022-01-01_00:00:00,6001,2026-06-07 07:00:00,2026-06-07 08:00:00,6.807988000000000000,ug.m-3,hour,1,3,2026-06-10 08:00:00,,c1301112-79a0-4e56-8330-3dcb08b3706b
IT/SPO.IT0477A_6001_BETA_2022-01-01_00:00:00,6001,2026-06-07 08:00:00,2026-06-07 09:00:00,7.517924000000000000,ug.m-3,hour,1,3,2026-06-09 09:00:00,,0719a4d4-7fdb-4cfd-aabd-1fc34f329e43
IT/SPO.IT0477A_6001_BETA_2022-01-01_00:00:00,6001,2026-06-07 09:00:00,2026-06-07 10:00:00,7.957812000000000000,ug.m-3,hour,1,3,2026-06-11 09:00:00,,cc99d3a2-5170-4376-957c-045cb52d50e3
IT/SPO.IT0477A_6001_BETA_2022-01-01_00:00:00,6001,2026-06-07 10:00:00,2026-06-07 11:00:00,9.784709000000000000,ug.m-3,hour,1,3,2026-06-10 08:00:00,,c1301112-79a0-4e56-8330-3dcb08b3706b
IT/SPO.IT0477A_6001_BETA_2022-01-01_00:00:00,6001,2026-06-07 12:00:00,2026-06-07 13:00:00,10.307072000000000000,ug.m-3,hour,1,3,2026-06-10 08:00:00,,c1301112-79a0-4e56-8330-3dcb08b3706b
IT/SPO.IT0477A_6001_BETA_2022-01-01_00:00:00,6001,2026-06-07 13:00:00,2026-06-07 14:00:00,8.245657000000000000,ug.m-3,hour,1,3,2026-06-10 09:00:00,,f12c0805-b864-4fd3-830d-742e0e9614e0
IT/SPO.IT0477A_6001_BETA_2022-01-01_00:00:00,6001,2026-06-07 14:00:00,2026-06-07 15:00:00,8.601912000000000000,ug.m-3,hour,1,3,2026-06-07 14:00:00,,ab567831-2dfc-4e67-be8b-17dc50baaacd
IT/SPO.IT0477A_6001_BETA_2022-01-01_00:00:00,6001,2026-06-07 15:00:00,2026-06-07 16:00:00,7.482795000000000000,ug.m-3,hour,1,3,2026-06-11 09:00:00,,cc99d3a2-5170-4376-957c-045cb52d50e3
IT/SPO.IT0477A_6001_BETA_2022-01-01_00:00:00,6001,2026-06-07 16:00:00,2026-06-07 17:00:00,6.975900000000000000,ug.m-3,hour,1,3,2026-06-11 09:00:00,,cc99d3a2-5170-4376-957c-045cb52d50e3
IT/SPO.IT0477A_6001_BETA_2022-01-01_00:00:00,6001,2026-06-07 17:00:00,2026-06-07 18:00:00,9.562100000000000000,ug.m-3,hour,1,3,2026-06-10 08:00:00,,c1301112-79a0-4e56-8330-3dcb08b3706b
IT/SPO.IT0477A_6001_BETA_2022-01-01_00:00:00,6001,2026-06-07 18:00:00,2026-06-07 19:00:00,7.649681000000000000,ug.m-3,hour,1,3,2026-06-07 18:00:00,,38d7efa3-0545-4a6f-8bed-f68426935a81
IT/SPO.IT0477A_6001_BETA_2022-01-01_00:00:00,6001,2026-06-07 19:00:00,2026-06-07 20:00:00,8.508462000000000000,ug.m-3,hour,1,3,2026-06-10 09:00:00,,f12c0805-b864-4fd3-830d-742e0e9614e0
IT/SPO.IT0477A_6001_BETA_2022-01-01_00:00:00,6001,2026-06-07 20:00:00,2026-06-07 21:00:00,14.306241000000000000,ug.m-3,hour,1,3,2026-06-08 08:00:00,,11a0acce-644e-4041-aee3-fee4a026bfde
IT/SPO.IT0477A_6001_BETA_2022-01-01_00:00:00,6001,2026-06-07 21:00:00,2026-06-07 22:00:00,11.444993000000000000,ug.m-3,hour,1,3,2026-06-10 08:00:00,,c1301112-79a0-4e56-8330-3dcb08b3706b
IT/SPO.IT0477A_6001_BETA_2022-01-01_00:00:00,6001,2026-06-07 22:00:00,2026-06-07 23:00:00,8.011495000000000000,ug.m-3,hour,1,3,2026-06-09 08:00:00,,263adc95-613b-49e0-988b-296e3d7d68b2
IT/SPO.IT0477A_6001_BETA_2022-01-01_00:00:00,6001,2026-06-07 23:00:00,2026-06-08 00:00:00,7.538044000000000000,ug.m-3,hour,1,3,2026-06-07 23:00:00,,3b54c628-b86a-47f0-82fe-32df270c4820
IT/SPO.IT0477A_6001_BETA_2022-01-01_00:00:00,6001,2026-06-08 00:00:00,2026-06-08 01:00:00,15.682490000000000000,ug.m-3,hour,1,3,2026-06-10 09:00:00,,f12c0805-b864-4fd3-830d-742e0e9614e0
IT/SPO.IT0477A_6001_BETA_2022-01-01_00:00:00,6001,2026-06-08 01:00:00,2026-06-08 02:00:00,14.684949000000000000,ug.m-3,hour,1,3,2026-06-10 08:00:00,,c1301112-79a0-4e56-8330-3dcb08b3706b
IT/SPO.IT0477A_6001_BETA_2022-01-01_00:00:00,6001,2026-06-08 02:00:00,2026-06-08 03:00:00,12.967138000000000000,ug.m-3,hour,1,3,2026-06-10 08:00:00,,c1301112-79a0-4e56-8330-3dcb08b3706b
IT/SPO.IT0477A_6001_BETA_2022-01-01_00:00:00,6001,2026-06-08 03:00:00,2026-06-08 04:00:00,16.183977000000000000,ug.m-3,hour,1,3,2026-06-10 09:00:00,,f12c0805-b864-4fd3-830d-742e0e9614e0
IT/SPO.IT0477A_6001_BETA_2022-01-01_00:00:00,6001,2026-06-08 04:00:00,2026-06-08 05:00:00,11.328784000000000000,ug.m-3,hour,1,3,2026-06-09 08:00:00,,263adc95-613b-49e0-988b-296e3d7d68b2
IT/SPO.IT0477A_6001_BETA_2022-01-01_00:00:00,6001,2026-06-08 05:00:00,2026-06-08 06:00:00,14.851238000000000000,ug.m-3,hour,1,3,2026-06-11 09:00:00,,cc99d3a2-5170-4376-957c-045cb52d50e3
IT/SPO.IT0477A_6001_BETA_2022-01-01_00:00:00,6001,2026-06-08 06:00:00,2026-06-08 07:00:00,10.482553000000000000,ug.m-3,hour,1,3,2026-06-10 09:00:00,,f12c0805-b864-4fd3-830d-742e0e9614e0
IT/SPO.IT0477A_6001_BETA_2022-01-01_00:00:00,6001,2026-06-08 07:00:00,2026-06-08 08:00:00,9.190133000000000000,ug.m-3,hour,1,3,2026-06-10 09:00:00,,f12c0805-b864-4fd3-830d-742e0e9614e0
IT/SPO.IT0477A_6001_BETA_2022-01-01_00:00:00,6001,2026-06-08 08:00:00,2026-06-08 09:00:00,11.383525000000000000,ug.m-3,hour,1,3,2026-06-11 09:00:00,,cc99d3a2-5170-4376-957c-045cb52d50e3
IT/SPO.IT0477A_6001_BETA_2022-01-01_00:00:00,6001,2026-06-08 09:00:00,2026-06-08 10:00:00,17.315205000000000000,ug.m-3,hour,1,3,2026-06-11 09:00:00,,cc99d3a2-5170-4376-957c-045cb52d50e3
IT/SPO.IT0477A_6001_BETA_2022-01-01_00:00:00,6001,2026-06-08 10:00:00,2026-06-08 11:00:00,19.268675000000000000,ug.m-3,hour,1,3,2026-06-11 09:00:00,,cc99d3a2-5170-4376-957c-045cb52d50e3
IT/SPO.IT0477A_6001_BETA_2022-01-01_00:00:00,6001,2026-06-08 11:00:00,2026-06-08 12:00:00,17.489523000000000000,ug.m-3,hour,1,3,2026-06-09 09:00:00,,0719a4d4-7fdb-4cfd-aabd-1fc34f329e43
IT/SPO.IT0477A_6001_BETA_2022-01-01_00:00:00,6001,2026-06-08 12:00:00,2026-06-08 13:00:00,21.542433000000000000,ug.m-3,hour,1,3,2026-06-12 09:00:00,,f8e85ab9-c98b-4582-bdda-aca248242462
IT/SPO.IT0477A_6001_BETA_2022-01-01_00:00:00,6001,2026-06-08 13:00:00,2026-06-08 14:00:00,17.483894000000000000,ug.m-3,hour,1,3,2026-06-08 13:00:00,,f05047b7-b4a5-410f-b6bc-ed34af618404
IT/SPO.IT0477A_6001_BETA_2022-01-01_00:00:00,6001,2026-06-08 14:00:00,2026-06-08 15:00:00,12.238726000000000000,ug.m-3,hour,1,3,2026-06-12 08:00:00,,9c498a44-a007-425d-9f27-23dff6707b53
IT/SPO.IT0477A_6001_BETA_2022-01-01_00:00:00,6001,2026-06-08 15:00:00,2026-06-08 16:00:00,9.794059000000000000,ug.m-3,hour,1,3,2026-06-11 09:00:00,,cc99d3a2-5170-4376-957c-045cb52d50e3
IT/SPO.IT0477A_6001_BETA_2022-01-01_00:00:00,6001,2026-06-08 16:00:00,2026-06-08 17:00:00,9.167312000000000000,ug.m-3,hour,1,3,2026-06-12 08:00:00,,9c498a44-a007-425d-9f27-23dff6707b53
IT/SPO.IT0477A_6001_BETA_2022-01-01_00:00:00,6001,2026-06-08 17:00:00,2026-06-08 18:00:00,7.333849000000000000,ug.m-3,hour,1,3,2026-06-12 09:00:00,,f8e85ab9-c98b-4582-bdda-aca248242462
IT/SPO.IT0477A_6001_BETA_2022-01-01_00:00:00,6001,2026-06-08 18:00:00,2026-06-08 19:00:00,8.532394000000000000,ug.m-3,hour,1,3,2026-06-08 18:00:00,,3a7226f2-1912-42ed-8282-7bc4f97658a3
IT/SPO.IT0477A_6001_BETA_2022-01-01_00:00:00,6001,2026-06-08 19:00:00,2026-06-08 20:00:00,9.068343000000000000,ug.m-3,hour,1,3,2026-06-09 09:00:00,,0719a4d4-7fdb-4cfd-aabd-1fc34f329e43
IT/SPO.IT0477A_6001_BETA_2022-01-01_00:00:00,6001,2026-06-08 20:00:00,2026-06-08 21:00:00,7.254674000000000000,ug.m-3,hour,1,3,2026-06-12 09:00:00,,f8e85ab9-c98b-4582-bdda-aca248242462
IT/SPO.IT0477A_6001_BETA_2022-01-01_00:00:00,6001,2026-06-08 21:00:00,2026-06-08 22:00:00,9.196455000000000000,ug.m-3,hour,1,3,2026-06-12 09:00:00,,f8e85ab9-c98b-4582-bdda-aca248242462
IT/SPO.IT0477A_6001_BETA_2022-01-01_00:00:00,6001,2026-06-08 22:00:00,2026-06-08 23:00:00,7.357164000000000000,ug.m-3,hour,1,3,2026-06-08 22:00:00,,5d63bfba-68fd-45d8-ab86-93c1b5a36a3a
IT/SPO.IT0477A_6001_BETA_2022-01-01_00:00:00,6001,2026-06-08 23:00:00,2026-06-09 00:00:00,12.994160000000000000,ug.m-3,hour,1,3,2026-06-10 08:00:00,,c1301112-79a0-4e56-8330-3dcb08b3706b
IT/SPO.IT0477A_6001_BETA_2022-01-01_00:00:00,6001,2026-06-09 00:00:00,2026-06-09 01:00:00,15.886477000000000000,ug.m-3,hour,1,3,2026-06-09 09:00:00,,0719a4d4-7fdb-4cfd-aabd-1fc34f329e43
IT/SPO.IT0477A_6001_BETA_2022-01-01_00:00:00,6001,2026-06-09 01:00:00,2026-06-09 02:00:00,16.577253000000000000,ug.m-3,hour,1,3,2026-06-12 09:00:00,,f8e85ab9-c98b-4582-bdda-aca248242462
IT/SPO.IT0477A_6001_BETA_2022-01-01_00:00:00,6001,2026-06-09 02:00:00,2026-06-09 03:00:00,19.157177000000000000,ug.m-3,hour,1,3,2026-06-12 08:00:00,,9c498a44-a007-425d-9f27-23dff6707b53
IT/SPO.IT0477A_6001_BETA_2022-01-01_00:00:00,6001,2026-06-09 03:00:00,2026-06-09 04:00:00,24.582039000000000000,ug.m-3,hour,1,3,2026-06-10 09:00:00,,f12c0805-b864-4fd3-830d-742e0e9614e0
IT/SPO.IT0477A_6001_BETA_2022-01-01_00:00:00,6001,2026-06-09 04:00:00,2026-06-09 05:00:00,17.207426000000000000,ug.m-3,hour,1,3,2026-06-09 04:00:00,,a6524e76-de78-483f-b9c2-a1637f3a084e
IT/SPO.IT0477A_6001_BETA_2022-01-01_00:00:00,6001,2026-06-09 05:00:00,2026-06-09 06:00:00,12.045198000000000000,ug.m-3,hour,1,3,2026-06-09 05:00:00,,a0544b5d-16b2-4800-bfe4-c6593b767212
IT/SPO.IT0477A_6001_BETA_2022-01-01_00:00:00,6001,2026-06-09 06:00:00,2026-06-09 07:00:00,11.710328000000000000,ug.m-3,hour,1,3,2026-06-12 08:00:00,,9c498a44-a007-425d-9f27-23dff6707b53
IT/SPO.IT0477A_6001_BETA_2022-01-01_00:00:00,6001,2026-06-09 07:00:00,2026-06-09 08:00:00,8.197229000000000000,ug.m-3,hour,1,3,2026-06-09 07:00:00,,98d2bbdb-a11f-46c7-8918-f0a7695a4ac1
IT/SPO.IT0477A_6001_BETA_2022-01-01_00:00:00,6001,2026-06-09 08:00:00,2026-06-09 09:00:00,6.959646000000000000,ug.m-3,hour,1,3,2026-06-11 08:00:00,,83409958-1522-4925-bf44-210e0f42e752
IT/SPO.IT0477A_6001_BETA_2022-01-01_00:00:00,6001,2026-06-09 09:00:00,2026-06-09 10:00:00,6.183482000000000000,ug.m-3,hour,1,3,2026-06-12 09:00:00,,f8e85ab9-c98b-4582-bdda-aca248242462
IT/SPO.IT0477A_6001_BETA_2022-01-01_00:00:00,6001,2026-06-09 10:00:00,2026-06-09 11:00:00,7.997725000000000000,ug.m-3,hour,1,3,2026-06-12 09:00:00,,f8e85ab9-c98b-4582-bdda-aca248242462
IT/SPO.IT0477A_6001_BETA_2022-01-01_00:00:00,6001,2026-06-09 11:00:00,2026-06-09 12:00:00,7.750881000000000000,ug.m-3,hour,1,3,2026-06-11 08:00:00,,83409958-1522-4925-bf44-210e0f42e752
IT/SPO.IT0477A_6001_BETA_2022-01-01_00:00:00,6001,2026-06-09 12:00:00,2026-06-09 13:00:00,6.333760000000000000,ug.m-3,hour,1,3,2026-06-11 09:00:00,,cc99d3a2-5170-4376-957c-045cb52d50e3
IT/SPO.IT0477A_6001_BETA_2022-01-01_00:00:00,6001,2026-06-09 13:00:00,2026-06-09 14:00:00,9.525524000000000000,ug.m-3,hour,1,3,2026-06-10 09:00:00,,f12c0805-b864-4fd3-830d-742e0e9614e0
IT/SPO.IT0477A_6001_BETA_2022-01-01_00:00:00,6001,2026-06-09 14:00:00,2026-06-09 15:00:00,7.849807000000000000,ug.m-3,hour,1,3,2026-06-11 08:00:00,,83409958-1522-4925-bf44-210e0f42e752
IT/SPO.IT0477A_6001_BETA_2022-01-01_00:00:00,6001,2026-06-09 15:00:00,2026-06-09 16:00:00,7.676753000000000000,ug.m-3,hour,1,3,2026-06-12 08:00:00,,9c498a44-a007-425d-9f27-23dff6707b53
IT/SPO.IT0477A_6001_BETA_2022-01-01_00:00:00,6001,2026-06-09 16:00:00,2026-06-09 17:00:00,8.398916000000000000,ug.m-3,hour,1,3,2026-06-12 08:00:00,,9c498a44-a007-425d-9f27-23dff6707b53
IT/SPO.IT0477A_6001_BETA_2022-01-01_00:00:00,6001,2026-06-09 17:00:00,2026-06-09 18:00:00,6.719133000000000000,ug.m-3,hour,1,3,2026-06-09 18:00:00,,72742548-4e88-4b69-ac00-15dbc522987f
IT/SPO.IT0477A_6001_BETA_2022-01-01_00:00:00,6001,2026-06-09 18:00:00,2026-06-09 19:00:00,7.249577000000000000,ug.m-3,hour,1,3,2026-06-09 18:00:00,,72742548-4e88-4b69-ac00-15dbc522987f
IT/SPO.IT0477A_6001_BETA_2022-01-01_00:00:00,6001,2026-06-09 19:00:00,2026-06-09 20:00:00,9.807337000000000000,ug.m-3,hour,1,3,2026-06-11 09:00:00,,cc99d3a2-5170-4376-957c-045cb52d50e3
IT/SPO.IT0477A_6001_BETA_2022-01-01_00:00:00,6001,2026-06-09 20:00:00,2026-06-09 21:00:00,8.462397000000000000,ug.m-3,hour,1,3,2026-06-09 20:00:00,,4086a9c0-312a-4f96-9beb-75f3efae5e3c
IT/SPO.IT0477A_6001_BETA_2022-01-01_00:00:00,6001,2026-06-09 21:00:00,2026-06-09 22:00:00,6.769917000000000000,ug.m-3,hour,1,3,2026-06-09 21:00:00,,2f307638-debb-470c-87c5-089486bcca6b
IT/SPO.IT0477A_6001_BETA_2022-01-01_00:00:00,6001,2026-06-09 22:00:00,2026-06-09 23:00:00,5.415934000000000000,ug.m-3,hour,1,3,2026-06-12 09:00:00,,f8e85ab9-c98b-4582-bdda-aca248242462
IT/SPO.IT0477A_6001_BETA_2022-01-01_00:00:00,6001,2026-06-09 23:00:00,2026-06-10 00:00:00,10.155166000000000000,ug.m-3,hour,1,3,2026-06-12 08:00:00,,9c498a44-a007-425d-9f27-23dff6707b53
IT/SPO.IT0477A_6001_BETA_2022-01-01_00:00:00,6001,2026-06-10 00:00:00,2026-06-10 01:00:00,8.124132000000000000,ug.m-3,hour,1,3,2026-06-10 00:00:00,,23f5d8c9-4ac7-4b05-8240-3344ca69c0f5
IT/SPO.IT0477A_6001_BETA_2022-01-01_00:00:00,6001,2026-06-10 01:00:00,2026-06-10 02:00:00,10.764543000000000000,ug.m-3,hour,1,3,2026-06-12 09:00:00,,f8e85ab9-c98b-4582-bdda-aca248242462
IT/SPO.IT0477A_6001_BETA_2022-01-01_00:00:00,6001,2026-06-10 02:00:00,2026-06-10 03:00:00,10.667314000000000000,ug.m-3,hour,1,3,2026-06-12 09:00:00,,f8e85ab9-c98b-4582-bdda-aca248242462
IT/SPO.IT0477A_6001_BETA_2022-01-01_00:00:00,6001,2026-06-10 03:00:00,2026-06-10 04:00:00,11.328107000000000000,ug.m-3,hour,1,3,2026-06-11 09:00:00,,cc99d3a2-5170-4376-957c-045cb52d50e3
IT/SPO.IT0477A_6001_BETA_2022-01-01_00:00:00,6001,2026-06-10 04:00:00,2026-06-10 05:00:00,7.929675000000000000,ug.m-3,hour,1,3,2026-06-10 05:00:00,,6c2fa591-12a0-4580-bf14-d670ce023406
IT/SPO.IT0477A_6001_BETA_2022-01-01_00:00:00,6001,2026-06-10 05:00:00,2026-06-10 06:00:00,7.169348000000000000,ug.m-3,hour,1,3,2026-06-11 08:00:00,,83409958-1522-4925-bf44-210e0f42e752
IT/SPO.IT0477A_6001_BETA_2022-01-01_00:00:00,6001,2026-06-10 06:00:00,2026-06-10 07:00:00,7.642747000000000000,ug.m-3,hour,1,3,2026-06-11 08:00:00,,83409958-1522-4925-bf44-210e0f42e752
IT/SPO.IT0477A_6001_BETA_2022-01-01_00:00:00,6001,2026-06-10 07:00:00,2026-06-10 08:00:00,7.852578000000000000,ug.m-3,hour,1,3,2026-06-11 08:00:00,,83409958-1522-4925-bf44-210e0f42e752
IT/SPO.IT0477A_6001_BETA_2022-01-01_00:00:00,6001,2026-06-10 08:00:00,2026-06-10 09:00:00,6.282063000000000000,ug.m-3,hour,1,3,2026-06-11 08:00:00,,83409958-1522-4925-bf44-210e0f42e752
IT/SPO.IT0477A_6001_BETA_2022-01-01_00:00:00,6001,2026-06-10 09:00:00,2026-06-10 10:00:00,8.416691000000000000,ug.m-3,hour,1,3,2026-06-10 10:00:00,,3a690eae-ec31-4933-83da-0880e81a1863
IT/SPO.IT0477A_6001_BETA_2022-01-01_00:00:00,6001,2026-06-10 10:00:00,2026-06-10 11:00:00,7.262334000000000000,ug.m-3,hour,1,3,2026-06-12 09:00:00,,f8e85ab9-c98b-4582-bdda-aca248242462
IT/SPO.IT0477A_6001_BETA_2022-01-01_00:00:00,6001,2026-06-10 11:00:00,2026-06-10 12:00:00,5.809867000000000000,ug.m-3,hour,1,3,2026-06-12 09:00:00,,f8e85ab9-c98b-4582-bdda-aca248242462
IT/SPO.IT0477A_6001_BETA_2022-01-01_00:00:00,6001,2026-06-10 12:00:00,2026-06-10 13:00:00,10.466381000000000000,ug.m-3,hour,1,3,2026-06-10 13:00:00,,6e819221-19cb-4548-b1db-b219a52b0151
IT/SPO.IT0477A_6001_BETA_2022-01-01_00:00:00,6001,2026-06-10 13:00:00,2026-06-10 14:00:00,13.543539000000000000,ug.m-3,hour,1,3,2026-06-12 08:00:00,,9c498a44-a007-425d-9f27-23dff6707b53
IT/SPO.IT0477A_6001_BETA_2022-01-01_00:00:00,6001,2026-06-10 14:00:00,2026-06-10 15:00:00,9.480477000000000000,ug.m-3,hour,1,3,2026-06-12 08:00:00,,9c498a44-a007-425d-9f27-23dff6707b53
IT/SPO.IT0477A_6001_BETA_2022-01-01_00:00:00,6001,2026-06-10 15:00:00,2026-06-10 16:00:00,6.636334000000000000,ug.m-3,hour,1,3,2026-06-10 17:00:00,,fff2342e-8219-4513-99a3-ecd26da53d9e
IT/SPO.IT0477A_6001_BETA_2022-01-01_00:00:00,6001,2026-06-10 17:00:00,2026-06-10 18:00:00,10.532553000000000000,ug.m-3,hour,1,3,2026-06-12 09:00:00,,f8e85ab9-c98b-4582-bdda-aca248242462
IT/SPO.IT0477A_6001_BETA_2022-01-01_00:00:00,6001,2026-06-10 18:00:00,2026-06-10 19:00:00,8.426043000000000000,ug.m-3,hour,1,3,2026-06-12 09:00:00,,f8e85ab9-c98b-4582-bdda-aca248242462
IT/SPO.IT0477A_6001_BETA_2022-01-01_00:00:00,6001,2026-06-10 19:00:00,2026-06-10 20:00:00,6.740834000000000000,ug.m-3,hour,1,3,2026-06-11 09:00:00,,cc99d3a2-5170-4376-957c-045cb52d50e3
IT/SPO.IT0477A_6001_BETA_2022-01-01_00:00:00,6001,2026-06-10 20:00:00,2026-06-10 21:00:00,5.392667000000000000,ug.m-3,hour,1,3,2026-06-12 09:00:00,,f8e85ab9-c98b-4582-bdda-aca248242462
IT/SPO.IT0477A_6001_BETA_2022-01-01_00:00:00,6001,2026-06-10 21:00:00,2026-06-10 22:00:00,4.314134000000000000,ug.m-3,hour,1,3,2026-06-12 08:00:00,,9c498a44-a007-425d-9f27-23dff6707b53
IT/SPO.IT0477A_6001_BETA_2022-01-01_00:00:00,6001,2026-06-10 22:00:00,2026-06-10 23:00:00,3.451307000000000000,ug.m-3,hour,1,3,2026-06-12 08:00:00,,9c498a44-a007-425d-9f27-23dff6707b53
IT/SPO.IT0477A_6001_BETA_2022-01-01_00:00:00,6001,2026-06-10 23:00:00,2026-06-11 00:00:00,2.761045000000000000,ug.m-3,hour,1,3,2026-06-12 09:00:00,,f8e85ab9-c98b-4582-bdda-aca248242462
IT/SPO.IT0477A_6001_BETA_2022-01-01_00:00:00,6001,2026-06-11 00:00:00,2026-06-11 01:00:00,2.208836000000000000,ug.m-3,hour,1,3,2026-06-12 09:00:00,,f8e85ab9-c98b-4582-bdda-aca248242462
IT/SPO.IT0477A_6001_BETA_2022-01-01_00:00:00,6001,2026-06-11 01:00:00,2026-06-11 02:00:00,2.571439000000000000,ug.m-3,hour,1,3,2026-06-12 09:00:00,,f8e85ab9-c98b-4582-bdda-aca248242462
IT/SPO.IT0477A_6001_BETA_2022-01-01_00:00:00,6001,2026-06-11 02:00:00,2026-06-11 03:00:00,2.057151000000000000,ug.m-3,hour,1,3,2026-06-11 02:00:00,,fd8b0f53-0321-49bd-8d50-0e7e3d995b3e
IT/SPO.IT0477A_6001_BETA_2022-01-01_00:00:00,6001,2026-06-11 03:00:00,2026-06-11 04:00:00,1.645721000000000000,ug.m-3,hour,1,3,2026-06-11 03:00:00,,6319a83f-43cf-4d62-8824-5eb8111b837e
IT/SPO.IT0477A_6001_BETA_2022-01-01_00:00:00,6001,2026-06-11 04:00:00,2026-06-11 05:00:00,3.083804000000000000,ug.m-3,hour,1,3,2026-06-11 04:00:00,,2d6b8027-7d2f-44ff-ab4a-b8e8da6cfc57
IT/SPO.IT0477A_6001_BETA_2022-01-01_00:00:00,6001,2026-06-11 05:00:00,2026-06-11 06:00:00,2.467043000000000000,ug.m-3,hour,1,3,2026-06-11 05:00:00,,0a190493-92df-46e8-ab2b-d7476b8dee58
IT/SPO.IT0477A_6001_BETA_2022-01-01_00:00:00,6001,2026-06-11 06:00:00,2026-06-11 07:00:00,1.973634000000000000,ug.m-3,hour,1,3,2026-06-12 08:00:00,,9c498a44-a007-425d-9f27-23dff6707b53
IT/SPO.IT0477A_6001_BETA_2022-01-01_00:00:00,6001,2026-06-11 07:00:00,2026-06-11 08:00:00,1.578907000000000000,ug.m-3,hour,1,3,2026-06-12 08:00:00,,9c498a44-a007-425d-9f27-23dff6707b53
IT/SPO.IT0477A_6001_BETA_2022-01-01_00:00:00,6001,2026-06-11 08:00:00,2026-06-11 09:00:00,1.809091000000000000,ug.m-3,hour,1,3,2026-06-12 09:00:00,,f8e85ab9-c98b-4582-bdda-aca248242462
IT/SPO.IT0477A_6001_BETA_2022-01-01_00:00:00,6001,2026-06-11 09:00:00,2026-06-11 10:00:00,3.299950000000000000,ug.m-3,hour,1,3,2026-06-11 10:00:00,,5f0e31d4-8304-4047-9054-7cd62592180a
IT/SPO.IT0477A_6001_BETA_2022-01-01_00:00:00,6001,2026-06-11 10:00:00,2026-06-11 11:00:00,2.639960000000000000,ug.m-3,hour,1,3,2026-06-12 09:00:00,,f8e85ab9-c98b-4582-bdda-aca248242462
IT/SPO.IT0477A_6001_BETA_2022-01-01_00:00:00,6001,2026-06-11 11:00:00,2026-06-11 12:00:00,3.778080000000000000,ug.m-3,hour,1,3,2026-06-11 11:00:00,,ee4027e4-aa0d-4c09-8a5a-9aec37418cfe
IT/SPO.IT0477A_6001_BETA_2022-01-01_00:00:00,6001,2026-06-11 12:00:00,2026-06-11 13:00:00,3.031854000000000000,ug.m-3,hour,1,3,2026-06-11 12:00:00,,687937bc-266a-452b-a187-ed63c3175035
IT/SPO.IT0477A_6001_BETA_2022-01-01_00:00:00,6001,2026-06-11 13:00:00,2026-06-11 14:00:00,2.425483000000000000,ug.m-3,hour,1,3,2026-06-11 13:00:00,,1cb54172-8328-4754-8f7a-5b5b4a89e2ec
IT/SPO.IT0477A_6001_BETA_2022-01-01_00:00:00,6001,2026-06-11 14:00:00,2026-06-11 15:00:00,2.243645000000000000,ug.m-3,hour,1,3,2026-06-15 10:00:00,,db0262ac-cdeb-4441-8ef2-b5a7a859b14e
IT/SPO.IT0477A_6001_BETA_2022-01-01_00:00:00,6001,2026-06-11 15:00:00,2026-06-11 16:00:00,3.010040000000000000,ug.m-3,hour,1,3,2026-06-15 10:00:00,,db0262ac-cdeb-4441-8ef2-b5a7a859b14e
IT/SPO.IT0477A_6001_BETA_2022-01-01_00:00:00,6001,2026-06-11 16:00:00,2026-06-11 17:00:00,2.408032000000000000,ug.m-3,hour,1,3,2026-06-15 10:00:00,,db0262ac-cdeb-4441-8ef2-b5a7a859b14e
IT/SPO.IT0477A_6001_BETA_2022-01-01_00:00:00,6001,2026-06-11 17:00:00,2026-06-11 18:00:00,1.926426000000000000,ug.m-3,hour,1,3,2026-06-12 08:00:00,,9c498a44-a007-425d-9f27-23dff6707b53
IT/SPO.IT0477A_6001_BETA_2022-01-01_00:00:00,6001,2026-06-11 18:00:00,2026-06-11 19:00:00,1.541140000000000000,ug.m-3,hour,1,3,2026-06-11 18:00:00,,3ddda9a4-4f4e-47a0-8558-7c5fe3c1986e
IT/SPO.IT0477A_6001_BETA_2022-01-01_00:00:00,6001,2026-06-11 19:00:00,2026-06-11 20:00:00,1.232912000000000000,ug.m-3,hour,1,3,2026-06-12 08:00:00,,9c498a44-a007-425d-9f27-23dff6707b53
IT/SPO.IT0477A_6001_BETA_2022-01-01_00:00:00,6001,2026-06-11 20:00:00,2026-06-11 21:00:00,3.775316000000000000,ug.m-3,hour,1,3,2026-06-11 20:00:00,,77e77743-ef05-48c2-b96c-1149387afad0
IT/SPO.IT0477A_6001_BETA_2022-01-01_00:00:00,6001,2026-06-11 21:00:00,2026-06-11 22:00:00,3.020253000000000000,ug.m-3,hour,1,3,2026-06-11 21:00:00,,329ebdba-a838-449a-8e19-5003255c4f04
IT/SPO.IT0477A_6001_BETA_2022-01-01_00:00:00,6001,2026-06-11 22:00:00,2026-06-11 23:00:00,2.416202000000000000,ug.m-3,hour,1,3,2026-06-11 22:00:00,,94416748-3b55-436e-857b-3e181f7656d5
IT/SPO.IT0477A_6001_BETA_2022-01-01_00:00:00,6001,2026-06-11 23:00:00,2026-06-12 00:00:00,1.932962000000000000,ug.m-3,hour,1,3,2026-06-12 08:00:00,,9c498a44-a007-425d-9f27-23dff6707b53
IT/SPO.IT0477A_6001_BETA_2022-01-01_00:00:00,6001,2026-06-12 00:00:00,2026-06-12 01:00:00,1.546369000000000000,ug.m-3,hour,1,3,2026-06-12 09:00:00,,f8e85ab9-c98b-4582-bdda-aca248242462
IT/SPO.IT0477A_6001_BETA_2022-01-01_00:00:00,6001,2026-06-12 01:00:00,2026-06-12 02:00:00,1.346877000000000000,ug.m-3,hour,1,3,2026-06-12 08:00:00,,9c498a44-a007-425d-9f27-23dff6707b53
IT/SPO.IT0477A_6001_BETA_2022-01-01_00:00:00,6001,2026-06-12 02:00:00,2026-06-12 03:00:00,1.077501000000000000,ug.m-3,hour,1,3,2026-06-12 02:00:00,,56310f33-8fe8-498b-8e1e-5f5fb680f024
IT/SPO.IT0477A_6001_BETA_2022-01-01_00:00:00,6001,2026-06-12 03:00:00,2026-06-12 04:00:00,0.862001000000000000,ug.m-3,hour,3,3,2026-06-12 03:00:00,,0528646a-c8a4-48a0-b3e8-abab262aa911
IT/SPO.IT0477A_6001_BETA_2022-01-01_00:00:00,6001,2026-06-12 04:00:00,2026-06-12 05:00:00,2.053025000000000000,ug.m-3,hour,1,3,2026-06-12 04:00:00,,0a70a7ef-7d35-477d-aba1-93abe1d319e6
IT/SPO.IT0477A_6001_BETA_2022-01-01_00:00:00,6001,2026-06-12 05:00:00,2026-06-12 06:00:00,2.828319000000000000,ug.m-3,hour,1,3,2026-06-12 05:00:00,,146e678e-3660-4dbd-8b7a-e9f0ed93b1a0
IT/SPO.IT0477A_6001_BETA_2022-01-01_00:00:00,6001,2026-06-12 06:00:00,2026-06-12 07:00:00,2.574668000000000000,ug.m-3,hour,1,3,2026-06-12 07:00:00,,4fb4154d-890e-416e-aad7-2ae22e782537
IT/SPO.IT0477A_6001_BETA_2022-01-01_00:00:00,6001,2026-06-12 07:00:00,2026-06-12 08:00:00,4.949146000000000000,ug.m-3,hour,1,3,2026-06-12 07:00:00,,4fb4154d-890e-416e-aad7-2ae22e782537
IT/SPO.IT0477A_6001_BETA_2022-01-01_00:00:00,6001,2026-06-12 08:00:00,2026-06-12 09:00:00,3.959317000000000000,ug.m-3,hour,1,3,2026-06-15 10:00:00,,db0262ac-cdeb-4441-8ef2-b5a7a859b14e
IT/SPO.IT0477A_6001_BETA_2022-01-01_00:00:00,6001,2026-06-12 09:00:00,2026-06-12 10:00:00,4.470441000000000000,ug.m-3,hour,1,3,2026-06-12 10:00:00,,db9127e0-f399-4e02-9f31-3eafcdd2b874
IT/SPO.IT0477A_6001_BETA_2022-01-01_00:00:00,6001,2026-06-12 10:00:00,2026-06-12 11:00:00,3.854729000000000000,ug.m-3,hour,1,3,2026-06-12 11:00:00,,406c5140-e882-4013-9369-0ff712bd9a18
IT/SPO.IT0477A_6001_BETA_2022-01-01_00:00:00,6001,2026-06-12 11:00:00,2026-06-12 12:00:00,6.090901000000000000,ug.m-3,hour,1,3,2026-06-15 10:00:00,,db0262ac-cdeb-4441-8ef2-b5a7a859b14e
IT/SPO.IT0477A_6001_BETA_2022-01-01_00:00:00,6001,2026-06-12 12:00:00,2026-06-12 13:00:00,4.872721000000000000,ug.m-3,hour,1,3,2026-06-15 10:00:00,,db0262ac-cdeb-4441-8ef2-b5a7a859b14e
IT/SPO.IT0477A_6001_BETA_2022-01-01_00:00:00,6001,2026-06-12 13:00:00,2026-06-12 14:00:00,4.990820000000000000,ug.m-3,hour,1,3,2026-06-12 14:00:00,,f53187a9-4c96-4f4c-a411-8517d7f82169
IT/SPO.IT0477A_6001_BETA_2022-01-01_00:00:00,6001,2026-06-12 14:00:00,2026-06-12 15:00:00,8.227305000000000000,ug.m-3,hour,1,3,2026-06-12 14:00:00,,f53187a9-4c96-4f4c-a411-8517d7f82169
IT/SPO.IT0477A_6001_BETA_2022-01-01_00:00:00,6001,2026-06-12 15:00:00,2026-06-12 16:00:00,8.607205000000000000,ug.m-3,hour,1,3,2026-06-12 15:00:00,,fd49d35a-40c9-42b7-9f0d-1a914c85b655
IT/SPO.IT0477A_6001_BETA_2022-01-01_00:00:00,6001,2026-06-12 16:00:00,2026-06-12 17:00:00,9.470193000000000000,ug.m-3,hour,1,3,2026-06-12 17:00:00,,892e8495-5e87-4b61-ab54-8e60ed3322ae
IT/SPO.IT0477A_6001_BETA_2022-01-01_00:00:00,6001,2026-06-12 17:00:00,2026-06-12 18:00:00,7.576155000000000000,ug.m-3,hour,1,3,2026-06-12 17:00:00,,892e8495-5e87-4b61-ab54-8e60ed3322ae
IT/SPO.IT0477A_6001_BETA_2022-01-01_00:00:00,6001,2026-06-12 18:00:00,2026-06-12 19:00:00,6.060924000000000000,ug.m-3,hour,1,3,2026-06-12 18:00:00,,b05cbcb8-70f7-4396-b034-485a1883ac3a
IT/SPO.IT0477A_6001_BETA_2022-01-01_00:00:00,6001,2026-06-12 19:00:00,2026-06-12 20:00:00,6.663760000000000000,ug.m-3,hour,1,3,2026-06-12 19:00:00,,1258bd77-5193-4585-8ff0-d7111aef5e66
IT/SPO.IT0477A_6001_BETA_2022-01-01_00:00:00,6001,2026-06-12 20:00:00,2026-06-12 21:00:00,6.074021000000000000,ug.m-3,hour,1,3,2026-06-12 20:00:00,,a6d99417-e05d-46bf-b6f9-e7ccdff3414f
IT/SPO.IT0477A_6001_BETA_2022-01-01_00:00:00,6001,2026-06-12 21:00:00,2026-06-12 22:00:00,4.859217000000000000,ug.m-3,hour,1,3,2026-06-12 21:00:00,,85a93c53-4130-43a5-a4bd-8831a0328483
IT/SPO.IT0477A_6001_BETA_2022-01-01_00:00:00,6001,2026-06-12 22:00:00,2026-06-12 23:00:00,3.887373000000000000,ug.m-3,hour,1,3,2026-06-12 23:00:00,,9ae8f649-0330-42d1-9aba-cb0545389763
IT/SPO.IT0477A_6001_BETA_2022-01-01_00:00:00,6001,2026-06-12 23:00:00,2026-06-13 00:00:00,4.693373000000000000,ug.m-3,hour,1,3,2026-06-12 23:00:00,,9ae8f649-0330-42d1-9aba-cb0545389763
IT/SPO.IT0477A_6001_BETA_2022-01-01_00:00:00,6001,2026-06-13 00:00:00,2026-06-13 01:00:00,12.382006000000000000,ug.m-3,hour,1,3,2026-06-13 00:00:00,,ef004c62-51b6-472f-b3d2-e10be031f2a9
IT/SPO.IT0477A_6001_BETA_2022-01-01_00:00:00,6001,2026-06-13 01:00:00,2026-06-13 02:00:00,10.180820000000000000,ug.m-3,hour,1,3,2026-06-13 01:00:00,,184823f4-4b55-42f1-a3ee-bfbcb4b553d6
IT/SPO.IT0477A_6001_BETA_2022-01-01_00:00:00,6001,2026-06-13 02:00:00,2026-06-13 03:00:00,8.237688000000000000,ug.m-3,hour,1,3,2026-06-13 02:00:00,,0fe82224-c0df-4193-964d-c613e08f0a9f
IT/SPO.IT0477A_6001_BETA_2022-01-01_00:00:00,6001,2026-06-13 03:00:00,2026-06-13 04:00:00,9.803922000000000000,ug.m-3,hour,1,3,2026-06-13 03:00:00,,da5af867-465d-4eda-a156-fe2905113d2a
IT/SPO.IT0477A_6001_BETA_2022-01-01_00:00:00,6001,2026-06-13 04:00:00,2026-06-13 05:00:00,7.843137000000000000,ug.m-3,hour,1,3,2026-06-13 04:00:00,,ef2f3c0a-5a9f-498d-9091-812e1d83f30b
IT/SPO.IT0477A_6001_BETA_2022-01-01_00:00:00,6001,2026-06-13 05:00:00,2026-06-13 06:00:00,6.274510000000000000,ug.m-3,hour,1,3,2026-06-13 05:00:00,,034c3962-5b33-438a-96c0-4d45389d1cae
IT/SPO.IT0477A_6001_BETA_2022-01-01_00:00:00,6001,2026-06-13 06:00:00,2026-06-13 07:00:00,12.084532000000000000,ug.m-3,hour,1,3,2026-06-13 06:00:00,,0dec58ca-5063-4e72-9321-20725641e53c
IT/SPO.IT0477A_6001_BETA_2022-01-01_00:00:00,6001,2026-06-13 07:00:00,2026-06-13 08:00:00,9.667625000000000000,ug.m-3,hour,1,3,2026-06-13 10:00:00,,a96634f5-e2c9-4b51-be6c-e096d37390fd
IT/SPO.IT0477A_6001_BETA_2022-01-01_00:00:00,6001,2026-06-13 08:00:00,2026-06-13 09:00:00,12.208413000000000000,ug.m-3,hour,1,3,2026-06-13 10:00:00,,a96634f5-e2c9-4b51-be6c-e096d37390fd
IT/SPO.IT0477A_6001_BETA_2022-01-01_00:00:00,6001,2026-06-13 09:00:00,2026-06-13 10:00:00,12.906872000000000000,ug.m-3,hour,1,3,2026-06-13 10:00:00,,a96634f5-e2c9-4b51-be6c-e096d37390fd
IT/SPO.IT0477A_6001_BETA_2022-01-01_00:00:00,6001,2026-06-13 10:00:00,2026-06-13 11:00:00,9.034810000000000000,ug.m-3,hour,1,3,2026-06-13 10:00:00,,a96634f5-e2c9-4b51-be6c-e096d37390fd
IT/SPO.IT0477A_6001_BETA_2022-01-01_00:00:00,6001,2026-06-13 11:00:00,2026-06-13 12:00:00,6.324367000000000000,ug.m-3,hour,1,3,2026-06-13 11:00:00,,74908141-1d68-4081-ae0f-c0f2997594c5
IT/SPO.IT0477A_6001_BETA_2022-01-01_00:00:00,6001,2026-06-13 12:00:00,2026-06-13 13:00:00,14.069284000000000000,ug.m-3,hour,1,3,2026-06-13 12:00:00,,c3fc497e-34e9-47d2-b020-23b824c34824
IT/SPO.IT0477A_6001_BETA_2022-01-01_00:00:00,6001,2026-06-13 13:00:00,2026-06-13 14:00:00,13.737491000000000000,ug.m-3,hour,1,3,2026-06-13 13:00:00,,cb966400-e8b1-4b69-a1fc-8a1c84bdd2ff
IT/SPO.IT0477A_6001_BETA_2022-01-01_00:00:00,6001,2026-06-13 14:00:00,2026-06-13 15:00:00,9.616243000000000000,ug.m-3,hour,1,3,2026-06-13 14:00:00,,175e284c-e0da-4cda-a4c3-3f77d38fdb1b
IT/SPO.IT0477A_6001_BETA_2022-01-01_00:00:00,6001,2026-06-13 15:00:00,2026-06-13 16:00:00,11.316115000000000000,ug.m-3,hour,1,3,2026-06-13 15:00:00,,729c2f5e-901e-41f3-ba9e-c581d2d034b6
IT/SPO.IT0477A_6001_BETA_2022-01-01_00:00:00,6001,2026-06-13 16:00:00,2026-06-13 17:00:00,9.599738000000000000,ug.m-3,hour,1,3,2026-06-13 16:00:00,,78ce2c85-93a2-49b7-8700-c6bd7a9b8192
IT/SPO.IT0477A_6001_BETA_2022-01-01_00:00:00,6001,2026-06-13 17:00:00,2026-06-13 18:00:00,7.679790000000000000,ug.m-3,hour,1,3,2026-06-13 17:00:00,,85b30c18-782d-4bcc-86dc-a4bf2361d16c
IT/SPO.IT0477A_6001_BETA_2022-01-01_00:00:00,6001,2026-06-13 18:00:00,2026-06-13 19:00:00,8.207152000000000000,ug.m-3,hour,1,3,2026-06-13 18:00:00,,4c48a92b-1b07-4025-8457-07624d678924
IT/SPO.IT0477A_6001_BETA_2022-01-01_00:00:00,6001,2026-06-13 19:00:00,2026-06-13 20:00:00,6.565722000000000000,ug.m-3,hour,1,3,2026-06-13 19:00:00,,983544e2-8807-4e17-a211-b64180dc6fda
IT/SPO.IT0477A_6001_BETA_2022-01-01_00:00:00,6001,2026-06-13 20:00:00,2026-06-13 21:00:00,6.117144000000000000,ug.m-3,hour,1,3,2026-06-13 20:00:00,,8ae1b868-9234-4f87-b65b-76b5b53d7dbd
IT/SPO.IT0477A_6001_BETA_2022-01-01_00:00:00,6001,2026-06-13 21:00:00,2026-06-13 22:00:00,4.893715000000000000,ug.m-3,hour,1,3,2026-06-13 21:00:00,,c496c596-0e5c-4ee1-bc93-7579a65551b8
IT/SPO.IT0477A_6001_BETA_2022-01-01_00:00:00,6001,2026-06-13 22:00:00,2026-06-13 23:00:00,6.425432000000000000,ug.m-3,hour,1,3,2026-06-13 22:00:00,,0412754d-d82f-40e7-8191-38857f05891f
IT/SPO.IT0477A_6001_BETA_2022-01-01_00:00:00,6001,2026-06-13 23:00:00,2026-06-14 00:00:00,5.324666000000000000,ug.m-3,hour,1,3,2026-06-13 23:00:00,,34ed9c7a-7a0c-4642-a67f-671c14c216e5
IT/SPO.IT0477A_6001_BETA_2022-01-01_00:00:00,6001,2026-06-14 00:00:00,2026-06-14 01:00:00,5.680812000000000000,ug.m-3,hour,1,3,2026-06-14 00:00:00,,c82f87e1-c96b-414e-a09a-6fd9abd1f56d
IT/SPO.IT0477A_6001_BETA_2022-01-01_00:00:00,6001,2026-06-14 01:00:00,2026-06-14 02:00:00,5.842062000000000000,ug.m-3,hour,1,3,2026-06-14 01:00:00,,f2d79c9f-8f5a-4bfa-baf3-7936d1b4fbda
IT/SPO.IT0477A_6001_BETA_2022-01-01_00:00:00,6001,2026-06-14 02:00:00,2026-06-14 03:00:00,5.598397000000000000,ug.m-3,hour,1,3,2026-06-14 02:00:00,,806440fe-8f78-42ab-8f0d-180557290ee2
IT/SPO.IT0477A_6001_BETA_2022-01-01_00:00:00,6001,2026-06-14 03:00:00,2026-06-14 04:00:00,6.805762000000000000,ug.m-3,hour,1,3,2026-06-14 03:00:00,,928c700a-132b-4747-9440-03cbf1042bb0
IT/SPO.IT0477A_6001_BETA_2022-01-01_00:00:00,6001,2026-06-14 04:00:00,2026-06-14 05:00:00,5.444610000000000000,ug.m-3,hour,1,3,2026-06-14 04:00:00,,7c9a5bcc-81e5-4bb0-bdd5-6ecf006ec0a8
IT/SPO.IT0477A_6001_BETA_2022-01-01_00:00:00,6001,2026-06-14 05:00:00,2026-06-14 06:00:00,4.355688000000000000,ug.m-3,hour,1,3,2026-06-14 05:00:00,,88fdee57-dee0-4f4d-9816-eb7189980387
IT/SPO.IT0477A_6001_BETA_2022-01-01_00:00:00,6001,2026-06-14 06:00:00,2026-06-14 07:00:00,4.426541000000000000,ug.m-3,hour,1,3,2026-06-14 06:00:00,,5c054d14-9403-42f2-bf79-72c6bbbf90b8
IT/SPO.IT0477A_6001_BETA_2022-01-01_00:00:00,6001,2026-06-14 07:00:00,2026-06-14 08:00:00,6.755366000000000000,ug.m-3,hour,1,3,2026-06-14 07:00:00,,9986afcf-b564-43b0-bfcd-a1c0a497acc7
IT/SPO.IT0477A_6001_BETA_2022-01-01_00:00:00,6001,2026-06-14 08:00:00,2026-06-14 09:00:00,5.404293000000000000,ug.m-3,hour,1,3,2026-06-14 08:00:00,,1e856f6d-d99e-43d1-bb18-9ceeb9de6c82
IT/SPO.IT0477A_6001_BETA_2022-01-01_00:00:00,6001,2026-06-14 09:00:00,2026-06-14 10:00:00,4.323434000000000000,ug.m-3,hour,1,3,2026-06-14 09:00:00,,e878868e-f17d-4ce1-9921-041de9ca0a6f
IT/SPO.IT0477A_6001_BETA_2022-01-01_00:00:00,6001,2026-06-14 10:00:00,2026-06-14 11:00:00,4.158075000000000000,ug.m-3,hour,1,3,2026-06-14 10:00:00,,a3317634-2f1d-422e-80bf-971881588b88
IT/SPO.IT0477A_6001_BETA_2022-01-01_00:00:00,6001,2026-06-14 11:00:00,2026-06-14 12:00:00,6.681224000000000000,ug.m-3,hour,1,3,2026-06-14 11:00:00,,0c890f55-6c90-4b6f-a68e-37dfef313621
IT/SPO.IT0477A_6001_BETA_2022-01-01_00:00:00,6001,2026-06-14 12:00:00,2026-06-14 13:00:00,6.973039000000000000,ug.m-3,hour,1,3,2026-06-14 12:00:00,,815b0337-3004-486b-93d0-842af00dce11
IT/SPO.IT0477A_6001_BETA_2022-01-01_00:00:00,6001,2026-06-14 13:00:00,2026-06-14 14:00:00,5.578431000000000000,ug.m-3,hour,1,3,2026-06-14 13:00:00,,4d6d6d24-a909-45ae-9c19-c249284ef575
IT/SPO.IT0477A_6001_BETA_2022-01-01_00:00:00,6001,2026-06-14 14:00:00,2026-06-14 15:00:00,6.736411000000000000,ug.m-3,hour,1,3,2026-06-14 14:00:00,,575eefdd-da0c-44f6-b1b0-b1c678d8bc53
IT/SPO.IT0477A_6001_BETA_2022-01-01_00:00:00,6001,2026-06-14 15:00:00,2026-06-14 16:00:00,7.710226000000000000,ug.m-3,hour,1,3,2026-06-14 15:00:00,,6a8057b3-53bd-4e3f-a1f2-718f6a42abfb
IT/SPO.IT0477A_6001_BETA_2022-01-01_00:00:00,6001,2026-06-14 16:00:00,2026-06-14 17:00:00,6.168180000000000000,ug.m-3,hour,1,3,2026-06-14 16:00:00,,982351ed-de49-4d63-9603-42cf1bc383c3
IT/SPO.IT0477A_6001_BETA_2022-01-01_00:00:00,6001,2026-06-14 17:00:00,2026-06-14 18:00:00,7.754347000000000000,ug.m-3,hour,1,3,2026-06-14 17:00:00,,79db3bb2-8c8e-483b-8cab-182473b3fc47
IT/SPO.IT0477A_6001_BETA_2022-01-01_00:00:00,6001,2026-06-14 18:00:00,2026-06-14 19:00:00,6.203478000000000000,ug.m-3,hour,1,3,2026-06-14 18:00:00,,89d4eb65-07a6-4a12-9017-50fde59c4b9d
IT/SPO.IT0477A_6001_BETA_2022-01-01_00:00:00,6001,2026-06-14 19:00:00,2026-06-14 20:00:00,7.033172000000000000,ug.m-3,hour,1,3,2026-06-14 19:00:00,,8b420c40-d4a1-4683-9606-bad0535f9eb5
IT/SPO.IT0477A_6001_BETA_2022-01-01_00:00:00,6001,2026-06-14 20:00:00,2026-06-14 21:00:00,6.255768000000000000,ug.m-3,hour,1,3,2026-06-14 20:00:00,,36a0df0f-29bb-4e23-bacf-a68f33b071ba
IT/SPO.IT0477A_6001_BETA_2022-01-01_00:00:00,6001,2026-06-14 21:00:00,2026-06-14 22:00:00,5.004614000000000000,ug.m-3,hour,1,3,2026-06-14 21:00:00,,9554b5b1-2b05-4802-9aa3-d946e5ddeee9
IT/SPO.IT0477A_6001_BETA_2022-01-01_00:00:00,6001,2026-06-14 22:00:00,2026-06-14 23:00:00,4.003692000000000000,ug.m-3,hour,1,3,2026-06-14 22:00:00,,c88d8004-2616-4bad-be9d-5fcf802cacbb
IT/SPO.IT0477A_6001_BETA_2022-01-01_00:00:00,6001,2026-06-14 23:00:00,2026-06-15 00:00:00,8.397153000000000000,ug.m-3,hour,1,3,2026-06-14 23:00:00,,f5ba33c0-f70e-4c9e-a7f2-a1ac671dc69e
IT/SPO.IT0477A_6001_BETA_2022-01-01_00:00:00,6001,2026-06-15 00:00:00,2026-06-15 01:00:00,6.717722000000000000,ug.m-3,hour,1,3,2026-06-15 00:00:00,,a6390707-07d9-4920-81e4-971171943c0f
IT/SPO.IT0477A_6001_BETA_2022-01-01_00:00:00,6001,2026-06-15 01:00:00,2026-06-15 02:00:00,9.046108000000000000,ug.m-3,hour,1,3,2026-06-15 01:00:00,,a0848114-49fa-46f0-8e01-f0e59d049c21
IT/SPO.IT0477A_6001_BETA_2022-01-01_00:00:00,6001,2026-06-15 02:00:00,2026-06-15 03:00:00,7.236887000000000000,ug.m-3,hour,1,3,2026-06-15 02:00:00,,d6747c99-10f3-4a41-9fe4-2e0ffe9934a0
IT/SPO.IT0477A_6001_BETA_2022-01-01_00:00:00,6001,2026-06-15 03:00:00,2026-06-15 04:00:00,6.349734000000000000,ug.m-3,hour,1,3,2026-06-15 03:00:00,,6de70b8f-30f3-4954-9f90-069d51bcc0a6
IT/SPO.IT0477A_6001_BETA_2022-01-01_00:00:00,6001,2026-06-15 04:00:00,2026-06-15 05:00:00,6.322913000000000000,ug.m-3,hour,1,3,2026-06-15 04:00:00,,a31aa1fd-50ae-47e0-9b3f-437e992715e2
IT/SPO.IT0477A_6001_BETA_2022-01-01_00:00:00,6001,2026-06-15 05:00:00,2026-06-15 06:00:00,5.583563000000000000,ug.m-3,hour,1,3,2026-06-15 05:00:00,,4f652597-a701-4533-b5ec-bec52586d7ae
IT/SPO.IT0477A_6001_BETA_2022-01-01_00:00:00,6001,2026-06-15 06:00:00,2026-06-15 07:00:00,4.466850000000000000,ug.m-3,hour,1,3,2026-06-15 06:00:00,,322909c0-3829-4b91-8b88-564c2fd73558
IT/SPO.IT0477A_6001_BETA_2022-01-01_00:00:00,6001,2026-06-15 07:00:00,2026-06-15 08:00:00,3.573480000000000000,ug.m-3,hour,1,3,2026-06-15 07:00:00,,6e3702d2-3428-4fab-8306-92bc0fd1d0ab
IT/SPO.IT0477A_6001_BETA_2022-01-01_00:00:00,6001,2026-06-15 08:00:00,2026-06-15 09:00:00,8.343996000000000000,ug.m-3,hour,1,3,2026-06-15 10:00:00,,db0262ac-cdeb-4441-8ef2-b5a7a859b14e
IT/SPO.IT0477A_6001_BETA_2022-01-01_00:00:00,6001,2026-06-15 09:00:00,2026-06-15 10:00:00,8.670891000000000000,ug.m-3,hour,1,3,2026-06-15 10:00:00,,db0262ac-cdeb-4441-8ef2-b5a7a859b14e
IT/SPO.IT0477A_6001_BETA_2022-01-01_00:00:00,6001,2026-06-15 10:00:00,2026-06-15 11:00:00,10.954625000000000000,ug.m-3,hour,1,3,2026-06-15 10:00:00,,db0262ac-cdeb-4441-8ef2-b5a7a859b14e
IT/SPO.IT0477A_6001_BETA_2022-01-01_00:00:00,6001,2026-06-15 11:00:00,2026-06-15 12:00:00,8.763700000000000000,ug.m-3,hour,1,3,2026-06-15 12:00:00,,cd94e2f7-fb19-445a-85d6-a09ce473cebd
IT/SPO.IT0477A_6001_BETA_2022-01-01_00:00:00,6001,2026-06-15 12:00:00,2026-06-15 13:00:00,7.010961000000000000,ug.m-3,hour,1,3,2026-06-15 12:00:00,,cd94e2f7-fb19-445a-85d6-a09ce473cebd
IT/SPO.IT0477A_6001_BETA_2022-01-01_00:00:00,6001,2026-06-15 13:00:00,2026-06-15 14:00:00,5.608768000000000000,ug.m-3,hour,1,3,2026-06-15 13:00:00,,1c3baafc-1c9f-4b60-aa17-da66c9b8c10e
IT/SPO.IT0477A_6001_BETA_2022-01-01_00:00:00,6001,2026-06-15 14:00:00,2026-06-15 15:00:00,4.487015000000000000,ug.m-3,hour,1,3,2026-06-15 14:00:00,,47de3b01-640a-4ec3-9f2d-e15c9173a512
IT/SPO.IT0477A_6001_BETA_2022-01-01_00:00:00,6001,2026-06-15 15:00:00,2026-06-15 16:00:00,3.589612000000000000,ug.m-3,hour,1,3,2026-06-15 16:00:00,,0ab3c3ea-c57b-4425-902b-51ce4d82cb67
IT/SPO.IT0477A_6001_BETA_2022-01-01_00:00:00,6001,2026-06-15 16:00:00,2026-06-15 17:00:00,2.871689000000000000,ug.m-3,hour,1,3,2026-06-15 16:00:00,,0ab3c3ea-c57b-4425-902b-51ce4d82cb67
IT/SPO.IT0477A_6001_BETA_2022-01-01_00:00:00,6001,2026-06-15 17:00:00,2026-06-15 18:00:00,2.297351000000000000,ug.m-3,hour,1,3,2026-06-15 18:00:00,,aab8ffba-b3e8-48b7-a273-5e00c823712f
IT/SPO.IT0477A_6001_BETA_2022-01-01_00:00:00,6001,2026-06-15 18:00:00,2026-06-15 19:00:00,1.837881000000000000,ug.m-3,hour,1,3,2026-06-15 18:00:00,,aab8ffba-b3e8-48b7-a273-5e00c823712f
IT/SPO.IT0477A_6001_BETA_2022-01-01_00:00:00,6001,2026-06-15 19:00:00,2026-06-15 20:00:00,1.470305000000000000,ug.m-3,hour,1,3,2026-06-15 19:00:00,,af0da315-374a-4828-97da-1c87de6a7617
IT/SPO.IT0477A_6001_BETA_2022-01-01_00:00:00,6001,2026-06-15 20:00:00,2026-06-15 21:00:00,1.176244000000000000,ug.m-3,hour,1,3,2026-06-15 20:00:00,,f3573d19-15fb-4457-88a5-b39eb0f51f01
IT/SPO.IT0477A_6001_BETA_2022-01-01_00:00:00,6001,2026-06-15 21:00:00,2026-06-15 22:00:00,5.755946000000000000,ug.m-3,hour,1,3,2026-06-15 21:00:00,,8eb6e951-e68a-4bb9-bee9-93cf304fcbb6
IT/SPO.IT0477A_6001_BETA_2022-01-01_00:00:00,6001,2026-06-15 22:00:00,2026-06-15 23:00:00,4.604756000000000000,ug.m-3,hour,1,3,2026-06-15 22:00:00,,9ff62bb4-fb49-4e9e-9bfd-237e19308932
IT/SPO.IT0477A_6001_BETA_2022-01-01_00:00:00,6001,2026-06-15 23:00:00,2026-06-16 00:00:00,3.683805000000000000,ug.m-3,hour,1,3,2026-06-15 23:00:00,,5d013cb2-1107-46de-94de-f488135bcba2
IT/SPO.IT0477A_6001_BETA_2022-01-01_00:00:00,6001,2026-06-16 00:00:00,2026-06-16 01:00:00,3.699487000000000000,ug.m-3,hour,1,3,2026-06-16 00:00:00,,f09a7d93-e72e-481a-8428-cd327a6f6629
IT/SPO.IT0477A_6001_BETA_2022-01-01_00:00:00,6001,2026-06-16 01:00:00,2026-06-16 02:00:00,7.006670000000000000,ug.m-3,hour,1,3,2026-06-16 01:00:00,,350b6ff5-3a95-4560-bf38-2924e133d5ff
IT/SPO.IT0477A_6001_BETA_2022-01-01_00:00:00,6001,2026-06-16 02:00:00,2026-06-16 03:00:00,8.487993000000000000,ug.m-3,hour,1,3,2026-06-16 02:00:00,,d1101447-5241-406f-8375-aa9f9e43e5ef
IT/SPO.IT0477A_6001_BETA_2022-01-01_00:00:00,6001,2026-06-16 03:00:00,2026-06-16 04:00:00,9.252757000000000000,ug.m-3,hour,1,3,2026-06-16 03:00:00,,281ec58d-21a7-40ff-80ec-8b3012d604c3
IT/SPO.IT0477A_6001_BETA_2022-01-01_00:00:00,6001,2026-06-16 04:00:00,2026-06-16 05:00:00,15.248582000000000000,ug.m-3,hour,1,3,2026-06-16 04:00:00,,2131d02c-a1cc-41cd-a242-fd2e6e79113a
IT/SPO.IT0477A_6001_BETA_2022-01-01_00:00:00,6001,2026-06-16 05:00:00,2026-06-16 06:00:00,15.223571000000000000,ug.m-3,hour,1,3,2026-06-16 05:00:00,,cf8951d5-3a02-419c-bab0-6757389adccb
IT/SPO.IT0477A_6001_BETA_2022-01-01_00:00:00,6001,2026-06-16 06:00:00,2026-06-16 07:00:00,10.656500000000000000,ug.m-3,hour,1,3,2026-06-16 06:00:00,,7e014f11-3713-46e1-abc1-bafc0b7bb01b
IT/SPO.IT0477A_6001_BETA_2022-01-01_00:00:00,6001,2026-06-16 07:00:00,2026-06-16 08:00:00,7.459550000000000000,ug.m-3,hour,1,3,2026-06-16 07:00:00,,0c59644f-3841-4957-b442-968177825aae
IT/SPO.IT0477A_6001_BETA_2022-01-01_00:00:00,6001,2026-06-16 08:00:00,2026-06-16 09:00:00,6.219158000000000000,ug.m-3,hour,1,3,2026-06-16 08:00:00,,ae9614c1-e714-41a7-b20e-ce120ff4db45
IT/SPO.IT0477A_6001_BETA_2022-01-01_00:00:00,6001,2026-06-16 09:00:00,2026-06-16 10:00:00,7.197490000000000000,ug.m-3,hour,1,3,2026-06-16 10:00:00,,5b3fde3e-0cfb-4c34-904a-102af49d8cf6
IT/SPO.IT0477A_6001_BETA_2022-01-01_00:00:00,6001,2026-06-16 10:00:00,2026-06-16 11:00:00,7.574744000000000000,ug.m-3,hour,1,3,2026-06-16 10:00:00,,5b3fde3e-0cfb-4c34-904a-102af49d8cf6
IT/SPO.IT0477A_6001_BETA_2022-01-01_00:00:00,6001,2026-06-16 11:00:00,2026-06-16 12:00:00,11.985811000000000000,ug.m-3,hour,1,3,2026-06-16 12:00:00,,50d35ffb-32f9-4a95-8500-0c939295cbb7
IT/SPO.IT0477A_6001_BETA_2022-01-01_00:00:00,6001,2026-06-16 12:00:00,2026-06-16 13:00:00,10.408584000000000000,ug.m-3,hour,1,3,2026-06-16 12:00:00,,50d35ffb-32f9-4a95-8500-0c939295cbb7
IT/SPO.IT0477A_6001_BETA_2022-01-01_00:00:00,6001,2026-06-16 13:00:00,2026-06-16 14:00:00,14.306897000000000000,ug.m-3,hour,1,3,2026-06-16 13:00:00,,36584167-775f-4818-8e37-9f6949d3a553
IT/SPO.IT0477A_6001_BETA_2022-01-01_00:00:00,6001,2026-06-16 14:00:00,2026-06-16 15:00:00,12.576221000000000000,ug.m-3,hour,1,3,2026-06-16 14:00:00,,3a84db12-64c7-4fab-8029-2eaa64905c8c
IT/SPO.IT0477A_6001_BETA_2022-01-01_00:00:00,6001,2026-06-16 15:00:00,2026-06-16 16:00:00,8.803355000000000000,ug.m-3,hour,1,3,2026-06-16 15:00:00,,e688cd70-9195-419b-9ffa-837c2a3022ac
IT/SPO.IT0477A_6001_BETA_2022-01-01_00:00:00,6001,2026-06-16 16:00:00,2026-06-16 17:00:00,6.759019000000000000,ug.m-3,hour,1,3,2026-06-16 16:00:00,,9ed01803-3eda-4d14-af2c-86a197e3657e
IT/SPO.IT0477A_6001_BETA_2022-01-01_00:00:00,6001,2026-06-16 17:00:00,2026-06-16 18:00:00,5.407215000000000000,ug.m-3,hour,1,3,2026-06-16 17:00:00,,834251ec-60fc-4f50-aaeb-b8ddb6e2f61e
IT/SPO.IT0477A_6001_BETA_2022-01-01_00:00:00,6001,2026-06-16 18:00:00,2026-06-16 19:00:00,4.325772000000000000,ug.m-3,hour,1,3,2026-06-16 18:00:00,,1c0815e9-1705-44b5-ac6b-7451adcc0b94
IT/SPO.IT0477A_6001_BETA_2022-01-01_00:00:00,6001,2026-06-16 19:00:00,2026-06-16 20:00:00,5.788393000000000000,ug.m-3,hour,1,3,2026-06-16 19:00:00,,bfafe8b6-2bc4-4908-84a0-7db29675c893
IT/SPO.IT0477A_6001_BETA_2022-01-01_00:00:00,6001,2026-06-16 20:00:00,2026-06-16 21:00:00,4.630714000000000000,ug.m-3,hour,1,3,2026-06-16 20:00:00,,c2015eb4-63e4-4f80-9660-aaf8d3e05dc2
IT/SPO.IT0477A_6001_BETA_2022-01-01_00:00:00,6001,2026-06-16 21:00:00,2026-06-16 22:00:00,5.136936000000000000,ug.m-3,hour,1,3,2026-06-16 21:00:00,,83f0a76f-f740-417c-8c64-0baf5c8312d8
IT/SPO.IT0477A_6001_BETA_2022-01-01_00:00:00,6001,2026-06-16 22:00:00,2026-06-16 23:00:00,6.881597000000000000,ug.m-3,hour,1,3,2026-06-16 22:00:00,,fa1ee74e-0286-454d-b09f-278c0c814132
IT/SPO.IT0477A_6001_BETA_2022-01-01_00:00:00,6001,2026-06-16 23:00:00,2026-06-17 00:00:00,8.354636000000000000,ug.m-3,hour,1,3,2026-06-16 23:00:00,,43cda1ed-3b6b-4369-89bf-60deefb4e2bc
IT/SPO.IT0477A_6001_BETA_2022-01-01_00:00:00,6001,2026-06-17 00:00:00,2026-06-17 01:00:00,7.806026000000000000,ug.m-3,hour,1,3,2026-06-17 08:00:00,,1be106db-8c9b-4bfd-9f67-cd5cba111667
IT/SPO.IT0477A_6001_BETA_2022-01-01_00:00:00,6001,2026-06-17 01:00:00,2026-06-17 02:00:00,8.106229000000000000,ug.m-3,hour,1,3,2026-06-17 02:00:00,,6a519d55-9e47-47cf-a234-1aaabb451487
IT/SPO.IT0477A_6001_BETA_2022-01-01_00:00:00,6001,2026-06-17 02:00:00,2026-06-17 03:00:00,15.809372000000000000,ug.m-3,hour,1,3,2026-06-17 02:00:00,,6a519d55-9e47-47cf-a234-1aaabb451487
IT/SPO.IT0477A_6001_BETA_2022-01-01_00:00:00,6001,2026-06-17 03:00:00,2026-06-17 04:00:00,11.066560000000000000,ug.m-3,hour,1,3,2026-06-17 03:00:00,,2c40fca2-628b-419e-9d26-45b180886597
IT/SPO.IT0477A_6001_BETA_2022-01-01_00:00:00,6001,2026-06-17 04:00:00,2026-06-17 05:00:00,11.807627000000000000,ug.m-3,hour,1,3,2026-06-17 04:00:00,,5d53ce5d-d4ea-4ef3-a16d-cc22f3baad52
IT/SPO.IT0477A_6001_BETA_2022-01-01_00:00:00,6001,2026-06-17 05:00:00,2026-06-17 06:00:00,8.265339000000000000,ug.m-3,hour,1,3,2026-06-17 05:00:00,,fce67001-3512-4743-94c9-457e47ab706a
IT/SPO.IT0477A_6001_BETA_2022-01-01_00:00:00,6001,2026-06-17 06:00:00,2026-06-17 07:00:00,19.022690000000000000,ug.m-3,hour,1,3,2026-06-17 06:00:00,,48160dd5-5b9e-4840-af31-f76643808394
IT/SPO.IT0477A_6001_BETA_2022-01-01_00:00:00,6001,2026-06-17 07:00:00,2026-06-17 08:00:00,13.315883000000000000,ug.m-3,hour,1,3,2026-06-17 07:00:00,,8ce24944-b09f-4c0a-9c40-8c958b52b458
IT/SPO.IT0477A_6001_BETA_2022-01-01_00:00:00,6001,2026-06-17 08:00:00,2026-06-17 09:00:00,23.226486000000000000,ug.m-3,hour,1,3,2026-06-17 08:00:00,,1be106db-8c9b-4bfd-9f67-cd5cba111667
IT/SPO.IT0477A_6001_BETA_2022-01-01_00:00:00,6001,2026-06-17 09:00:00,2026-06-17 10:00:00,16.258540000000000000,ug.m-3,hour,1,3,2026-06-17 09:00:00,,2cb0341d-f3a5-4565-ad98-f8f8ebc68459
IT/SPO.IT0477A_6001_BETA_2022-01-01_00:00:00,6001,2026-06-17 10:00:00,2026-06-17 11:00:00,12.899144000000000000,ug.m-3,hour,1,3,2026-06-17 10:00:00,,3451df4b-fa64-43cb-8ad1-5bf7357c9159
IT/SPO.IT0477A_6001_BETA_2022-01-01_00:00:00,6001,2026-06-17 11:00:00,2026-06-17 12:00:00,11.649515000000000000,ug.m-3,hour,1,3,2026-06-17 11:00:00,,85ef7441-1d7b-47a4-8026-e6e2ab3c89fb
IT/SPO.IT0477A_6001_BETA_2022-01-01_00:00:00,6001,2026-06-17 12:00:00,2026-06-17 13:00:00,8.154660000000000000,ug.m-3,hour,1,3,2026-06-17 12:00:00,,369864b5-27a0-4595-8f9d-1f90c8d254a8
IT/SPO.IT0477A_6001_BETA_2022-01-01_00:00:00,6001,2026-06-17 13:00:00,2026-06-17 14:00:00,14.697590000000000000,ug.m-3,hour,1,3,2026-06-17 13:00:00,,4b7050cf-6ab6-4e01-ab1d-89350b0403cc
IT/SPO.IT0477A_6001_BETA_2022-01-01_00:00:00,6001,2026-06-17 14:00:00,2026-06-17 15:00:00,10.481600000000000000,ug.m-3,hour,1,3,2026-06-17 14:00:00,,306bf034-3e8a-443d-a72e-798d2ab53ffe
IT/SPO.IT0477A_6001_BETA_2022-01-01_00:00:00,6001,2026-06-17 15:00:00,2026-06-17 16:00:00,7.337120000000000000,ug.m-3,hour,1,3,2026-06-17 15:00:00,,0bde31b8-286d-4161-b7ce-31e6ae331966
IT/SPO.IT0477A_6001_BETA_2022-01-01_00:00:00,6001,2026-06-17 16:00:00,2026-06-17 17:00:00,5.869696000000000000,ug.m-3,hour,1,3,2026-06-17 16:00:00,,48b9ef80-bf12-43fa-8263-2d45ab0d6a4c
IT/SPO.IT0477A_6001_BETA_2022-01-01_00:00:00,6001,2026-06-17 17:00:00,2026-06-17 18:00:00,8.926172000000000000,ug.m-3,hour,1,3,2026-06-17 17:00:00,,f931672f-e432-4f01-a1f8-712a65e5f9e2
IT/SPO.IT0477A_6001_BETA_2022-01-01_00:00:00,6001,2026-06-17 18:00:00,2026-06-17 19:00:00,7.140938000000000000,ug.m-3,hour,1,3,2026-06-17 18:00:00,,bc5d756b-b23e-412b-978e-19d5eafcd6b1
IT/SPO.IT0477A_6001_BETA_2022-01-01_00:00:00,6001,2026-06-17 19:00:00,2026-06-17 20:00:00,7.562907000000000000,ug.m-3,hour,1,3,2026-06-17 19:00:00,,57608672-1e4c-4e9e-a2fd-845c96625bb7
IT/SPO.IT0477A_6001_BETA_2022-01-01_00:00:00,6001,2026-06-17 20:00:00,2026-06-17 21:00:00,8.418541000000000000,ug.m-3,hour,1,3,2026-06-17 20:00:00,,1b19d56f-3adf-42e7-812f-fecdff6f32a5
IT/SPO.IT0477A_6001_BETA_2022-01-01_00:00:00,6001,2026-06-17 21:00:00,2026-06-17 22:00:00,10.104082000000000000,ug.m-3,hour,1,3,2026-06-17 21:00:00,,6d5084a8-8675-4ed2-8b22-7eae7fea619f
IT/SPO.IT0477A_6001_BETA_2022-01-01_00:00:00,6001,2026-06-17 22:00:00,2026-06-17 23:00:00,9.150562000000000000,ug.m-3,hour,1,3,2026-06-17 22:00:00,,e5777c77-bf44-46ae-8259-e8658532224d
IT/SPO.IT0477A_6001_BETA_2022-01-01_00:00:00,6001,2026-06-17 23:00:00,2026-06-18 00:00:00,8.529764000000000000,ug.m-3,hour,1,3,2026-06-17 23:00:00,,db76e233-776a-491b-a4cf-4bff681346cb
IT/SPO.IT0477A_6001_BETA_2022-01-01_00:00:00,6001,2026-06-18 00:00:00,2026-06-18 01:00:00,9.421234000000000000,ug.m-3,hour,1,3,2026-06-18 00:00:00,,559c5318-0901-4bf3-9bd4-a147785f1ccd
IT/SPO.IT0477A_6001_BETA_2022-01-01_00:00:00,6001,2026-06-18 01:00:00,2026-06-18 02:00:00,7.536987000000000000,ug.m-3,hour,1,3,2026-06-18 01:00:00,,3ea4804a-ed0d-4142-bd90-e81c70500321
IT/SPO.IT0477A_6001_BETA_2022-01-01_00:00:00,6001,2026-06-18 02:00:00,2026-06-18 03:00:00,9.037358000000000000,ug.m-3,hour,1,3,2026-06-18 02:00:00,,a71920ab-40ee-40b0-a04f-26812e59092f
IT/SPO.IT0477A_6001_BETA_2022-01-01_00:00:00,6001,2026-06-18 03:00:00,2026-06-18 04:00:00,7.229887000000000000,ug.m-3,hour,1,3,2026-06-18 03:00:00,,9c7d292f-d0e7-4735-be94-46d81d42a3d6
IT/SPO.IT0477A_6001_BETA_2022-01-01_00:00:00,6001,2026-06-18 04:00:00,2026-06-18 05:00:00,8.882782000000000000,ug.m-3,hour,1,3,2026-06-18 04:00:00,,3136bf51-0583-45bd-b7e2-e1b295b0dc7c
IT/SPO.IT0477A_6001_BETA_2022-01-01_00:00:00,6001,2026-06-18 05:00:00,2026-06-18 06:00:00,12.271878000000000000,ug.m-3,hour,1,3,2026-06-18 05:00:00,,781fcabb-de2e-490f-bec3-f37b44378c1c
IT/SPO.IT0477A_6001_BETA_2022-01-01_00:00:00,6001,2026-06-18 06:00:00,2026-06-18 07:00:00,13.347877000000000000,ug.m-3,hour,1,3,2026-06-18 06:00:00,,0604c2c0-e731-4708-9d49-4e43f1222e71
IT/SPO.IT0477A_6001_BETA_2022-01-01_00:00:00,6001,2026-06-18 07:00:00,2026-06-18 08:00:00,11.761648000000000000,ug.m-3,hour,1,3,2026-06-18 07:00:00,,0acefb72-d3a3-48cb-b1da-ae36c7c6befe
IT/SPO.IT0477A_6001_BETA_2022-01-01_00:00:00,6001,2026-06-18 08:00:00,2026-06-18 09:00:00,14.571404000000000000,ug.m-3,hour,1,3,2026-06-18 08:00:00,,e05e840b-e48c-47b0-b6fe-c92cd6fb965c
IT/SPO.IT0477A_6001_BETA_2022-01-01_00:00:00,6001,2026-06-18 09:00:00,2026-06-18 10:00:00,10.270901000000000000,ug.m-3,hour,1,3,2026-06-18 09:00:00,,4eeae648-0e31-496f-b905-8895b47931e4
IT/SPO.IT0477A_6001_BETA_2022-01-01_00:00:00,6001,2026-06-18 10:00:00,2026-06-18 11:00:00,16.000110000000000000,ug.m-3,hour,1,3,2026-06-18 10:00:00,,965d3e84-6a0e-4574-bcc5-67218df3f764
IT/SPO.IT0477A_6001_BETA_2022-01-01_00:00:00,6001,2026-06-18 11:00:00,2026-06-18 12:00:00,14.548100000000000000,ug.m-3,hour,1,3,2026-06-18 11:00:00,,b70ec53a-c577-487b-b40e-ed15a4b094ab
IT/SPO.IT0477A_6001_BETA_2022-01-01_00:00:00,6001,2026-06-18 12:00:00,2026-06-18 13:00:00,22.085644000000000000,ug.m-3,hour,1,3,2026-06-18 12:00:00,,ed06120e-cb26-4c1d-90a0-7ecb63e95d6a
IT/SPO.IT0477A_6001_BETA_2022-01-01_00:00:00,6001,2026-06-18 13:00:00,2026-06-18 14:00:00,15.459949000000000000,ug.m-3,hour,1,3,2026-06-18 13:00:00,,6d54b3ef-5850-47d9-bc60-68305f617165
IT/SPO.IT0477A_6001_BETA_2022-01-01_00:00:00,6001,2026-06-18 14:00:00,2026-06-18 15:00:00,17.998250000000000000,ug.m-3,hour,1,3,2026-06-18 14:00:00,,f8a1c101-1aa1-4398-bdf8-9e7396852482
IT/SPO.IT0477A_6001_BETA_2022-01-01_00:00:00,6001,2026-06-18 15:00:00,2026-06-18 16:00:00,12.598774000000000000,ug.m-3,hour,1,3,2026-06-18 15:00:00,,743ffb3b-c91c-46d5-a9c5-d5a4f656850b
IT/SPO.IT0477A_6001_BETA_2022-01-01_00:00:00,6001,2026-06-18 16:00:00,2026-06-18 17:00:00,8.819141000000000000,ug.m-3,hour,1,3,2026-06-18 16:00:00,,d8162117-118c-4fb4-a333-43868e5ece2d
IT/SPO.IT0477A_6001_BETA_2022-01-01_00:00:00,6001,2026-06-18 17:00:00,2026-06-18 18:00:00,6.173399000000000000,ug.m-3,hour,1,3,2026-06-18 17:00:00,,936556d7-6437-488d-9432-ac42a8c4260f
IT/SPO.IT0477A_6001_BETA_2022-01-01_00:00:00,6001,2026-06-18 18:00:00,2026-06-18 19:00:00,8.693195000000000000,ug.m-3,hour,1,3,2026-06-18 18:00:00,,fbdd171a-1f50-45a8-9709-1973fdce892f
IT/SPO.IT0477A_6001_BETA_2022-01-01_00:00:00,6001,2026-06-18 19:00:00,2026-06-18 20:00:00,6.954556000000000000,ug.m-3,hour,1,3,2026-06-18 19:00:00,,21666310-78db-4d90-b699-26ea28d1da0d
IT/SPO.IT0477A_6001_BETA_2022-01-01_00:00:00,6001,2026-06-18 20:00:00,2026-06-18 21:00:00,10.031816000000000000,ug.m-3,hour,1,3,2026-06-18 20:00:00,,ad354691-118d-4b8b-8ae8-48f6d727bd40
IT/SPO.IT0477A_6001_BETA_2022-01-01_00:00:00,6001,2026-06-18 21:00:00,2026-06-18 22:00:00,9.813298000000000000,ug.m-3,hour,1,3,2026-06-18 21:00:00,,d7b77f74-f8da-4d41-aaa6-3fa12edadc4b
IT/SPO.IT0477A_6001_BETA_2022-01-01_00:00:00,6001,2026-06-18 22:00:00,2026-06-18 23:00:00,10.209523000000000000,ug.m-3,hour,1,3,2026-06-18 22:00:00,,857bd723-89a8-450e-973e-8b242bf1bb3b
IT/SPO.IT0477A_6001_BETA_2022-01-01_00:00:00,6001,2026-06-18 23:00:00,2026-06-19 00:00:00,10.209523000000000000,ug.m-3,hour,1,3,2026-06-18 23:00:00,,ab560701-4d48-466b-bfa4-2558874695ea
IT/SPO.IT0477A_6001_BETA_2022-01-01_00:00:00,6001,2026-06-19 00:00:00,2026-06-19 01:00:00,19.533684000000000000,ug.m-3,hour,1,3,2026-06-19 00:00:00,,6c64c1b5-b72c-4118-8cc7-47a0101b5c44
IT/SPO.IT0477A_6001_BETA_2022-01-01_00:00:00,6001,2026-06-19 01:00:00,2026-06-19 02:00:00,13.673578000000000000,ug.m-3,hour,1,3,2026-06-19 01:00:00,,bd675647-2cad-4a99-a548-77d7480bf2d9
IT/SPO.IT0477A_6001_BETA_2022-01-01_00:00:00,6001,2026-06-19 02:00:00,2026-06-19 03:00:00,13.867336000000000000,ug.m-3,hour,1,3,2026-06-19 02:00:00,,e4d7093e-2fe6-441c-95de-ae5eaee1f366
IT/SPO.IT0477A_6001_BETA_2022-01-01_00:00:00,6001,2026-06-19 03:00:00,2026-06-19 04:00:00,9.707135000000000000,ug.m-3,hour,1,3,2026-06-19 03:00:00,,237862b8-79da-4999-aa5f-d8a9ea18061f
IT/SPO.IT0477A_6001_BETA_2022-01-01_00:00:00,6001,2026-06-19 04:00:00,2026-06-19 05:00:00,28.461819000000000000,ug.m-3,hour,1,3,2026-06-19 04:00:00,,2e56b2a0-ef45-4e30-ac89-dbc88ca3f64e
IT/SPO.IT0477A_6001_BETA_2022-01-01_00:00:00,6001,2026-06-19 05:00:00,2026-06-19 06:00:00,19.923275000000000000,ug.m-3,hour,1,3,2026-06-19 05:00:00,,12f3e9f8-ab34-4c4f-ac6d-52914a403c9c
IT/SPO.IT0477A_6001_BETA_2022-01-01_00:00:00,6001,2026-06-19 06:00:00,2026-06-19 07:00:00,18.450779000000000000,ug.m-3,hour,1,3,2026-06-19 06:00:00,,ac7e6990-04e9-4cd1-bc0f-5bd782ad87e2
IT/SPO.IT0477A_6001_BETA_2022-01-01_00:00:00,6001,2026-06-19 07:00:00,2026-06-19 08:00:00,16.601215000000000000,ug.m-3,hour,1,3,2026-06-19 07:00:00,,dc0a4689-6219-4100-a739-ff55e79103ff
IT/SPO.IT0477A_6001_BETA_2022-01-01_00:00:00,6001,2026-06-19 08:00:00,2026-06-19 09:00:00,16.488968000000000000,ug.m-3,hour,1,3,2026-06-19 08:00:00,,cedcc1aa-ca95-478a-bcfb-841742c575bb
IT/SPO.IT0477A_6001_BETA_2022-01-01_00:00:00,6001,2026-06-19 09:00:00,2026-06-19 10:00:00,18.228682000000000000,ug.m-3,hour,1,3,2026-06-19 09:00:00,,d797f59e-a402-4f30-b23f-4f272ee5c2de
IT/SPO.IT0477A_6001_BETA_2022-01-01_00:00:00,6001,2026-06-19 10:00:00,2026-06-19 11:00:00,20.837023000000000000,ug.m-3,hour,1,3,2026-06-19 10:00:00,,47246c60-6890-4c59-8143-6a54c901e6d3
IT/SPO.IT0477A_6001_BETA_2022-01-01_00:00:00,6001,2026-06-19 11:00:00,2026-06-19 12:00:00,15.659999000000000000,ug.m-3,hour,1,3,2026-06-19 11:00:00,,7f789e50-7127-458c-a763-8c4e12b6eece
IT/SPO.IT0477A_6001_BETA_2022-01-01_00:00:00,6001,2026-06-19 12:00:00,2026-06-19 13:00:00,14.543929000000000000,ug.m-3,hour,1,3,2026-06-19 12:00:00,,92962293-9698-47f1-bfa6-489752eb52ef
IT/SPO.IT0477A_6001_BETA_2022-01-01_00:00:00,6001,2026-06-19 13:00:00,2026-06-19 14:00:00,16.879550000000000000,ug.m-3,hour,1,3,2026-06-19 13:00:00,,c18aefdf-15c9-4e0c-9219-17d78d6e47da
IT/SPO.IT0477A_6001_BETA_2022-01-01_00:00:00,6001,2026-06-19 14:00:00,2026-06-19 15:00:00,14.203603000000000000,ug.m-3,hour,1,3,2026-06-19 14:00:00,,2595a004-87ca-433a-8af1-5c4dc3b89b11
IT/SPO.IT0477A_6001_BETA_2022-01-01_00:00:00,6001,2026-06-19 15:00:00,2026-06-19 16:00:00,14.379612000000000000,ug.m-3,hour,1,3,2026-06-19 15:00:00,,1b43d3b9-c476-4df5-9e03-16c77b63afb1
IT/SPO.IT0477A_6001_BETA_2022-01-01_00:00:00,6001,2026-06-19 16:00:00,2026-06-19 17:00:00,12.457269000000000000,ug.m-3,hour,1,3,2026-06-19 16:00:00,,f6a1b78d-a069-4b21-9c04-285e7ac15b20
IT/SPO.IT0477A_6001_BETA_2022-01-01_00:00:00,6001,2026-06-19 17:00:00,2026-06-19 18:00:00,13.635645000000000000,ug.m-3,hour,1,3,2026-06-19 17:00:00,,81d5ce04-c3bd-4514-8ad9-128e472cc504
IT/SPO.IT0477A_6001_BETA_2022-01-01_00:00:00,6001,2026-06-19 18:00:00,2026-06-19 19:00:00,13.709977000000000000,ug.m-3,hour,1,3,2026-06-19 18:00:00,,7b79be95-c560-444c-a38e-3818bd983388
IT/SPO.IT0477A_6001_BETA_2022-01-01_00:00:00,6001,2026-06-19 19:00:00,2026-06-19 20:00:00,11.663850000000000000,ug.m-3,hour,1,3,2026-06-19 19:00:00,,b8bcb366-13ce-4ec2-92dc-80741dc5f321
IT/SPO.IT0477A_6001_BETA_2022-01-01_00:00:00,6001,2026-06-19 20:00:00,2026-06-19 21:00:00,12.033765000000000000,ug.m-3,hour,1,3,2026-06-19 20:00:00,,8f9eb2b5-373b-4a29-8f50-38199e7a4515
IT/SPO.IT0477A_6001_BETA_2022-01-01_00:00:00,6001,2026-06-19 21:00:00,2026-06-19 22:00:00,17.213306000000000000,ug.m-3,hour,1,3,2026-06-19 21:00:00,,32fb1eae-5bdd-470b-9742-08af61e03089
IT/SPO.IT0477A_6001_BETA_2022-01-01_00:00:00,6001,2026-06-19 22:00:00,2026-06-19 23:00:00,12.049314000000000000,ug.m-3,hour,1,3,2026-06-19 22:00:00,,9540c274-f7e3-4d2d-b17f-b43d4184e242
IT/SPO.IT0477A_6001_BETA_2022-01-01_00:00:00,6001,2026-06-19 23:00:00,2026-06-20 00:00:00,22.025196000000000000,ug.m-3,hour,1,3,2026-06-19 23:00:00,,b1aee68c-804b-402f-9311-7bddafde162d
IT/SPO.IT0477A_6001_BETA_2022-01-01_00:00:00,6001,2026-06-20 00:00:00,2026-06-20 01:00:00,22.892075000000000000,ug.m-3,hour,1,3,2026-06-20 00:00:00,,5683e0e8-d049-4961-8c8c-0d262fd0be9e
IT/SPO.IT0477A_6001_BETA_2022-01-01_00:00:00,6001,2026-06-20 01:00:00,2026-06-20 02:00:00,16.024452000000000000,ug.m-3,hour,1,3,2026-06-20 01:00:00,,c8c9d040-4ab4-40e1-bb70-5a8ee5f7efbd
IT/SPO.IT0477A_6001_BETA_2022-01-01_00:00:00,6001,2026-06-20 02:00:00,2026-06-20 03:00:00,13.131156000000000000,ug.m-3,hour,1,3,2026-06-20 02:00:00,,c807c16a-fb01-45ac-a444-82a8b7ff8086
IT/SPO.IT0477A_6001_BETA_2022-01-01_00:00:00,6001,2026-06-20 03:00:00,2026-06-20 04:00:00,12.318844000000000000,ug.m-3,hour,1,3,2026-06-20 03:00:00,,8ddea3be-b875-4149-91fd-471997817113
IT/SPO.IT0477A_6001_BETA_2022-01-01_00:00:00,6001,2026-06-20 04:00:00,2026-06-20 05:00:00,14.751741000000000000,ug.m-3,hour,1,3,2026-06-20 04:00:00,,ade49515-f04e-494c-a9bb-d8effebea284
IT/SPO.IT0477A_6001_BETA_2022-01-01_00:00:00,6001,2026-06-20 05:00:00,2026-06-20 06:00:00,10.326219000000000000,ug.m-3,hour,1,3,2026-06-20 05:00:00,,e34d1057-a24e-4d04-8ea8-cd6031731d40
IT/SPO.IT0477A_6001_BETA_2022-01-01_00:00:00,6001,2026-06-20 06:00:00,2026-06-20 07:00:00,11.370336000000000000,ug.m-3,hour,1,3,2026-06-20 06:00:00,,48e85ec4-7f3b-47d9-9a2d-d05340c0c769
IT/SPO.IT0477A_6001_BETA_2022-01-01_00:00:00,6001,2026-06-20 07:00:00,2026-06-20 08:00:00,15.044613000000000000,ug.m-3,hour,1,3,2026-06-20 07:00:00,,e7b6d084-2444-4753-bfb9-8bd997546b0a
IT/SPO.IT0477A_6001_BETA_2022-01-01_00:00:00,6001,2026-06-20 08:00:00,2026-06-20 09:00:00,19.640444000000000000,ug.m-3,hour,1,3,2026-06-20 08:00:00,,55fd8dd1-a397-4c67-a7d7-2374f3504265
IT/SPO.IT0477A_6001_BETA_2022-01-01_00:00:00,6001,2026-06-20 09:00:00,2026-06-20 10:00:00,13.748309000000000000,ug.m-3,hour,1,3,2026-06-20 09:00:00,,6f246cd9-c52b-4da7-a10a-b5c2a4a7ac57
IT/SPO.IT0477A_6001_BETA_2022-01-01_00:00:00,6001,2026-06-20 10:00:00,2026-06-20 11:00:00,9.623816000000000000,ug.m-3,hour,1,3,2026-06-20 10:00:00,,0200382a-8399-41f2-a17c-fe6d61b1c808
IT/SPO.IT0477A_6001_BETA_2022-01-01_00:00:00,6001,2026-06-20 11:00:00,2026-06-20 12:00:00,6.736671000000000000,ug.m-3,hour,1,3,2026-06-20 11:00:00,,62155ea9-93d7-417d-9b8b-9fbd21c4a94f
IT/SPO.IT0477A_6001_BETA_2022-01-01_00:00:00,6001,2026-06-20 12:00:00,2026-06-20 13:00:00,10.907101000000000000,ug.m-3,hour,1,3,2026-06-20 12:00:00,,ca8ad3b4-5c3a-43a0-8e70-73b9872246b3
IT/SPO.IT0477A_6001_BETA_2022-01-01_00:00:00,6001,2026-06-20 13:00:00,2026-06-20 14:00:00,8.725680000000000000,ug.m-3,hour,1,3,2026-06-20 13:00:00,,6ae9c9de-7da7-4f1e-b5c2-ced682aed97e
IT/SPO.IT0477A_6001_BETA_2022-01-01_00:00:00,6001,2026-06-20 14:00:00,2026-06-20 15:00:00,18.140505000000000000,ug.m-3,hour,1,3,2026-06-20 14:00:00,,d45cde03-0436-4435-bc61-0e1b78ad4151
IT/SPO.IT0477A_6001_BETA_2022-01-01_00:00:00,6001,2026-06-20 15:00:00,2026-06-20 16:00:00,13.191321000000000000,ug.m-3,hour,1,3,2026-06-20 15:00:00,,7baa1e07-ca24-4cc3-812b-8f34b47a99d5
IT/SPO.IT0477A_6001_BETA_2022-01-01_00:00:00,6001,2026-06-20 16:00:00,2026-06-20 17:00:00,18.384930000000000000,ug.m-3,hour,1,3,2026-06-20 16:00:00,,eab0639c-734d-446e-8b9e-88483bd75234
IT/SPO.IT0477A_6001_BETA_2022-01-01_00:00:00,6001,2026-06-20 17:00:00,2026-06-20 18:00:00,23.094522000000000000,ug.m-3,hour,1,3,2026-06-20 17:00:00,,e79f5908-39cf-4921-88f1-6047756463e0
IT/SPO.IT0477A_6001_BETA_2022-01-01_00:00:00,6001,2026-06-20 18:00:00,2026-06-20 19:00:00,16.437878000000000000,ug.m-3,hour,1,3,2026-06-20 18:00:00,,15d2ffe9-abc9-4ce3-8e54-c79f16fa0ee4
IT/SPO.IT0477A_6001_BETA_2022-01-01_00:00:00,6001,2026-06-20 19:00:00,2026-06-20 20:00:00,15.718835000000000000,ug.m-3,hour,1,3,2026-06-20 19:00:00,,e2063028-751b-4051-a425-df973a278db0
IT/SPO.IT0477A_6001_BETA_2022-01-01_00:00:00,6001,2026-06-20 20:00:00,2026-06-20 21:00:00,11.003184000000000000,ug.m-3,hour,1,3,2026-06-20 20:00:00,,b35a52fd-44dc-4aa7-871d-757309baf1e3
IT/SPO.IT0477A_6001_BETA_2022-01-01_00:00:00,6001,2026-06-20 21:00:00,2026-06-20 22:00:00,12.018271000000000000,ug.m-3,hour,1,3,2026-06-20 21:00:00,,6f8a9512-31e7-465b-a9f3-b66ab5407d36
IT/SPO.IT0477A_6001_BETA_2022-01-01_00:00:00,6001,2026-06-20 22:00:00,2026-06-20 23:00:00,17.713000000000000000,ug.m-3,hour,1,3,2026-06-20 22:00:00,,1255b3fd-7189-4057-b56c-989bd49a1630
IT/SPO.IT0477A_6001_BETA_2022-01-01_00:00:00,6001,2026-06-20 23:00:00,2026-06-21 00:00:00,22.134459000000000000,ug.m-3,hour,1,3,2026-06-20 23:00:00,,f7a54283-1746-4ca1-942c-c4ac72e0fe3c
IT/SPO.IT0477A_6001_BETA_2022-01-01_00:00:00,6001,2026-06-21 00:00:00,2026-06-21 01:00:00,15.494121000000000000,ug.m-3,hour,1,3,2026-06-21 08:00:00,,a740e820-fa34-49e8-9dfe-0b98f235080d
IT/SPO.IT0477A_6001_BETA_2022-01-01_00:00:00,6001,2026-06-21 01:00:00,2026-06-21 02:00:00,17.216032000000000000,ug.m-3,hour,1,3,2026-06-21 08:00:00,,a740e820-fa34-49e8-9dfe-0b98f235080d
IT/SPO.IT0477A_6001_BETA_2022-01-01_00:00:00,6001,2026-06-21 02:00:00,2026-06-21 03:00:00,12.798223000000000000,ug.m-3,hour,1,3,2026-06-21 08:00:00,,a740e820-fa34-49e8-9dfe-0b98f235080d
IT/SPO.IT0477A_6001_BETA_2022-01-01_00:00:00,6001,2026-06-21 03:00:00,2026-06-21 04:00:00,9.915113000000000000,ug.m-3,hour,1,3,2026-06-21 08:00:00,,a740e820-fa34-49e8-9dfe-0b98f235080d
IT/SPO.IT0477A_6001_BETA_2022-01-01_00:00:00,6001,2026-06-21 04:00:00,2026-06-21 05:00:00,12.427439000000000000,ug.m-3,hour,1,3,2026-06-21 08:00:00,,a740e820-fa34-49e8-9dfe-0b98f235080d
IT/SPO.IT0477A_6001_BETA_2022-01-01_00:00:00,6001,2026-06-21 05:00:00,2026-06-21 06:00:00,11.766895000000000000,ug.m-3,hour,1,3,2026-06-21 08:00:00,,a740e820-fa34-49e8-9dfe-0b98f235080d
IT/SPO.IT0477A_6001_BETA_2022-01-01_00:00:00,6001,2026-06-21 06:00:00,2026-06-21 07:00:00,13.034791000000000000,ug.m-3,hour,1,3,2026-06-21 08:00:00,,a740e820-fa34-49e8-9dfe-0b98f235080d
IT/SPO.IT0477A_6001_BETA_2022-01-01_00:00:00,6001,2026-06-21 07:00:00,2026-06-21 08:00:00,12.273425000000000000,ug.m-3,hour,1,3,2026-06-21 08:00:00,,a740e820-fa34-49e8-9dfe-0b98f235080d
IT/SPO.IT0477A_6001_BETA_2022-01-01_00:00:00,6001,2026-06-21 08:00:00,2026-06-21 09:00:00,14.322652000000000000,ug.m-3,hour,1,3,2026-06-21 08:00:00,,a740e820-fa34-49e8-9dfe-0b98f235080d
IT/SPO.IT0477A_6001_BETA_2022-01-01_00:00:00,6001,2026-06-21 09:00:00,2026-06-21 10:00:00,10.025857000000000000,ug.m-3,hour,1,3,2026-06-21 09:00:00,,674a9c65-2b6b-4181-8880-9d93dae5a1d1
IT/SPO.IT0477A_6001_BETA_2022-01-01_00:00:00,6001,2026-06-21 10:00:00,2026-06-21 11:00:00,14.427174000000000000,ug.m-3,hour,1,3,2026-06-21 10:00:00,,05ffd6fa-759a-438d-88e8-1172a70169e6
IT/SPO.IT0477A_6001_BETA_2022-01-01_00:00:00,6001,2026-06-21 11:00:00,2026-06-21 12:00:00,12.331044000000000000,ug.m-3,hour,1,3,2026-06-21 11:00:00,,11e539a4-5b8b-45fb-91ec-b18936885dbd
IT/SPO.IT0477A_6001_BETA_2022-01-01_00:00:00,6001,2026-06-21 12:00:00,2026-06-21 13:00:00,14.130834000000000000,ug.m-3,hour,1,3,2026-06-21 12:00:00,,8e5cb692-51bc-4f8a-8aef-72fb67d39d1f
IT/SPO.IT0477A_6001_BETA_2022-01-01_00:00:00,6001,2026-06-21 13:00:00,2026-06-21 14:00:00,11.036489000000000000,ug.m-3,hour,1,3,2026-06-21 13:00:00,,f6527daf-4d6f-4c3f-8c60-d9b7e69afb69
IT/SPO.IT0477A_6001_BETA_2022-01-01_00:00:00,6001,2026-06-21 14:00:00,2026-06-21 15:00:00,8.590068000000000000,ug.m-3,hour,1,3,2026-06-21 14:00:00,,b9c1922c-b8ae-4d1d-9916-299382e67910
IT/SPO.IT0477A_6001_BETA_2022-01-01_00:00:00,6001,2026-06-21 15:00:00,2026-06-21 16:00:00,18.696940000000000000,ug.m-3,hour,1,3,2026-06-21 15:00:00,,b159848b-4ca4-402a-aaa9-3004a6d4899f
IT/SPO.IT0477A_6001_BETA_2022-01-01_00:00:00,6001,2026-06-21 16:00:00,2026-06-21 17:00:00,13.087857000000000000,ug.m-3,hour,1,3,2026-06-21 16:00:00,,ad9c6045-f2ad-46c7-8166-bcf83f472321
IT/SPO.IT0477A_6001_BETA_2022-01-01_00:00:00,6001,2026-06-21 17:00:00,2026-06-21 18:00:00,11.782294000000000000,ug.m-3,hour,1,3,2026-06-21 17:00:00,,e568e6a1-7dab-41d4-8422-3ccf005886d3
IT/SPO.IT0477A_6001_BETA_2022-01-01_00:00:00,6001,2026-06-21 18:00:00,2026-06-21 19:00:00,8.247606000000000000,ug.m-3,hour,1,3,2026-06-21 18:00:00,,f290aa13-ce16-4b9a-8b6c-167faa31cddc
IT/SPO.IT0477A_6001_BETA_2022-01-01_00:00:00,6001,2026-06-21 19:00:00,2026-06-21 20:00:00,10.289881000000000000,ug.m-3,hour,1,3,2026-06-21 19:00:00,,586136fc-7c2d-4d0d-acef-046cc677b817
IT/SPO.IT0477A_6001_BETA_2022-01-01_00:00:00,6001,2026-06-21 20:00:00,2026-06-21 21:00:00,8.231905000000000000,ug.m-3,hour,1,3,2026-06-21 20:00:00,,32203a16-b325-450b-9006-896b8a8a422d
IT/SPO.IT0477A_6001_BETA_2022-01-01_00:00:00,6001,2026-06-21 21:00:00,2026-06-21 22:00:00,16.454285000000000000,ug.m-3,hour,1,3,2026-06-21 21:00:00,,d8012843-e6c3-493a-97c0-8604c7369d72
IT/SPO.IT0477A_6001_BETA_2022-01-01_00:00:00,6001,2026-06-21 22:00:00,2026-06-21 23:00:00,13.796812000000000000,ug.m-3,hour,1,3,2026-06-21 22:00:00,,03c176ee-3d5a-405a-9d6d-f28e2538e009
IT/SPO.IT0477A_6001_BETA_2022-01-01_00:00:00,6001,2026-06-21 23:00:00,2026-06-22 00:00:00,11.238662000000000000,ug.m-3,hour,1,3,2026-06-21 23:00:00,,41b6a44f-3fbe-49b1-b1e1-51798d8bd0bd
IT/SPO.IT0477A_6001_BETA_2022-01-01_00:00:00,6001,2026-06-22 00:00:00,2026-06-22 01:00:00,14.038109000000000000,ug.m-3,hour,1,3,2026-06-22 00:00:00,,84666074-1d63-43fb-81f3-733f36d8483d
IT/SPO.IT0477A_6001_BETA_2022-01-01_00:00:00,6001,2026-06-22 01:00:00,2026-06-22 02:00:00,12.897109000000000000,ug.m-3,hour,1,3,2026-06-22 01:00:00,,dfefb736-d8c7-4fb5-9ee1-910febbbf5b2
IT/SPO.IT0477A_6001_BETA_2022-01-01_00:00:00,6001,2026-06-22 02:00:00,2026-06-22 03:00:00,9.046159000000000000,ug.m-3,hour,1,3,2026-06-22 02:00:00,,584fb94e-0a5f-4ac5-974b-d72edfae73ab
IT/SPO.IT0477A_6001_BETA_2022-01-01_00:00:00,6001,2026-06-22 03:00:00,2026-06-22 04:00:00,14.723678000000000000,ug.m-3,hour,1,3,2026-06-22 03:00:00,,53d34fbd-f570-47ca-8d15-f04373c59300
IT/SPO.IT0477A_6001_BETA_2022-01-01_00:00:00,6001,2026-06-22 04:00:00,2026-06-22 05:00:00,17.950413000000000000,ug.m-3,hour,1,3,2026-06-22 04:00:00,,cd1bf5d8-4de9-434a-a769-7c1041724d42
IT/SPO.IT0477A_6001_BETA_2022-01-01_00:00:00,6001,2026-06-22 05:00:00,2026-06-22 06:00:00,12.565288000000000000,ug.m-3,hour,1,3,2026-06-22 05:00:00,,9552c16c-d7f2-439d-b43d-7c7e0b46024b
IT/SPO.IT0477A_6001_BETA_2022-01-01_00:00:00,6001,2026-06-22 06:00:00,2026-06-22 07:00:00,9.505638000000000000,ug.m-3,hour,1,3,2026-06-22 06:00:00,,55bd08c7-8562-4f92-90a6-a72954c74f04
IT/SPO.IT0477A_6001_BETA_2022-01-01_00:00:00,6001,2026-06-22 07:00:00,2026-06-22 08:00:00,6.653946000000000000,ug.m-3,hour,1,3,2026-06-22 07:00:00,,1d3748d5-9875-4a20-9418-20cf14eedd8c
IT/SPO.IT0477A_6001_BETA_2022-01-01_00:00:00,6001,2026-06-22 08:00:00,2026-06-22 09:00:00,12.135471000000000000,ug.m-3,hour,1,3,2026-06-22 08:00:00,,c8d922cc-970f-41ec-97b7-bb522ef73d90
IT/SPO.IT0477A_6001_BETA_2022-01-01_00:00:00,6001,2026-06-22 09:00:00,2026-06-22 10:00:00,9.708377000000000000,ug.m-3,hour,1,3,2026-06-22 09:00:00,,8f4eb16c-85ea-48d8-b3ea-c8c4cc50fd7c
IT/SPO.IT0477A_6001_BETA_2022-01-01_00:00:00,6001,2026-06-22 10:00:00,2026-06-22 11:00:00,16.846153000000000000,ug.m-3,hour,1,3,2026-06-22 10:00:00,,14038b15-da38-43bd-9fb2-710680ba5943
IT/SPO.IT0477A_6001_BETA_2022-01-01_00:00:00,6001,2026-06-22 11:00:00,2026-06-22 12:00:00,15.844295000000000000,ug.m-3,hour,1,3,2026-06-22 11:00:00,,07de136f-1430-42c0-842a-e3c669014ab8
IT/SPO.IT0477A_6001_BETA_2022-01-01_00:00:00,6001,2026-06-22 12:00:00,2026-06-22 13:00:00,14.035200000000000000,ug.m-3,hour,1,3,2026-06-22 12:00:00,,1711bad0-285b-4bc2-96ea-7b34bc2a3228
IT/SPO.IT0477A_6001_BETA_2022-01-01_00:00:00,6001,2026-06-22 13:00:00,2026-06-22 14:00:00,13.153193000000000000,ug.m-3,hour,1,3,2026-06-22 13:00:00,,09a7d006-4b1f-4e09-a262-ec400cda7fa4
IT/SPO.IT0477A_6001_BETA_2022-01-01_00:00:00,6001,2026-06-22 14:00:00,2026-06-22 15:00:00,12.338659000000000000,ug.m-3,hour,1,3,2026-06-22 14:00:00,,8077f413-dc52-484c-8eba-b105b4d75603
IT/SPO.IT0477A_6001_BETA_2022-01-01_00:00:00,6001,2026-06-22 15:00:00,2026-06-22 16:00:00,12.022358000000000000,ug.m-3,hour,1,3,2026-06-22 15:00:00,,3f963537-3774-450c-a82b-3488098fda9f
IT/SPO.IT0477A_6001_BETA_2022-01-01_00:00:00,6001,2026-06-22 16:00:00,2026-06-22 17:00:00,8.415650000000000000,ug.m-3,hour,1,3,2026-06-22 16:00:00,,57827853-817f-4467-bdd4-27b302caefe2
IT/SPO.IT0477A_6001_BETA_2022-01-01_00:00:00,6001,2026-06-22 17:00:00,2026-06-22 18:00:00,15.888607000000000000,ug.m-3,hour,1,3,2026-06-22 17:00:00,,11f0aed5-c1d2-45e5-997e-d1b8e9cfaa10
IT/SPO.IT0477A_6001_BETA_2022-01-01_00:00:00,6001,2026-06-22 18:00:00,2026-06-22 19:00:00,14.031379000000000000,ug.m-3,hour,1,3,2026-06-22 18:00:00,,6149228f-9148-41eb-a853-298dc0aa8f3b
IT/SPO.IT0477A_6001_BETA_2022-01-01_00:00:00,6001,2026-06-22 19:00:00,2026-06-22 20:00:00,18.515532000000000000,ug.m-3,hour,1,3,2026-06-22 19:00:00,,c7832b01-1d63-4ed1-9460-d971bf48f6b3
IT/SPO.IT0477A_6001_BETA_2022-01-01_00:00:00,6001,2026-06-22 20:00:00,2026-06-22 21:00:00,12.960872000000000000,ug.m-3,hour,1,3,2026-06-22 20:00:00,,874a3e19-68d7-4313-9757-f343b2e56e68
IT/SPO.IT0477A_6001_BETA_2022-01-01_00:00:00,6001,2026-06-22 21:00:00,2026-06-22 22:00:00,9.072610000000000000,ug.m-3,hour,1,3,2026-06-22 21:00:00,,a977b972-4cb4-4fd3-aa79-42d84d739618
IT/SPO.IT0477A_6001_BETA_2022-01-01_00:00:00,6001,2026-06-22 22:00:00,2026-06-22 23:00:00,16.662086000000000000,ug.m-3,hour,1,3,2026-06-22 22:00:00,,7adc991b-4ac3-41ae-adee-9042038d6f63
IT/SPO.IT0477A_6001_BETA_2022-01-01_00:00:00,6001,2026-06-22 23:00:00,2026-06-23 00:00:00,45.451824000000000000,ug.m-3,hour,1,3,2026-06-22 23:00:00,,a96f1ba2-7a0d-4f1a-8c10-39e0cea9b0ba
IT/SPO.IT0477A_6001_BETA_2022-01-01_00:00:00,6001,2026-06-23 00:00:00,2026-06-23 01:00:00,31.870558000000000000,ug.m-3,hour,1,3,2026-06-23 00:00:00,,c5bcd0f6-e166-482e-b139-d4e3e34d0e91
IT/SPO.IT0477A_6001_BETA_2022-01-01_00:00:00,6001,2026-06-23 01:00:00,2026-06-23 02:00:00,22.309393000000000000,ug.m-3,hour,1,3,2026-06-23 01:00:00,,e4bfa784-4e34-4f7b-88a1-f49853a2e9f9
IT/SPO.IT0477A_6001_BETA_2022-01-01_00:00:00,6001,2026-06-23 02:00:00,2026-06-23 03:00:00,21.503025000000000000,ug.m-3,hour,1,3,2026-06-23 02:00:00,,66b8ce8f-731e-40e0-acc7-4ee9d4efe044
IT/SPO.IT0477A_6001_BETA_2022-01-01_00:00:00,6001,2026-06-23 03:00:00,2026-06-23 04:00:00,19.911934000000000000,ug.m-3,hour,1,3,2026-06-23 03:00:00,,daf76291-1a01-4740-9521-48c966353eb2
IT/SPO.IT0477A_6001_BETA_2022-01-01_00:00:00,6001,2026-06-23 04:00:00,2026-06-23 05:00:00,19.200620000000000000,ug.m-3,hour,1,3,2026-06-23 04:00:00,,5dbc513c-3c17-4c32-b480-85f1fd9748b5
IT/SPO.IT0477A_6001_BETA_2022-01-01_00:00:00,6001,2026-06-23 05:00:00,2026-06-23 06:00:00,13.440434000000000000,ug.m-3,hour,1,3,2026-06-23 05:00:00,,01fc7744-9df3-49ef-8392-022b977ec7fa
IT/SPO.IT0477A_6001_BETA_2022-01-01_00:00:00,6001,2026-06-23 06:00:00,2026-06-23 07:00:00,9.529564000000000000,ug.m-3,hour,1,3,2026-06-23 06:00:00,,6a755cca-866c-4f0c-9154-e039b61da914
IT/SPO.IT0477A_6001_BETA_2022-01-01_00:00:00,6001,2026-06-23 07:00:00,2026-06-23 08:00:00,16.284788000000000000,ug.m-3,hour,1,3,2026-06-23 07:00:00,,6b08b3ef-c70e-44f4-a3c8-1d6ed92932c5
IT/SPO.IT0477A_6001_BETA_2022-01-01_00:00:00,6001,2026-06-23 08:00:00,2026-06-23 09:00:00,15.995984000000000000,ug.m-3,hour,1,3,2026-06-23 08:00:00,,48751e71-7895-4ad1-af4a-90d688515614
IT/SPO.IT0477A_6001_BETA_2022-01-01_00:00:00,6001,2026-06-23 09:00:00,2026-06-23 10:00:00,15.018372000000000000,ug.m-3,hour,1,3,2026-06-23 09:00:00,,d9e93f2b-bcaa-4970-967a-e4b4f68f4077
IT/SPO.IT0477A_6001_BETA_2022-01-01_00:00:00,6001,2026-06-23 10:00:00,2026-06-23 11:00:00,16.580046000000000000,ug.m-3,hour,1,3,2026-06-23 10:00:00,,125a2875-3758-4664-9fc8-10def626ca43
IT/SPO.IT0477A_6001_BETA_2022-01-01_00:00:00,6001,2026-06-23 11:00:00,2026-06-23 12:00:00,11.606031000000000000,ug.m-3,hour,1,3,2026-06-23 11:00:00,,7cab9f6f-0f93-45ac-9702-0b891accdbd7
IT/SPO.IT0477A_6001_BETA_2022-01-01_00:00:00,6001,2026-06-23 12:00:00,2026-06-23 13:00:00,16.003956000000000000,ug.m-3,hour,1,3,2026-06-23 12:00:00,,0cd3cb7e-7814-4ea2-9b77-2bf892ef5f95
IT/SPO.IT0477A_6001_BETA_2022-01-01_00:00:00,6001,2026-06-23 13:00:00,2026-06-23 14:00:00,15.868890000000000000,ug.m-3,hour,1,3,2026-06-23 13:00:00,,88a7cc65-64ff-45a6-b46b-cb3129e1bcc1
IT/SPO.IT0477A_6001_BETA_2022-01-01_00:00:00,6001,2026-06-23 14:00:00,2026-06-23 15:00:00,11.108223000000000000,ug.m-3,hour,1,3,2026-06-23 14:00:00,,3b07080f-24f0-4c3f-9f09-6d503005bba7
IT/SPO.IT0477A_6001_BETA_2022-01-01_00:00:00,6001,2026-06-23 15:00:00,2026-06-23 16:00:00,10.720022000000000000,ug.m-3,hour,1,3,2026-06-23 15:00:00,,8276993f-7ffa-40dc-bc5d-8ec116fa05c9
IT/SPO.IT0477A_6001_BETA_2022-01-01_00:00:00,6001,2026-06-23 16:00:00,2026-06-23 17:00:00,14.752057000000000000,ug.m-3,hour,1,3,2026-06-23 16:00:00,,77a589b8-4081-4c79-97a6-6deabb0dfbd2
IT/SPO.IT0477A_6001_BETA_2022-01-01_00:00:00,6001,2026-06-23 17:00:00,2026-06-23 18:00:00,10.326440000000000000,ug.m-3,hour,1,3,2026-06-23 17:00:00,,d79251d9-13a0-468c-82e7-49fd0cce9f75
IT/SPO.IT0477A_6001_BETA_2022-01-01_00:00:00,6001,2026-06-23 18:00:00,2026-06-23 19:00:00,7.228508000000000000,ug.m-3,hour,1,3,2026-06-23 18:00:00,,a57b3fac-a136-4ad4-8d13-1bb78e7124c6
IT/SPO.IT0477A_6001_BETA_2022-01-01_00:00:00,6001,2026-06-23 19:00:00,2026-06-23 20:00:00,12.311881000000000000,ug.m-3,hour,1,3,2026-06-23 19:00:00,,18257b7d-fe62-4e65-b4be-9e26d059e9ed
IT/SPO.IT0477A_6001_BETA_2022-01-01_00:00:00,6001,2026-06-23 20:00:00,2026-06-23 21:00:00,10.878507000000000000,ug.m-3,hour,1,3,2026-06-23 20:00:00,,8c9afeb8-3e00-4821-9699-712f37680662
IT/SPO.IT0477A_6001_BETA_2022-01-01_00:00:00,6001,2026-06-23 21:00:00,2026-06-23 22:00:00,11.471247000000000000,ug.m-3,hour,1,3,2026-06-23 21:00:00,,3d5da5d0-c0b8-450d-9c80-d57c4675d415
IT/SPO.IT0477A_6001_BETA_2022-01-01_00:00:00,6001,2026-06-23 22:00:00,2026-06-23 23:00:00,17.509897000000000000,ug.m-3,hour,1,3,2026-06-23 22:00:00,,b6ef23d0-ab15-4686-9f74-1da5c55381b4
IT/SPO.IT0477A_6001_BETA_2022-01-01_00:00:00,6001,2026-06-23 23:00:00,2026-06-24 00:00:00,15.082254000000000000,ug.m-3,hour,1,3,2026-06-23 23:00:00,,ec4b7099-2ef1-454b-b84c-614bb01b83f5
IT/SPO.IT0477A_6001_BETA_2022-01-01_00:00:00,6001,2026-06-24 00:00:00,2026-06-24 01:00:00,15.638627000000000000,ug.m-3,hour,1,3,2026-06-24 00:00:00,,3c13de3b-b781-4566-a76b-6295a1e316f8
IT/SPO.IT0477A_6001_BETA_2022-01-01_00:00:00,6001,2026-06-24 01:00:00,2026-06-24 02:00:00,19.003040000000000000,ug.m-3,hour,1,3,2026-06-24 01:00:00,,23982de0-6b72-434c-909c-1556aae350b3
IT/SPO.IT0477A_6001_BETA_2022-01-01_00:00:00,6001,2026-06-24 02:00:00,2026-06-24 03:00:00,17.161772000000000000,ug.m-3,hour,1,3,2026-06-24 02:00:00,,1eebcf97-bcb2-43ec-b3b6-3b5b2d3aaa27
IT/SPO.IT0477A_6001_BETA_2022-01-01_00:00:00,6001,2026-06-24 03:00:00,2026-06-24 04:00:00,12.013240000000000000,ug.m-3,hour,1,3,2026-06-24 03:00:00,,280259de-e341-4f03-a6ca-10c7c2c30de3
IT/SPO.IT0477A_6001_BETA_2022-01-01_00:00:00,6001,2026-06-24 04:00:00,2026-06-24 05:00:00,14.432296000000000000,ug.m-3,hour,1,3,2026-06-24 04:00:00,,b1ed3152-71bd-4985-8a1e-236007744774
IT/SPO.IT0477A_6001_BETA_2022-01-01_00:00:00,6001,2026-06-24 05:00:00,2026-06-24 06:00:00,10.102607000000000000,ug.m-3,hour,1,3,2026-06-24 05:00:00,,22952d9e-77fc-43df-b308-ce00d753dd4c
IT/SPO.IT0477A_6001_BETA_2022-01-01_00:00:00,6001,2026-06-24 06:00:00,2026-06-24 07:00:00,8.165543000000000000,ug.m-3,hour,1,3,2026-06-24 06:00:00,,3a5f361f-ea12-4ee2-a084-f06ca6163080
IT/SPO.IT0477A_6001_BETA_2022-01-01_00:00:00,6001,2026-06-24 07:00:00,2026-06-24 08:00:00,7.214819000000000000,ug.m-3,hour,1,3,2026-06-24 07:00:00,,962efdd6-7349-4ea5-9a37-3136676d207f
IT/SPO.IT0477A_6001_BETA_2022-01-01_00:00:00,6001,2026-06-24 08:00:00,2026-06-24 09:00:00,7.721473000000000000,ug.m-3,hour,1,3,2026-06-24 08:00:00,,4ffec058-3ea1-44de-bc3d-c2dbb473ef77
IT/SPO.IT0477A_6001_BETA_2022-01-01_00:00:00,6001,2026-06-24 09:00:00,2026-06-24 10:00:00,11.238924000000000000,ug.m-3,hour,1,3,2026-06-24 09:00:00,,4452e2a3-1af5-4ebf-a69e-0c6aff6c4480
IT/SPO.IT0477A_6001_BETA_2022-01-01_00:00:00,6001,2026-06-24 10:00:00,2026-06-24 11:00:00,15.678229000000000000,ug.m-3,hour,1,3,2026-06-24 10:00:00,,2a1690f7-8504-4f4d-a7a1-1150b1f72120
IT/SPO.IT0477A_6001_BETA_2022-01-01_00:00:00,6001,2026-06-24 11:00:00,2026-06-24 12:00:00,10.974760000000000000,ug.m-3,hour,1,3,2026-06-24 11:00:00,,d0ba37a7-159d-4388-a8b3-59db41f83603
IT/SPO.IT0477A_6001_BETA_2022-01-01_00:00:00,6001,2026-06-24 12:00:00,2026-06-24 13:00:00,13.331749000000000000,ug.m-3,hour,1,3,2026-06-24 12:00:00,,760dd50f-5a60-4406-baac-4f8fd003566d
IT/SPO.IT0477A_6001_BETA_2022-01-01_00:00:00,6001,2026-06-24 13:00:00,2026-06-24 14:00:00,15.625972000000000000,ug.m-3,hour,1,3,2026-06-24 13:00:00,,2f6daf57-7ed1-4d44-8c5b-2e34f78db99e
IT/SPO.IT0477A_6001_BETA_2022-01-01_00:00:00,6001,2026-06-24 14:00:00,2026-06-24 15:00:00,15.293416000000000000,ug.m-3,hour,1,3,2026-06-24 14:00:00,,902eb4e8-3ea8-4bbf-b4fd-ad42dd0d7315
IT/SPO.IT0477A_6001_BETA_2022-01-01_00:00:00,6001,2026-06-24 15:00:00,2026-06-24 16:00:00,15.474737000000000000,ug.m-3,hour,1,3,2026-06-24 15:00:00,,ea1760a2-76df-485a-920a-bb8a389568b0
IT/SPO.IT0477A_6001_BETA_2022-01-01_00:00:00,6001,2026-06-24 16:00:00,2026-06-24 17:00:00,16.273438000000000000,ug.m-3,hour,1,3,2026-06-24 16:00:00,,92a2a223-86c2-4947-b7ce-bb7fcbbf0613
IT/SPO.IT0477A_6001_BETA_2022-01-01_00:00:00,6001,2026-06-24 17:00:00,2026-06-24 18:00:00,11.391406000000000000,ug.m-3,hour,1,3,2026-06-24 17:00:00,,8820823a-380d-44b2-a9ad-3e6ae52a12fa
IT/SPO.IT0477A_6001_BETA_2022-01-01_00:00:00,6001,2026-06-24 18:00:00,2026-06-24 19:00:00,8.774026000000000000,ug.m-3,hour,1,3,2026-06-24 18:00:00,,73e1c35a-b76c-456e-bf70-9d0552225a49
IT/SPO.IT0477A_6001_BETA_2022-01-01_00:00:00,6001,2026-06-24 19:00:00,2026-06-24 20:00:00,17.309105000000000000,ug.m-3,hour,1,3,2026-06-24 19:00:00,,d9319f7b-a365-41a8-9a2e-be89ea5b3422
IT/SPO.IT0477A_6001_BETA_2022-01-01_00:00:00,6001,2026-06-24 20:00:00,2026-06-24 21:00:00,12.116373000000000000,ug.m-3,hour,1,3,2026-06-24 20:00:00,,d772f6f2-f81e-4c09-88c0-80e175c594ac
IT/SPO.IT0477A_6001_BETA_2022-01-01_00:00:00,6001,2026-06-24 21:00:00,2026-06-24 22:00:00,11.732324000000000000,ug.m-3,hour,1,3,2026-06-24 21:00:00,,bae81393-87b1-4744-a3ff-a2716d37f568
IT/SPO.IT0477A_6001_BETA_2022-01-01_00:00:00,6001,2026-06-24 22:00:00,2026-06-24 23:00:00,8.212627000000000000,ug.m-3,hour,1,3,2026-06-24 22:00:00,,80d8857c-ed32-4ff0-8d56-00efef97c36a
IT/SPO.IT0477A_6001_BETA_2022-01-01_00:00:00,6001,2026-06-24 23:00:00,2026-06-25 00:00:00,18.555534000000000000,ug.m-3,hour,1,3,2026-06-24 23:00:00,,95503516-a975-4a89-8c6f-c004570d7bb7
IT/SPO.IT0477A_6001_BETA_2022-01-01_00:00:00,6001,2026-06-25 00:00:00,2026-06-25 01:00:00,12.988873000000000000,ug.m-3,hour,1,3,2026-06-25 00:00:00,,dae86fc7-df07-4372-be62-c96919b6de6b
IT/SPO.IT0477A_6001_BETA_2022-01-01_00:00:00,6001,2026-06-25 01:00:00,2026-06-25 02:00:00,15.003608000000000000,ug.m-3,hour,1,3,2026-06-25 01:00:00,,054bc692-caf5-4698-a96a-8521f3667996
IT/SPO.IT0477A_6001_BETA_2022-01-01_00:00:00,6001,2026-06-25 02:00:00,2026-06-25 03:00:00,16.972664000000000000,ug.m-3,hour,1,3,2026-06-25 02:00:00,,6a8ed9c3-c4f7-4dff-b5c2-d214979bb5bd
IT/SPO.IT0477A_6001_BETA_2022-01-01_00:00:00,6001,2026-06-25 03:00:00,2026-06-25 04:00:00,15.597795000000000000,ug.m-3,hour,1,3,2026-06-25 03:00:00,,683b33e2-64e0-4198-8111-c39f6880a9a9
IT/SPO.IT0477A_6001_BETA_2022-01-01_00:00:00,6001,2026-06-25 04:00:00,2026-06-25 05:00:00,13.804239000000000000,ug.m-3,hour,1,3,2026-06-25 04:00:00,,93d7d827-3290-4781-aa73-fbc15dc7497a
IT/SPO.IT0477A_6001_BETA_2022-01-01_00:00:00,6001,2026-06-25 05:00:00,2026-06-25 06:00:00,14.922977000000000000,ug.m-3,hour,1,3,2026-06-25 05:00:00,,e87f0475-6553-41dc-bb6b-0693daf86b85
IT/SPO.IT0477A_6001_BETA_2022-01-01_00:00:00,6001,2026-06-25 06:00:00,2026-06-25 07:00:00,19.160800000000000000,ug.m-3,hour,1,3,2026-06-25 06:00:00,,11899322-48a5-49ba-bf5f-2c767cb6c67c
IT/SPO.IT0477A_6001_BETA_2022-01-01_00:00:00,6001,2026-06-25 07:00:00,2026-06-25 08:00:00,13.412561000000000000,ug.m-3,hour,1,3,2026-06-25 07:00:00,,bdb029b4-a622-4514-b1c9-6052bc2b926f
IT/SPO.IT0477A_6001_BETA_2022-01-01_00:00:00,6001,2026-06-25 08:00:00,2026-06-25 09:00:00,18.685148000000000000,ug.m-3,hour,1,3,2026-06-25 08:00:00,,cce1c302-55a7-461e-a11e-514ffedaffec
IT/SPO.IT0477A_6001_BETA_2022-01-01_00:00:00,6001,2026-06-25 09:00:00,2026-06-25 10:00:00,17.265575000000000000,ug.m-3,hour,1,3,2026-06-25 09:00:00,,6ef79cef-58dc-4805-9f82-4f9a94d88c3e
IT/SPO.IT0477A_6001_BETA_2022-01-01_00:00:00,6001,2026-06-25 10:00:00,2026-06-25 11:00:00,13.213631000000000000,ug.m-3,hour,1,3,2026-06-25 10:00:00,,970a413f-5638-4cc6-8141-67dcdac4ad84
IT/SPO.IT0477A_6001_BETA_2022-01-01_00:00:00,6001,2026-06-25 11:00:00,2026-06-25 12:00:00,18.443989000000000000,ug.m-3,hour,1,3,2026-06-25 11:00:00,,ab0b3192-d961-4b8d-b195-06c9c5b2abc9
IT/SPO.IT0477A_6001_BETA_2022-01-01_00:00:00,6001,2026-06-25 12:00:00,2026-06-25 13:00:00,14.141245000000000000,ug.m-3,hour,1,3,2026-06-25 12:00:00,,b0981308-8b31-4b56-9f02-5fc8d810a89f
IT/SPO.IT0477A_6001_BETA_2022-01-01_00:00:00,6001,2026-06-25 13:00:00,2026-06-25 14:00:00,17.726997000000000000,ug.m-3,hour,1,3,2026-06-25 13:00:00,,0fc620d0-cea5-4907-8c6c-c11a3d3a640c
IT/SPO.IT0477A_6001_BETA_2022-01-01_00:00:00,6001,2026-06-25 14:00:00,2026-06-25 15:00:00,12.408898000000000000,ug.m-3,hour,1,3,2026-06-25 14:00:00,,3b10804f-a525-454b-aad4-35e3b86b1b8d
IT/SPO.IT0477A_6001_BETA_2022-01-01_00:00:00,6001,2026-06-25 15:00:00,2026-06-25 16:00:00,8.832425000000000000,ug.m-3,hour,1,3,2026-06-25 15:00:00,,6866c618-2246-435f-a1ee-7cbe39ed3acf
IT/SPO.IT0477A_6001_BETA_2022-01-01_00:00:00,6001,2026-06-25 16:00:00,2026-06-25 17:00:00,17.140493000000000000,ug.m-3,hour,1,3,2026-06-25 16:00:00,,d42f2ce9-3581-482c-aa08-dbc9fce3c2e0
IT/SPO.IT0477A_6001_BETA_2022-01-01_00:00:00,6001,2026-06-25 17:00:00,2026-06-25 18:00:00,11.998345000000000000,ug.m-3,hour,1,3,2026-06-25 17:00:00,,21eaec51-4db9-4315-84c4-65297325005a
IT/SPO.IT0477A_6001_BETA_2022-01-01_00:00:00,6001,2026-06-25 18:00:00,2026-06-25 19:00:00,11.802338000000000000,ug.m-3,hour,1,3,2026-06-25 18:00:00,,b631f2ec-82b0-4779-b253-9cdd2e020ea1
IT/SPO.IT0477A_6001_BETA_2022-01-01_00:00:00,6001,2026-06-25 19:00:00,2026-06-25 20:00:00,18.840822000000000000,ug.m-3,hour,1,3,2026-06-25 19:00:00,,e805ac1b-686e-404c-8db7-8f85121c0ace
IT/SPO.IT0477A_6001_BETA_2022-01-01_00:00:00,6001,2026-06-25 20:00:00,2026-06-25 21:00:00,13.720639000000000000,ug.m-3,hour,1,3,2026-06-25 20:00:00,,d1ab7131-4272-4e08-a75a-e92e24f3b17b
IT/SPO.IT0477A_6001_BETA_2022-01-01_00:00:00,6001,2026-06-25 21:00:00,2026-06-25 22:00:00,12.142257000000000000,ug.m-3,hour,1,3,2026-06-25 21:00:00,,ec75965f-39b7-4363-91fb-c218c55bb57e
IT/SPO.IT0477A_6001_BETA_2022-01-01_00:00:00,6001,2026-06-25 22:00:00,2026-06-25 23:00:00,16.180529000000000000,ug.m-3,hour,1,3,2026-06-25 22:00:00,,a8708252-410d-4275-8ebe-96b204595c87
IT/SPO.IT0477A_6001_BETA_2022-01-01_00:00:00,6001,2026-06-25 23:00:00,2026-06-26 00:00:00,12.380454000000000000,ug.m-3,hour,1,3,2026-06-25 23:00:00,,11e6a7f1-8e4e-4371-9e99-074c6d3d6590
IT/SPO.IT0477A_6001_BETA_2022-01-01_00:00:00,6001,2026-06-26 00:00:00,2026-06-26 01:00:00,24.980463000000000000,ug.m-3,hour,1,3,2026-06-26 00:00:00,,e5bfac73-7709-46e3-8729-d860b9e7dbc6
IT/SPO.IT0477A_6001_BETA_2022-01-01_00:00:00,6001,2026-06-26 01:00:00,2026-06-26 02:00:00,19.483330000000000000,ug.m-3,hour,1,3,2026-06-26 01:00:00,,4cda2b77-03f1-4bce-8980-664002480e00
IT/SPO.IT0477A_6001_BETA_2022-01-01_00:00:00,6001,2026-06-26 02:00:00,2026-06-26 03:00:00,13.692192000000000000,ug.m-3,hour,1,3,2026-06-26 02:00:00,,488c2b91-90c1-4dec-9137-211d86203fa3
IT/SPO.IT0477A_6001_BETA_2022-01-01_00:00:00,6001,2026-06-26 03:00:00,2026-06-26 04:00:00,10.159826000000000000,ug.m-3,hour,1,3,2026-06-26 03:00:00,,a55c3656-63aa-4499-a3c9-26dc5d5112cc
IT/SPO.IT0477A_6001_BETA_2022-01-01_00:00:00,6001,2026-06-26 04:00:00,2026-06-26 05:00:00,7.636419000000000000,ug.m-3,hour,1,3,2026-06-26 04:00:00,,3cc43eed-d6df-40f5-a039-0bc1fdc9b209
IT/SPO.IT0477A_6001_BETA_2022-01-01_00:00:00,6001,2026-06-26 05:00:00,2026-06-26 06:00:00,14.889947000000000000,ug.m-3,hour,1,3,2026-06-26 05:00:00,,cd40e376-4e1d-4fa4-996c-b0dd18a966cd
IT/SPO.IT0477A_6001_BETA_2022-01-01_00:00:00,6001,2026-06-26 06:00:00,2026-06-26 07:00:00,12.069509000000000000,ug.m-3,hour,1,3,2026-06-26 06:00:00,,f8f8ea27-1011-4b99-b93a-a3232163e569
IT/SPO.IT0477A_6001_BETA_2022-01-01_00:00:00,6001,2026-06-26 07:00:00,2026-06-26 08:00:00,9.030457000000000000,ug.m-3,hour,1,3,2026-06-26 07:00:00,,45e363d6-b52f-46f4-bfb4-1de5cafbeab3
IT/SPO.IT0477A_6001_BETA_2022-01-01_00:00:00,6001,2026-06-26 08:00:00,2026-06-26 09:00:00,14.257868000000000000,ug.m-3,hour,1,3,2026-06-26 08:00:00,,83755c5c-775d-4706-ad12-99e4b3b1d08b
IT/SPO.IT0477A_6001_BETA_2022-01-01_00:00:00,6001,2026-06-26 09:00:00,2026-06-26 10:00:00,14.025542000000000000,ug.m-3,hour,1,3,2026-06-26 09:00:00,,5be5a087-aaf4-4afb-81b1-8f0bb0527e64
IT/SPO.IT0477A_6001_BETA_2022-01-01_00:00:00,6001,2026-06-26 10:00:00,2026-06-26 11:00:00,10.393321000000000000,ug.m-3,hour,1,3,2026-06-26 10:00:00,,ea1cef6c-b9b3-4445-b236-55423db94be8
IT/SPO.IT0477A_6001_BETA_2022-01-01_00:00:00,6001,2026-06-26 11:00:00,2026-06-26 12:00:00,7.877205000000000000,ug.m-3,hour,1,3,2026-06-26 11:00:00,,e1a499d3-9cb1-4c19-8268-ca318d71805d
IT/SPO.IT0477A_6001_BETA_2022-01-01_00:00:00,6001,2026-06-26 12:00:00,2026-06-26 13:00:00,17.146020000000000000,ug.m-3,hour,1,3,2026-06-26 12:00:00,,d71953bf-caac-4409-b7ad-cdffb5bc0cce
IT/SPO.IT0477A_6001_BETA_2022-01-01_00:00:00,6001,2026-06-26 13:00:00,2026-06-26 14:00:00,15.542586000000000000,ug.m-3,hour,1,3,2026-06-26 13:00:00,,619a6703-674e-441d-a847-f22c98f50e18
IT/SPO.IT0477A_6001_BETA_2022-01-01_00:00:00,6001,2026-06-26 14:00:00,2026-06-26 15:00:00,19.973528000000000000,ug.m-3,hour,1,3,2026-06-26 14:00:00,,f23b8a2d-9ab0-40e1-bdcd-11865c352f88
IT/SPO.IT0477A_6001_BETA_2022-01-01_00:00:00,6001,2026-06-26 15:00:00,2026-06-26 16:00:00,14.606374000000000000,ug.m-3,hour,1,3,2026-06-26 15:00:00,,5ed47053-f197-4100-b4e8-d58b5482b515
IT/SPO.IT0477A_6001_BETA_2022-01-01_00:00:00,6001,2026-06-26 16:00:00,2026-06-26 17:00:00,10.224461000000000000,ug.m-3,hour,1,3,2026-06-26 16:00:00,,70b00258-a388-4ed0-877f-83ab4edc13a9
IT/SPO.IT0477A_6001_BETA_2022-01-01_00:00:00,6001,2026-06-26 17:00:00,2026-06-26 18:00:00,15.268762000000000000,ug.m-3,hour,1,3,2026-06-26 17:00:00,,9ae4bb56-1f85-48f8-ac88-dc52e1d102e3
IT/SPO.IT0477A_6001_BETA_2022-01-01_00:00:00,6001,2026-06-26 18:00:00,2026-06-26 19:00:00,12.888914000000000000,ug.m-3,hour,1,3,2026-06-26 18:00:00,,8f186469-973a-47b9-9988-968a7ffccd42
IT/SPO.IT0477A_6001_BETA_2022-01-01_00:00:00,6001,2026-06-26 19:00:00,2026-06-26 20:00:00,14.866520000000000000,ug.m-3,hour,1,3,2026-06-26 19:00:00,,25c3e977-f2bc-4dc5-88ca-180a1657e215
IT/SPO.IT0477A_6001_BETA_2022-01-01_00:00:00,6001,2026-06-26 20:00:00,2026-06-26 21:00:00,19.249407000000000000,ug.m-3,hour,1,3,2026-06-26 20:00:00,,ec47e79a-4c27-4cf6-a71d-67b22cb9827c
IT/SPO.IT0477A_6001_BETA_2022-01-01_00:00:00,6001,2026-06-26 21:00:00,2026-06-26 22:00:00,13.474585000000000000,ug.m-3,hour,1,3,2026-06-26 21:00:00,,f623a588-7964-4c08-b05b-3d01ee72c3c2
IT/SPO.IT0477A_6001_BETA_2022-01-01_00:00:00,6001,2026-06-26 22:00:00,2026-06-26 23:00:00,9.432209000000000000,ug.m-3,hour,1,3,2026-06-26 22:00:00,,058da823-573f-465a-a8f2-f28fa0941e7c
IT/SPO.IT0477A_6001_BETA_2022-01-01_00:00:00,6001,2026-06-26 23:00:00,2026-06-27 00:00:00,13.055029000000000000,ug.m-3,hour,1,3,2026-06-26 23:00:00,,780d7a3e-e4d0-4851-b08f-8db65706fd4a
IT/SPO.IT0477A_6001_BETA_2022-01-01_00:00:00,6001,2026-06-27 00:00:00,2026-06-27 01:00:00,9.138520000000000000,ug.m-3,hour,1,3,2026-06-27 00:00:00,,4a0e77d3-17f5-457c-bb93-8f0e32d91b89
IT/SPO.IT0477A_6001_BETA_2022-01-01_00:00:00,6001,2026-06-27 01:00:00,2026-06-27 02:00:00,16.991630000000000000,ug.m-3,hour,1,3,2026-06-27 01:00:00,,1a58004e-82f3-4625-9ea3-64c50517c349
IT/SPO.IT0477A_6001_BETA_2022-01-01_00:00:00,6001,2026-06-27 02:00:00,2026-06-27 03:00:00,20.647718000000000000,ug.m-3,hour,1,3,2026-06-27 02:00:00,,4d7d2a53-1f85-40b4-beda-beecca3da2f3
IT/SPO.IT0477A_6001_BETA_2022-01-01_00:00:00,6001,2026-06-27 03:00:00,2026-06-27 04:00:00,23.467860000000000000,ug.m-3,hour,1,3,2026-06-27 03:00:00,,e1c8ac5e-13fc-44a5-b076-b3dc38e52cc7
IT/SPO.IT0477A_6001_BETA_2022-01-01_00:00:00,6001,2026-06-27 04:00:00,2026-06-27 05:00:00,17.460743000000000000,ug.m-3,hour,1,3,2026-06-27 04:00:00,,a36c4558-18b7-4f3c-bc3a-91b7e9d54d7f
IT/SPO.IT0477A_6001_BETA_2022-01-01_00:00:00,6001,2026-06-27 05:00:00,2026-06-27 06:00:00,22.981747000000000000,ug.m-3,hour,1,3,2026-06-27 05:00:00,,c54f6622-36fd-47c7-874c-085d02a29d95
IT/SPO.IT0477A_6001_BETA_2022-01-01_00:00:00,6001,2026-06-27 06:00:00,2026-06-27 07:00:00,16.087223000000000000,ug.m-3,hour,1,3,2026-06-27 06:00:00,,82b15d97-80fa-45ad-a61b-9911dab76e0d
IT/SPO.IT0477A_6001_BETA_2022-01-01_00:00:00,6001,2026-06-27 07:00:00,2026-06-27 08:00:00,14.995249000000000000,ug.m-3,hour,1,3,2026-06-27 07:00:00,,5c0d405e-bf80-4a3f-b36f-2a7c0dfde950
IT/SPO.IT0477A_6001_BETA_2022-01-01_00:00:00,6001,2026-06-27 08:00:00,2026-06-27 09:00:00,14.044245000000000000,ug.m-3,hour,1,3,2026-06-27 08:00:00,,e68ec839-9e9e-4fc7-954c-49297c177393
IT/SPO.IT0477A_6001_BETA_2022-01-01_00:00:00,6001,2026-06-27 09:00:00,2026-06-27 10:00:00,12.681556000000000000,ug.m-3,hour,1,3,2026-06-27 09:00:00,,a2ccf612-f115-40ce-aa29-c4f946c26570
IT/SPO.IT0477A_6001_BETA_2022-01-01_00:00:00,6001,2026-06-27 10:00:00,2026-06-27 11:00:00,12.867352000000000000,ug.m-3,hour,1,3,2026-06-27 10:00:00,,d6ee18fb-f9c0-4543-9909-dc1ffb370ce2
IT/SPO.IT0477A_6001_BETA_2022-01-01_00:00:00,6001,2026-06-27 11:00:00,2026-06-27 12:00:00,19.755585000000000000,ug.m-3,hour,1,3,2026-06-27 11:00:00,,cf038482-ba99-401d-9413-ef911c60e08c
IT/SPO.IT0477A_6001_BETA_2022-01-01_00:00:00,6001,2026-06-27 12:00:00,2026-06-27 13:00:00,13.828909000000000000,ug.m-3,hour,1,3,2026-06-27 12:00:00,,7bcbff6c-addc-462f-bacb-60ee78f328d5
IT/SPO.IT0477A_6001_BETA_2022-01-01_00:00:00,6001,2026-06-27 13:00:00,2026-06-27 14:00:00,15.646258000000000000,ug.m-3,hour,1,3,2026-06-27 13:00:00,,e963f5b8-4867-45aa-ae48-42353074a87e
IT/SPO.IT0477A_6001_BETA_2022-01-01_00:00:00,6001,2026-06-27 14:00:00,2026-06-27 15:00:00,14.866714000000000000,ug.m-3,hour,1,3,2026-06-27 14:00:00,,d7d05298-f6fd-4e53-9cf0-6d14fba5d2c2
IT/SPO.IT0477A_6001_BETA_2022-01-01_00:00:00,6001,2026-06-27 15:00:00,2026-06-27 16:00:00,19.815159000000000000,ug.m-3,hour,1,3,2026-06-27 15:00:00,,1213bafe-d751-43fa-9e57-0a41a9d6c5dd
IT/SPO.IT0477A_6001_BETA_2022-01-01_00:00:00,6001,2026-06-27 16:00:00,2026-06-27 17:00:00,13.870611000000000000,ug.m-3,hour,1,3,2026-06-27 16:00:00,,4c2b3fff-2316-4ce7-bfae-063076d8420d
IT/SPO.IT0477A_6001_BETA_2022-01-01_00:00:00,6001,2026-06-27 17:00:00,2026-06-27 18:00:00,10.032857000000000000,ug.m-3,hour,1,3,2026-06-27 17:00:00,,e871103b-dad2-48e1-bb79-2eda049250e2
IT/SPO.IT0477A_6001_BETA_2022-01-01_00:00:00,6001,2026-06-27 18:00:00,2026-06-27 19:00:00,9.341980000000000000,ug.m-3,hour,1,3,2026-06-27 18:00:00,,ab4c799c-a6c9-46e0-9957-a5789934c0d1
IT/SPO.IT0477A_6001_BETA_2022-01-01_00:00:00,6001,2026-06-27 19:00:00,2026-06-27 20:00:00,7.473583000000000000,ug.m-3,hour,1,3,2026-06-27 19:00:00,,19f22796-babe-429b-a031-2a61f5725a23
IT/SPO.IT0477A_6001_BETA_2022-01-01_00:00:00,6001,2026-06-27 20:00:00,2026-06-27 21:00:00,19.209648000000000000,ug.m-3,hour,1,3,2026-06-27 20:00:00,,c73e266a-4b48-4144-a7d0-807a2be7b655
IT/SPO.IT0477A_6001_BETA_2022-01-01_00:00:00,6001,2026-06-27 21:00:00,2026-06-27 22:00:00,13.446754000000000000,ug.m-3,hour,1,3,2026-06-27 21:00:00,,a1b71f4a-5335-4795-82d4-f87d58d8fe28
IT/SPO.IT0477A_6001_BETA_2022-01-01_00:00:00,6001,2026-06-27 22:00:00,2026-06-27 23:00:00,22.146967000000000000,ug.m-3,hour,1,3,2026-06-27 22:00:00,,866e8f9d-c6eb-438a-a57b-4b04680b5cdb
IT/SPO.IT0477A_6001_BETA_2022-01-01_00:00:00,6001,2026-06-27 23:00:00,2026-06-28 00:00:00,15.502876000000000000,ug.m-3,hour,1,3,2026-06-27 23:00:00,,5273944b-a2c7-438b-9c56-a4bb13466e36
IT/SPO.IT0477A_6001_BETA_2022-01-01_00:00:00,6001,2026-06-28 00:00:00,2026-06-28 01:00:00,10.852014000000000000,ug.m-3,hour,1,3,2026-06-28 00:00:00,,6a97a215-788a-4a3b-8303-574dc1d1820c
IT/SPO.IT0477A_6001_BETA_2022-01-01_00:00:00,6001,2026-06-28 01:00:00,2026-06-28 02:00:00,22.037752000000000000,ug.m-3,hour,1,3,2026-06-28 01:00:00,,6f25f98e-1936-469e-a200-2abc7b76fe0b
IT/SPO.IT0477A_6001_BETA_2022-01-01_00:00:00,6001,2026-06-28 02:00:00,2026-06-28 03:00:00,18.218153000000000000,ug.m-3,hour,1,3,2026-06-28 02:00:00,,b3b72826-6c57-49ae-bf6b-9f1b413e0123
IT/SPO.IT0477A_6001_BETA_2022-01-01_00:00:00,6001,2026-06-28 03:00:00,2026-06-28 04:00:00,18.383528000000000000,ug.m-3,hour,1,3,2026-06-28 03:00:00,,16d9057e-787b-446f-8274-63fb9ff8c0d9
IT/SPO.IT0477A_6001_BETA_2022-01-01_00:00:00,6001,2026-06-28 04:00:00,2026-06-28 05:00:00,17.195307000000000000,ug.m-3,hour,1,3,2026-06-28 04:00:00,,fd34f5e3-c6cc-4135-aa28-f5eea6e82b6b
IT/SPO.IT0477A_6001_BETA_2022-01-01_00:00:00,6001,2026-06-28 05:00:00,2026-06-28 06:00:00,20.708494000000000000,ug.m-3,hour,1,3,2026-06-28 05:00:00,,3a080fbe-3c1a-492b-b2e4-6a5d6d505af2
IT/SPO.IT0477A_6001_BETA_2022-01-01_00:00:00,6001,2026-06-28 06:00:00,2026-06-28 07:00:00,14.495947000000000000,ug.m-3,hour,1,3,2026-06-28 06:00:00,,a73aa36c-1821-4e58-b8d2-134158e8ad2c
IT/SPO.IT0477A_6001_BETA_2022-01-01_00:00:00,6001,2026-06-28 07:00:00,2026-06-28 08:00:00,18.001238000000000000,ug.m-3,hour,1,3,2026-06-28 07:00:00,,d4cbf708-5e7c-4711-b499-6239e127d43a
IT/SPO.IT0477A_6001_BETA_2022-01-01_00:00:00,6001,2026-06-28 08:00:00,2026-06-28 09:00:00,17.575743000000000000,ug.m-3,hour,1,3,2026-06-28 08:00:00,,365ae808-75b4-4c29-9b5e-eb1c9d3348e1
IT/SPO.IT0477A_6001_BETA_2022-01-01_00:00:00,6001,2026-06-28 09:00:00,2026-06-28 10:00:00,18.168600000000000000,ug.m-3,hour,1,3,2026-06-28 09:00:00,,30d0eda3-d249-427a-8c2d-53f967089fce
IT/SPO.IT0477A_6001_BETA_2022-01-01_00:00:00,6001,2026-06-28 10:00:00,2026-06-28 11:00:00,20.700289000000000000,ug.m-3,hour,1,3,2026-06-28 10:00:00,,23b18ce4-4553-488f-beca-5e12d3797211
IT/SPO.IT0477A_6001_BETA_2022-01-01_00:00:00,6001,2026-06-28 11:00:00,2026-06-28 12:00:00,18.063335000000000000,ug.m-3,hour,1,3,2026-06-28 11:00:00,,3bb0efad-08aa-47c3-b6a8-4ce44f08d7b5
IT/SPO.IT0477A_6001_BETA_2022-01-01_00:00:00,6001,2026-06-28 12:00:00,2026-06-28 13:00:00,14.390528000000000000,ug.m-3,hour,1,3,2026-06-28 12:00:00,,f8d3fe7a-1f6f-4562-8eb2-9406fd4b4cce
IT/SPO.IT0477A_6001_BETA_2022-01-01_00:00:00,6001,2026-06-28 13:00:00,2026-06-28 14:00:00,13.932184000000000000,ug.m-3,hour,1,3,2026-06-28 13:00:00,,3aedbde9-fb47-4e08-abca-f993ae99d9ad
IT/SPO.IT0477A_6001_BETA_2022-01-01_00:00:00,6001,2026-06-28 14:00:00,2026-06-28 15:00:00,15.224263000000000000,ug.m-3,hour,1,3,2026-06-28 14:00:00,,171d8441-f8c2-4e5b-b64c-11f809826716
IT/SPO.IT0477A_6001_BETA_2022-01-01_00:00:00,6001,2026-06-28 15:00:00,2026-06-28 16:00:00,10.656984000000000000,ug.m-3,hour,1,3,2026-06-28 15:00:00,,c2c11550-a13e-44d5-9ab1-e1ced3114af7
IT/SPO.IT0477A_6001_BETA_2022-01-01_00:00:00,6001,2026-06-28 16:00:00,2026-06-28 17:00:00,18.499523000000000000,ug.m-3,hour,1,3,2026-06-28 16:00:00,,ea7b0460-50c7-4345-93bd-fc4cc3c691a1
IT/SPO.IT0477A_6001_BETA_2022-01-01_00:00:00,6001,2026-06-28 17:00:00,2026-06-28 18:00:00,19.569520000000000000,ug.m-3,hour,1,3,2026-06-28 17:00:00,,044be072-f9b9-45f9-a622-d2320df988e4
IT/SPO.IT0477A_6001_BETA_2022-01-01_00:00:00,6001,2026-06-28 18:00:00,2026-06-28 19:00:00,13.698663000000000000,ug.m-3,hour,1,3,2026-06-28 18:00:00,,120a5716-9d27-4ffb-94db-c36d55289dbb
IT/SPO.IT0477A_6001_BETA_2022-01-01_00:00:00,6001,2026-06-28 19:00:00,2026-06-28 20:00:00,10.241020000000000000,ug.m-3,hour,1,3,2026-06-28 19:00:00,,6c68298a-0722-47d4-9757-23035aeadef3
IT/SPO.IT0477A_6001_BETA_2022-01-01_00:00:00,6001,2026-06-28 20:00:00,2026-06-28 21:00:00,18.439373000000000000,ug.m-3,hour,1,3,2026-06-28 20:00:00,,5fc74024-5ada-4e9a-bf73-ec254a3bcba7
IT/SPO.IT0477A_6001_BETA_2022-01-01_00:00:00,6001,2026-06-28 21:00:00,2026-06-28 22:00:00,12.907561000000000000,ug.m-3,hour,1,3,2026-06-28 21:00:00,,d6124f96-f682-4e26-8e05-9f3ff44de2a2
IT/SPO.IT0477A_6001_BETA_2022-01-01_00:00:00,6001,2026-06-28 22:00:00,2026-06-28 23:00:00,9.035294000000000000,ug.m-3,hour,1,3,2026-06-28 22:00:00,,387fb42b-8c36-4ace-9292-f6bbbe1da6a3
IT/SPO.IT0477A_6001_BETA_2022-01-01_00:00:00,6001,2026-06-28 23:00:00,2026-06-29 00:00:00,7.178400000000000000,ug.m-3,hour,1,3,2026-06-28 23:00:00,,e71f4a9a-0f67-4b64-8027-bf50165ccabf
IT/SPO.IT0477A_6001_BETA_2022-01-01_00:00:00,6001,2026-06-29 00:00:00,2026-06-29 01:00:00,5.742720000000000000,ug.m-3,hour,1,3,2026-06-29 00:00:00,,c7b858c8-63ec-41fc-88bc-aa3ecf89c615
IT/SPO.IT0477A_6001_BETA_2022-01-01_00:00:00,6001,2026-06-29 01:00:00,2026-06-29 02:00:00,4.594176000000000000,ug.m-3,hour,1,3,2026-06-29 01:00:00,,aeb259e5-571e-442a-a324-b2fa4adfc7dc
IT/SPO.IT0477A_6001_BETA_2022-01-01_00:00:00,6001,2026-06-29 02:00:00,2026-06-29 03:00:00,4.070034000000000000,ug.m-3,hour,1,3,2026-06-29 02:00:00,,6123d5d7-04c5-44d1-aa9c-add430b17925
IT/SPO.IT0477A_6001_BETA_2022-01-01_00:00:00,6001,2026-06-29 03:00:00,2026-06-29 04:00:00,3.256027000000000000,ug.m-3,hour,1,3,2026-06-29 03:00:00,,c0c37389-e812-4330-944d-7ad41e76e659
IT/SPO.IT0477A_6001_BETA_2022-01-01_00:00:00,6001,2026-06-29 04:00:00,2026-06-29 05:00:00,4.269340000000000000,ug.m-3,hour,1,3,2026-06-29 04:00:00,,0c08b21e-5c09-461e-847a-4cc1d9825017
IT/SPO.IT0477A_6001_BETA_2022-01-01_00:00:00,6001,2026-06-29 05:00:00,2026-06-29 06:00:00,4.049158000000000000,ug.m-3,hour,1,3,2026-06-29 05:00:00,,2dd1cac4-8fe5-4ede-95ef-adda485fb9c0
IT/SPO.IT0477A_6001_BETA_2022-01-01_00:00:00,6001,2026-06-29 06:00:00,2026-06-29 07:00:00,5.595365000000000000,ug.m-3,hour,1,3,2026-06-29 06:00:00,,4d2b2956-a91a-452f-9fba-73562e9c9f91
IT/SPO.IT0477A_6001_BETA_2022-01-01_00:00:00,6001,2026-06-29 07:00:00,2026-06-29 08:00:00,7.744540000000000000,ug.m-3,hour,1,3,2026-06-29 07:00:00,,949b5fd6-6b28-4f47-9940-7e13f770a62a
IT/SPO.IT0477A_6001_BETA_2022-01-01_00:00:00,6001,2026-06-29 08:00:00,2026-06-29 09:00:00,6.195632000000000000,ug.m-3,hour,1,3,2026-06-29 08:00:00,,72069b40-2036-4665-8be2-010ffc770a1f
IT/SPO.IT0477A_6001_BETA_2022-01-01_00:00:00,6001,2026-06-29 09:00:00,2026-06-29 10:00:00,4.956506000000000000,ug.m-3,hour,1,3,2026-06-29 09:00:00,,a971bcea-ecc8-4b4f-a8be-362557712921
IT/SPO.IT0477A_6001_BETA_2022-01-01_00:00:00,6001,2026-06-29 10:00:00,2026-06-29 11:00:00,5.850423000000000000,ug.m-3,hour,1,3,2026-07-03 10:00:00,,42ed92b4-1735-418b-8099-18c60615e2ca
IT/SPO.IT0477A_6001_BETA_2022-01-01_00:00:00,6001,2026-06-29 11:00:00,2026-06-29 12:00:00,9.920695000000000000,ug.m-3,hour,1,3,2026-06-29 12:00:00,,01df430b-574c-480d-b47a-b17b06fc8316
IT/SPO.IT0477A_6001_BETA_2022-01-01_00:00:00,6001,2026-06-29 12:00:00,2026-06-29 13:00:00,7.936556000000000000,ug.m-3,hour,1,3,2026-06-29 12:00:00,,01df430b-574c-480d-b47a-b17b06fc8316
IT/SPO.IT0477A_6001_BETA_2022-01-01_00:00:00,6001,2026-06-29 13:00:00,2026-06-29 14:00:00,9.245578000000000000,ug.m-3,hour,1,3,2026-06-29 13:00:00,,4c06d780-40a1-4277-8dde-504a3d4796b8
IT/SPO.IT0477A_6001_BETA_2022-01-01_00:00:00,6001,2026-06-29 14:00:00,2026-06-29 15:00:00,7.579260000000000000,ug.m-3,hour,1,3,2026-06-29 14:00:00,,f7ad12ce-149e-4140-b428-48c5507204e4
IT/SPO.IT0477A_6001_BETA_2022-01-01_00:00:00,6001,2026-06-29 15:00:00,2026-06-29 16:00:00,11.404794000000000000,ug.m-3,hour,1,3,2026-06-29 15:00:00,,3060a842-bb99-4d9c-b012-422b36c5d9f6
IT/SPO.IT0477A_6001_BETA_2022-01-01_00:00:00,6001,2026-06-29 16:00:00,2026-06-29 17:00:00,9.123835000000000000,ug.m-3,hour,1,3,2026-06-29 16:00:00,,d9d77b48-f7a2-419c-9603-36009a31977e
IT/SPO.IT0477A_6001_BETA_2022-01-01_00:00:00,6001,2026-06-29 17:00:00,2026-06-29 18:00:00,8.792531000000000000,ug.m-3,hour,1,3,2026-07-03 11:00:00,,64e90c28-31bb-4706-9666-f609b278db01
IT/SPO.IT0477A_6001_BETA_2022-01-01_00:00:00,6001,2026-06-29 18:00:00,2026-06-29 19:00:00,10.681849000000000000,ug.m-3,hour,1,3,2026-07-03 12:00:00,,585831fb-36b2-41a6-8eb7-61b17d23830b
IT/SPO.IT0477A_6001_BETA_2022-01-01_00:00:00,6001,2026-06-29 19:00:00,2026-06-29 20:00:00,12.999660000000000000,ug.m-3,hour,1,3,2026-07-03 10:00:00,,42ed92b4-1735-418b-8099-18c60615e2ca
IT/SPO.IT0477A_6001_BETA_2022-01-01_00:00:00,6001,2026-06-29 20:00:00,2026-06-29 21:00:00,23.150959000000000000,ug.m-3,hour,1,3,2026-07-03 08:00:00,,fd7102cd-7b92-4648-9873-34c654cb5096
IT/SPO.IT0477A_6001_BETA_2022-01-01_00:00:00,6001,2026-06-29 21:00:00,2026-06-29 22:00:00,17.907259000000000000,ug.m-3,hour,1,3,2026-07-03 12:00:00,,585831fb-36b2-41a6-8eb7-61b17d23830b
IT/SPO.IT0477A_6001_BETA_2022-01-01_00:00:00,6001,2026-06-29 22:00:00,2026-06-29 23:00:00,12.535081000000000000,ug.m-3,hour,1,3,2026-07-03 11:00:00,,64e90c28-31bb-4706-9666-f609b278db01
IT/SPO.IT0477A_6001_BETA_2022-01-01_00:00:00,6001,2026-06-29 23:00:00,2026-06-30 00:00:00,11.280144000000000000,ug.m-3,hour,1,3,2026-07-03 12:00:00,,585831fb-36b2-41a6-8eb7-61b17d23830b
IT/SPO.IT0477A_6001_BETA_2022-01-01_00:00:00,6001,2026-06-30 00:00:00,2026-06-30 01:00:00,7.896101000000000000,ug.m-3,hour,1,3,2026-06-30 00:00:00,,2fbe6167-62b8-4b43-85e2-817eb22bb559
IT/SPO.IT0477A_6001_BETA_2022-01-01_00:00:00,6001,2026-06-30 01:00:00,2026-06-30 02:00:00,6.316880000000000000,ug.m-3,hour,1,3,2026-07-03 12:00:00,,585831fb-36b2-41a6-8eb7-61b17d23830b
IT/SPO.IT0477A_6001_BETA_2022-01-01_00:00:00,6001,2026-06-30 02:00:00,2026-06-30 03:00:00,7.146355000000000000,ug.m-3,hour,1,3,2026-07-03 13:00:00,,524e4538-1bd2-441a-bc5c-acbdf195aead
IT/SPO.IT0477A_6001_BETA_2022-01-01_00:00:00,6001,2026-06-30 03:00:00,2026-06-30 04:00:00,7.034906000000000000,ug.m-3,hour,1,3,2026-07-03 10:00:00,,42ed92b4-1735-418b-8099-18c60615e2ca
IT/SPO.IT0477A_6001_BETA_2022-01-01_00:00:00,6001,2026-06-30 04:00:00,2026-06-30 05:00:00,5.627925000000000000,ug.m-3,hour,1,3,2026-07-03 12:00:00,,585831fb-36b2-41a6-8eb7-61b17d23830b
IT/SPO.IT0477A_6001_BETA_2022-01-01_00:00:00,6001,2026-06-30 05:00:00,2026-06-30 06:00:00,7.441111000000000000,ug.m-3,hour,1,3,2026-07-03 10:00:00,,42ed92b4-1735-418b-8099-18c60615e2ca
IT/SPO.IT0477A_6001_BETA_2022-01-01_00:00:00,6001,2026-06-30 06:00:00,2026-06-30 07:00:00,6.374250000000000000,ug.m-3,hour,1,3,2026-07-03 09:00:00,,fd896012-770a-4c60-b723-168a6ffc0320
IT/SPO.IT0477A_6001_BETA_2022-01-01_00:00:00,6001,2026-06-30 07:00:00,2026-06-30 08:00:00,12.329582000000000000,ug.m-3,hour,1,3,2026-07-03 10:00:00,,42ed92b4-1735-418b-8099-18c60615e2ca
IT/SPO.IT0477A_6001_BETA_2022-01-01_00:00:00,6001,2026-06-30 08:00:00,2026-06-30 09:00:00,9.863666000000000000,ug.m-3,hour,1,3,2026-07-03 14:00:00,,e5188a9e-a381-4cbc-a4df-cbf769dfec61
IT/SPO.IT0477A_6001_BETA_2022-01-01_00:00:00,6001,2026-06-30 09:00:00,2026-06-30 10:00:00,7.890933000000000000,ug.m-3,hour,1,3,2026-07-03 09:00:00,,fd896012-770a-4c60-b723-168a6ffc0320
IT/SPO.IT0477A_6001_BETA_2022-01-01_00:00:00,6001,2026-06-30 10:00:00,2026-06-30 11:00:00,9.294408000000000000,ug.m-3,hour,1,3,2026-07-03 11:00:00,,64e90c28-31bb-4706-9666-f609b278db01
IT/SPO.IT0477A_6001_BETA_2022-01-01_00:00:00,6001,2026-06-30 11:00:00,2026-06-30 12:00:00,8.537077000000000000,ug.m-3,hour,1,3,2026-07-03 14:00:00,,e5188a9e-a381-4cbc-a4df-cbf769dfec61
IT/SPO.IT0477A_6001_BETA_2022-01-01_00:00:00,6001,2026-06-30 12:00:00,2026-06-30 13:00:00,9.118244000000000000,ug.m-3,hour,1,3,2026-07-03 08:00:00,,fd7102cd-7b92-4648-9873-34c654cb5096
IT/SPO.IT0477A_6001_BETA_2022-01-01_00:00:00,6001,2026-06-30 13:00:00,2026-06-30 14:00:00,-9999.000000000000000000,ug.m-3,hour,-1,3,2026-07-03 13:00:00,,524e4538-1bd2-441a-bc5c-acbdf195aead
IT/SPO.IT0477A_6001_BETA_2022-01-01_00:00:00,6001,2026-06-30 14:00:00,2026-06-30 15:00:00,-9999.000000000000000000,ug.m-3,hour,-1,3,2026-07-03 12:00:00,,585831fb-36b2-41a6-8eb7-61b17d23830b
IT/SPO.IT0477A_6001_BETA_2022-01-01_00:00:00,6001,2026-06-30 15:00:00,2026-06-30 16:00:00,-9999.000000000000000000,ug.m-3,hour,-1,3,2026-07-03 13:00:00,,524e4538-1bd2-441a-bc5c-acbdf195aead
IT/SPO.IT0477A_6001_BETA_2022-01-01_00:00:00,6001,2026-06-30 16:00:00,2026-06-30 17:00:00,-9999.000000000000000000,ug.m-3,hour,-1,3,2026-07-03 10:00:00,,42ed92b4-1735-418b-8099-18c60615e2ca
IT/SPO.IT0477A_6001_BETA_2022-01-01_00:00:00,6001,2026-06-30 17:00:00,2026-06-30 18:00:00,-9999.000000000000000000,ug.m-3,hour,-1,3,2026-07-03 12:00:00,,585831fb-36b2-41a6-8eb7-61b17d23830b
IT/SPO.IT0477A_6001_BETA_2022-01-01_00:00:00,6001,2026-06-30 18:00:00,2026-06-30 19:00:00,-9999.000000000000000000,ug.m-3,hour,-1,3,2026-07-03 13:00:00,,524e4538-1bd2-441a-bc5c-acbdf195aead
IT/SPO.IT0477A_6001_BETA_2022-01-01_00:00:00,6001,2026-06-30 19:00:00,2026-06-30 20:00:00,-9999.000000000000000000,ug.m-3,hour,-1,3,2026-07-03 11:00:00,,64e90c28-31bb-4706-9666-f609b278db01
IT/SPO.IT0477A_6001_BETA_2022-01-01_00:00:00,6001,2026-06-30 20:00:00,2026-06-30 21:00:00,-9999.000000000000000000,ug.m-3,hour,-1,3,2026-07-03 13:00:00,,524e4538-1bd2-441a-bc5c-acbdf195aead
IT/SPO.IT0477A_6001_BETA_2022-01-01_00:00:00,6001,2026-06-30 21:00:00,2026-06-30 22:00:00,-9999.000000000000000000,ug.m-3,hour,-1,3,2026-07-03 09:00:00,,fd896012-770a-4c60-b723-168a6ffc0320
IT/SPO.IT0477A_6001_BETA_2022-01-01_00:00:00,6001,2026-06-30 22:00:00,2026-06-30 23:00:00,-9999.000000000000000000,ug.m-3,hour,-1,3,2026-07-03 13:00:00,,524e4538-1bd2-441a-bc5c-acbdf195aead
IT/SPO.IT0477A_6001_BETA_2022-01-01_00:00:00,6001,2026-06-30 23:00:00,2026-07-01 00:00:00,-9999.000000000000000000,ug.m-3,hour,-1,3,2026-07-03 11:00:00,,64e90c28-31bb-4706-9666-f609b278db01
IT/SPO.IT0477A_6001_BETA_2022-01-01_00:00:00,6001,2026-07-01 00:00:00,2026-07-01 01:00:00,-9999.000000000000000000,ug.m-3,hour,-1,3,2026-07-03 14:00:00,,e5188a9e-a381-4cbc-a4df-cbf769dfec61
IT/SPO.IT0477A_6001_BETA_2022-01-01_00:00:00,6001,2026-07-01 01:00:00,2026-07-01 02:00:00,-9999.000000000000000000,ug.m-3,hour,-1,3,2026-07-03 12:00:00,,585831fb-36b2-41a6-8eb7-61b17d23830b
IT/SPO.IT0477A_6001_BETA_2022-01-01_00:00:00,6001,2026-07-01 02:00:00,2026-07-01 03:00:00,-9999.000000000000000000,ug.m-3,hour,-1,3,2026-07-03 12:00:00,,585831fb-36b2-41a6-8eb7-61b17d23830b
IT/SPO.IT0477A_6001_BETA_2022-01-01_00:00:00,6001,2026-07-01 03:00:00,2026-07-01 04:00:00,-9999.000000000000000000,ug.m-3,hour,-1,3,2026-07-03 14:00:00,,e5188a9e-a381-4cbc-a4df-cbf769dfec61
IT/SPO.IT0477A_6001_BETA_2022-01-01_00:00:00,6001,2026-07-01 04:00:00,2026-07-01 05:00:00,-9999.000000000000000000,ug.m-3,hour,-1,3,2026-07-03 13:00:00,,524e4538-1bd2-441a-bc5c-acbdf195aead
IT/SPO.IT0477A_6001_BETA_2022-01-01_00:00:00,6001,2026-07-01 05:00:00,2026-07-01 06:00:00,-9999.000000000000000000,ug.m-3,hour,-1,3,2026-07-03 13:00:00,,524e4538-1bd2-441a-bc5c-acbdf195aead
IT/SPO.IT0477A_6001_BETA_2022-01-01_00:00:00,6001,2026-07-01 06:00:00,2026-07-01 07:00:00,-9999.000000000000000000,ug.m-3,hour,-1,3,2026-07-03 14:00:00,,e5188a9e-a381-4cbc-a4df-cbf769dfec61
IT/SPO.IT0477A_6001_BETA_2022-01-01_00:00:00,6001,2026-07-01 07:00:00,2026-07-01 08:00:00,-9999.000000000000000000,ug.m-3,hour,-1,3,2026-07-01 07:00:00,,94f8992f-a3ce-41f5-bbef-f07706eb1caf
IT/SPO.IT0477A_6001_BETA_2022-01-01_00:00:00,6001,2026-07-01 08:00:00,2026-07-01 09:00:00,-9999.000000000000000000,ug.m-3,hour,-1,3,2026-07-03 14:00:00,,e5188a9e-a381-4cbc-a4df-cbf769dfec61
IT/SPO.IT0477A_6001_BETA_2022-01-01_00:00:00,6001,2026-07-01 09:00:00,2026-07-01 10:00:00,-9999.000000000000000000,ug.m-3,hour,-1,3,2026-07-03 10:00:00,,42ed92b4-1735-418b-8099-18c60615e2ca
IT/SPO.IT0477A_6001_BETA_2022-01-01_00:00:00,6001,2026-07-01 10:00:00,2026-07-01 11:00:00,-9999.000000000000000000,ug.m-3,hour,-1,3,2026-07-03 14:00:00,,e5188a9e-a381-4cbc-a4df-cbf769dfec61
IT/SPO.IT0477A_6001_BETA_2022-01-01_00:00:00,6001,2026-07-01 11:00:00,2026-07-01 12:00:00,-9999.000000000000000000,ug.m-3,hour,-1,3,2026-07-03 10:00:00,,42ed92b4-1735-418b-8099-18c60615e2ca
IT/SPO.IT0477A_6001_BETA_2022-01-01_00:00:00,6001,2026-07-01 12:00:00,2026-07-01 13:00:00,-9999.000000000000000000,ug.m-3,hour,-1,3,2026-07-03 12:00:00,,585831fb-36b2-41a6-8eb7-61b17d23830b
IT/SPO.IT0477A_6001_BETA_2022-01-01_00:00:00,6001,2026-07-01 13:00:00,2026-07-01 14:00:00,-9999.000000000000000000,ug.m-3,hour,-1,3,2026-07-03 12:00:00,,585831fb-36b2-41a6-8eb7-61b17d23830b
IT/SPO.IT0477A_6001_BETA_2022-01-01_00:00:00,6001,2026-07-01 14:00:00,2026-07-01 15:00:00,-9999.000000000000000000,ug.m-3,hour,-1,3,2026-07-03 14:00:00,,e5188a9e-a381-4cbc-a4df-cbf769dfec61
IT/SPO.IT0477A_6001_BETA_2022-01-01_00:00:00,6001,2026-07-01 15:00:00,2026-07-01 16:00:00,-9999.000000000000000000,ug.m-3,hour,-1,3,2026-07-03 08:00:00,,fd7102cd-7b92-4648-9873-34c654cb5096
IT/SPO.IT0477A_6001_BETA_2022-01-01_00:00:00,6001,2026-07-01 16:00:00,2026-07-01 17:00:00,-9999.000000000000000000,ug.m-3,hour,-1,3,2026-07-02 08:00:00,,26e2edf4-1743-4235-8118-40c266b7eae0
IT/SPO.IT0477A_6001_BETA_2022-01-01_00:00:00,6001,2026-07-01 17:00:00,2026-07-01 18:00:00,-9999.000000000000000000,ug.m-3,hour,-1,3,2026-07-02 08:00:00,,26e2edf4-1743-4235-8118-40c266b7eae0
IT/SPO.IT0477A_6001_BETA_2022-01-01_00:00:00,6001,2026-07-01 18:00:00,2026-07-01 19:00:00,-9999.000000000000000000,ug.m-3,hour,-1,3,2026-07-02 08:00:00,,26e2edf4-1743-4235-8118-40c266b7eae0
IT/SPO.IT0477A_6001_BETA_2022-01-01_00:00:00,6001,2026-07-01 19:00:00,2026-07-01 20:00:00,-9999.000000000000000000,ug.m-3,hour,-1,3,2026-07-02 08:00:00,,26e2edf4-1743-4235-8118-40c266b7eae0
IT/SPO.IT0477A_6001_BETA_2022-01-01_00:00:00,6001,2026-07-01 20:00:00,2026-07-01 21:00:00,-9999.000000000000000000,ug.m-3,hour,-1,3,2026-07-02 08:00:00,,26e2edf4-1743-4235-8118-40c266b7eae0
IT/SPO.IT0477A_6001_BETA_2022-01-01_00:00:00,6001,2026-07-01 21:00:00,2026-07-01 22:00:00,-9999.000000000000000000,ug.m-3,hour,-1,3,2026-07-02 08:00:00,,26e2edf4-1743-4235-8118-40c266b7eae0
IT/SPO.IT0477A_6001_BETA_2022-01-01_00:00:00,6001,2026-07-01 22:00:00,2026-07-01 23:00:00,-9999.000000000000000000,ug.m-3,hour,-1,3,2026-07-02 08:00:00,,26e2edf4-1743-4235-8118-40c266b7eae0
IT/SPO.IT0477A_6001_BETA_2022-01-01_00:00:00,6001,2026-07-01 23:00:00,2026-07-02 00:00:00,-9999.000000000000000000,ug.m-3,hour,-1,3,2026-07-02 08:00:00,,26e2edf4-1743-4235-8118-40c266b7eae0
IT/SPO.IT0477A_6001_BETA_2022-01-01_00:00:00,6001,2026-07-02 00:00:00,2026-07-02 01:00:00,-9999.000000000000000000,ug.m-3,hour,-1,3,2026-07-02 08:00:00,,26e2edf4-1743-4235-8118-40c266b7eae0
IT/SPO.IT0477A_6001_BETA_2022-01-01_00:00:00,6001,2026-07-02 01:00:00,2026-07-02 02:00:00,-9999.000000000000000000,ug.m-3,hour,-1,3,2026-07-02 08:00:00,,26e2edf4-1743-4235-8118-40c266b7eae0
IT/SPO.IT0477A_6001_BETA_2022-01-01_00:00:00,6001,2026-07-02 02:00:00,2026-07-02 03:00:00,-9999.000000000000000000,ug.m-3,hour,-1,3,2026-07-02 08:00:00,,26e2edf4-1743-4235-8118-40c266b7eae0
IT/SPO.IT0477A_6001_BETA_2022-01-01_00:00:00,6001,2026-07-02 03:00:00,2026-07-02 04:00:00,-9999.000000000000000000,ug.m-3,hour,-1,3,2026-07-02 08:00:00,,26e2edf4-1743-4235-8118-40c266b7eae0
IT/SPO.IT0477A_6001_BETA_2022-01-01_00:00:00,6001,2026-07-02 04:00:00,2026-07-02 05:00:00,-9999.000000000000000000,ug.m-3,hour,-1,3,2026-07-02 08:00:00,,26e2edf4-1743-4235-8118-40c266b7eae0
IT/SPO.IT0477A_6001_BETA_2022-01-01_00:00:00,6001,2026-07-02 05:00:00,2026-07-02 06:00:00,-9999.000000000000000000,ug.m-3,hour,-1,3,2026-07-02 08:00:00,,26e2edf4-1743-4235-8118-40c266b7eae0
IT/SPO.IT0477A_6001_BETA_2022-01-01_00:00:00,6001,2026-07-02 06:00:00,2026-07-02 07:00:00,-9999.000000000000000000,ug.m-3,hour,-1,3,2026-07-02 08:00:00,,26e2edf4-1743-4235-8118-40c266b7eae0
IT/SPO.IT0477A_6001_BETA_2022-01-01_00:00:00,6001,2026-07-02 07:00:00,2026-07-02 08:00:00,-9999.000000000000000000,ug.m-3,hour,-1,3,2026-07-02 08:00:00,,26e2edf4-1743-4235-8118-40c266b7eae0
IT/SPO.IT0477A_6001_BETA_2022-01-01_00:00:00,6001,2026-07-02 08:00:00,2026-07-02 09:00:00,-9999.000000000000000000,ug.m-3,hour,-1,3,2026-07-02 08:00:00,,26e2edf4-1743-4235-8118-40c266b7eae0
IT/SPO.IT0477A_6001_BETA_2022-01-01_00:00:00,6001,2026-07-02 09:00:00,2026-07-02 10:00:00,-9999.000000000000000000,ug.m-3,hour,-1,3,2026-07-03 13:00:00,,524e4538-1bd2-441a-bc5c-acbdf195aead
IT/SPO.IT0477A_6001_BETA_2022-01-01_00:00:00,6001,2026-07-02 10:00:00,2026-07-02 11:00:00,-9999.000000000000000000,ug.m-3,hour,-1,3,2026-07-03 10:00:00,,42ed92b4-1735-418b-8099-18c60615e2ca
IT/SPO.IT0477A_6001_BETA_2022-01-01_00:00:00,6001,2026-07-02 11:00:00,2026-07-02 12:00:00,-9999.000000000000000000,ug.m-3,hour,-1,3,2026-07-03 12:00:00,,585831fb-36b2-41a6-8eb7-61b17d23830b
IT/SPO.IT0477A_6001_BETA_2022-01-01_00:00:00,6001,2026-07-02 12:00:00,2026-07-02 13:00:00,-9999.000000000000000000,ug.m-3,hour,-1,3,2026-07-03 14:00:00,,e5188a9e-a381-4cbc-a4df-cbf769dfec61
IT/SPO.IT0477A_6001_BETA_2022-01-01_00:00:00,6001,2026-07-02 13:00:00,2026-07-02 14:00:00,-9999.000000000000000000,ug.m-3,hour,-1,3,2026-07-03 14:00:00,,e5188a9e-a381-4cbc-a4df-cbf769dfec61
IT/SPO.IT0477A_6001_BETA_2022-01-01_00:00:00,6001,2026-07-02 14:00:00,2026-07-02 15:00:00,-9999.000000000000000000,ug.m-3,hour,-1,3,2026-07-03 13:00:00,,524e4538-1bd2-441a-bc5c-acbdf195aead
IT/SPO.IT0477A_6001_BETA_2022-01-01_00:00:00,6001,2026-07-02 15:00:00,2026-07-02 16:00:00,-9999.000000000000000000,ug.m-3,hour,-1,3,2026-07-03 10:00:00,,42ed92b4-1735-418b-8099-18c60615e2ca
IT/SPO.IT0477A_6001_BETA_2022-01-01_00:00:00,6001,2026-07-02 16:00:00,2026-07-02 17:00:00,-9999.000000000000000000,ug.m-3,hour,-1,3,2026-07-03 11:00:00,,64e90c28-31bb-4706-9666-f609b278db01
IT/SPO.IT0477A_6001_BETA_2022-01-01_00:00:00,6001,2026-07-02 17:00:00,2026-07-02 18:00:00,-9999.000000000000000000,ug.m-3,hour,-1,3,2026-07-06 08:00:00,,9f8978e2-8ded-482d-82c3-ed1ebb6350e2
IT/SPO.IT0477A_6001_BETA_2022-01-01_00:00:00,6001,2026-07-02 18:00:00,2026-07-02 19:00:00,-9999.000000000000000000,ug.m-3,hour,-1,3,2026-07-06 09:00:00,,e4201053-ecd2-4c96-a123-4685d5f50432
IT/SPO.IT0477A_6001_BETA_2022-01-01_00:00:00,6001,2026-07-02 19:00:00,2026-07-02 20:00:00,-9999.000000000000000000,ug.m-3,hour,-1,3,2026-07-03 08:00:00,,fd7102cd-7b92-4648-9873-34c654cb5096
IT/SPO.IT0477A_6001_BETA_2022-01-01_00:00:00,6001,2026-07-02 20:00:00,2026-07-02 21:00:00,-9999.000000000000000000,ug.m-3,hour,-1,3,2026-07-02 20:00:00,,4d940073-47a7-47ea-aad1-4ba83eebef85
IT/SPO.IT0477A_6001_BETA_2022-01-01_00:00:00,6001,2026-07-02 21:00:00,2026-07-02 22:00:00,-9999.000000000000000000,ug.m-3,hour,-1,3,2026-07-06 08:00:00,,9f8978e2-8ded-482d-82c3-ed1ebb6350e2
IT/SPO.IT0477A_6001_BETA_2022-01-01_00:00:00,6001,2026-07-02 22:00:00,2026-07-02 23:00:00,-9999.000000000000000000,ug.m-3,hour,-1,3,2026-07-03 14:00:00,,e5188a9e-a381-4cbc-a4df-cbf769dfec61
IT/SPO.IT0477A_6001_BETA_2022-01-01_00:00:00,6001,2026-07-02 23:00:00,2026-07-03 00:00:00,-9999.000000000000000000,ug.m-3,hour,-1,3,2026-07-06 09:00:00,,e4201053-ecd2-4c96-a123-4685d5f50432
IT/SPO.IT0477A_6001_BETA_2022-01-01_00:00:00,6001,2026-07-03 00:00:00,2026-07-03 01:00:00,-9999.000000000000000000,ug.m-3,hour,-1,3,2026-07-03 09:00:00,,fd896012-770a-4c60-b723-168a6ffc0320
IT/SPO.IT0477A_6001_BETA_2022-01-01_00:00:00,6001,2026-07-03 01:00:00,2026-07-03 02:00:00,-9999.000000000000000000,ug.m-3,hour,-1,3,2026-07-06 09:00:00,,e4201053-ecd2-4c96-a123-4685d5f50432
IT/SPO.IT0477A_6001_BETA_2022-01-01_00:00:00,6001,2026-07-03 02:00:00,2026-07-03 03:00:00,-9999.000000000000000000,ug.m-3,hour,-1,3,2026-07-03 13:00:00,,524e4538-1bd2-441a-bc5c-acbdf195aead
IT/SPO.IT0477A_6001_BETA_2022-01-01_00:00:00,6001,2026-07-03 03:00:00,2026-07-03 04:00:00,-9999.000000000000000000,ug.m-3,hour,-1,3,2026-07-06 09:00:00,,e4201053-ecd2-4c96-a123-4685d5f50432
IT/SPO.IT0477A_6001_BETA_2022-01-01_00:00:00,6001,2026-07-03 04:00:00,2026-07-03 05:00:00,-9999.000000000000000000,ug.m-3,hour,-1,3,2026-07-06 09:00:00,,e4201053-ecd2-4c96-a123-4685d5f50432
IT/SPO.IT0477A_6001_BETA_2022-01-01_00:00:00,6001,2026-07-03 05:00:00,2026-07-03 06:00:00,-9999.000000000000000000,ug.m-3,hour,-1,3,2026-07-03 11:00:00,,64e90c28-31bb-4706-9666-f609b278db01
IT/SPO.IT0477A_6001_BETA_2022-01-01_00:00:00,6001,2026-07-03 06:00:00,2026-07-03 07:00:00,-9999.000000000000000000,ug.m-3,hour,-1,3,2026-07-06 09:00:00,,e4201053-ecd2-4c96-a123-4685d5f50432
IT/SPO.IT0477A_6001_BETA_2022-01-01_00:00:00,6001,2026-07-03 07:00:00,2026-07-03 08:00:00,-9999.000000000000000000,ug.m-3,hour,-1,3,2026-07-03 07:00:00,,299f95aa-b4cc-418e-b222-b95d3139bc66
IT/SPO.IT0477A_6001_BETA_2022-01-01_00:00:00,6001,2026-07-03 08:00:00,2026-07-03 09:00:00,-9999.000000000000000000,ug.m-3,hour,-1,3,2026-07-17 08:00:00,,b4219dda-e0ad-4a1c-bb1d-0b1dfa690c1d
IT/SPO.IT0477A_6001_BETA_2022-01-01_00:00:00,6001,2026-07-03 11:00:00,2026-07-03 12:00:00,-9999.000000000000000000,ug.m-3,hour,-1,3,2026-07-07 09:00:00,,a2d0893e-cb10-4648-9ba0-b06bf6229dbb
IT/SPO.IT0477A_6001_BETA_2022-01-01_00:00:00,6001,2026-07-03 15:00:00,2026-07-03 16:00:00,9.817568000000000000,ug.m-3,hour,1,3,2026-07-07 08:00:00,,e38691c2-f3d4-4f8e-ab23-1bccf5cc9b7e
IT/SPO.IT0477A_6001_BETA_2022-01-01_00:00:00,6001,2026-07-03 16:00:00,2026-07-03 17:00:00,14.509000000000000000,ug.m-3,hour,1,3,2026-07-06 09:00:00,,e4201053-ecd2-4c96-a123-4685d5f50432
IT/SPO.IT0477A_6001_BETA_2022-01-01_00:00:00,6001,2026-07-03 17:00:00,2026-07-03 18:00:00,10.156300000000000000,ug.m-3,hour,1,3,2026-07-03 17:00:00,,c93334a7-9e5a-4af8-b3b9-c6bc04ad42f8
IT/SPO.IT0477A_6001_BETA_2022-01-01_00:00:00,6001,2026-07-03 18:00:00,2026-07-03 19:00:00,14.954224000000000000,ug.m-3,hour,1,3,2026-07-06 08:00:00,,9f8978e2-8ded-482d-82c3-ed1ebb6350e2
IT/SPO.IT0477A_6001_BETA_2022-01-01_00:00:00,6001,2026-07-03 20:00:00,2026-07-03 21:00:00,7.327569000000000000,ug.m-3,hour,1,3,2026-07-06 09:00:00,,e4201053-ecd2-4c96-a123-4685d5f50432
IT/SPO.IT0477A_6001_BETA_2022-01-01_00:00:00,6001,2026-07-03 21:00:00,2026-07-03 22:00:00,7.486901000000000000,ug.m-3,hour,1,3,2026-07-17 09:00:00,,cdc60304-4c09-4506-b2e1-73cc35462d4e
IT/SPO.IT0477A_6001_BETA_2022-01-01_00:00:00,6001,2026-07-03 22:00:00,2026-07-03 23:00:00,10.095626000000000000,ug.m-3,hour,1,3,2026-07-07 08:00:00,,e38691c2-f3d4-4f8e-ab23-1bccf5cc9b7e
IT/SPO.IT0477A_6001_BETA_2022-01-01_00:00:00,6001,2026-07-03 23:00:00,2026-07-04 00:00:00,8.076501000000000000,ug.m-3,hour,1,3,2026-07-07 08:00:00,,e38691c2-f3d4-4f8e-ab23-1bccf5cc9b7e
IT/SPO.IT0477A_6001_BETA_2022-01-01_00:00:00,6001,2026-07-04 00:00:00,2026-07-04 01:00:00,6.461200000000000000,ug.m-3,hour,1,3,2026-07-04 01:00:00,,caf02809-4f9c-4d38-9598-6677925bb2ce
IT/SPO.IT0477A_6001_BETA_2022-01-01_00:00:00,6001,2026-07-04 01:00:00,2026-07-04 02:00:00,6.461200000000000000,ug.m-3,hour,1,3,2026-07-04 01:00:00,,caf02809-4f9c-4d38-9598-6677925bb2ce
IT/SPO.IT0477A_6001_BETA_2022-01-01_00:00:00,6001,2026-07-04 02:00:00,2026-07-04 03:00:00,9.626069000000000000,ug.m-3,hour,1,3,2026-07-13 08:00:00,,f47af3c9-98a3-48a1-8d61-b177c5353c61
IT/SPO.IT0477A_6001_BETA_2022-01-01_00:00:00,6001,2026-07-04 03:00:00,2026-07-04 04:00:00,7.700855000000000000,ug.m-3,hour,1,3,2026-07-07 09:00:00,,a2d0893e-cb10-4648-9ba0-b06bf6229dbb
IT/SPO.IT0477A_6001_BETA_2022-01-01_00:00:00,6001,2026-07-04 04:00:00,2026-07-04 05:00:00,7.257786000000000000,ug.m-3,hour,1,3,2026-07-06 09:00:00,,e4201053-ecd2-4c96-a123-4685d5f50432
IT/SPO.IT0477A_6001_BETA_2022-01-01_00:00:00,6001,2026-07-04 05:00:00,2026-07-04 06:00:00,8.494874000000000000,ug.m-3,hour,1,3,2026-07-08 08:00:00,,33b349b3-4997-4dd2-be4a-fb9cb2cb29a4
IT/SPO.IT0477A_6001_BETA_2022-01-01_00:00:00,6001,2026-07-04 06:00:00,2026-07-04 07:00:00,8.237073000000000000,ug.m-3,hour,1,3,2026-07-07 09:00:00,,a2d0893e-cb10-4648-9ba0-b06bf6229dbb
IT/SPO.IT0477A_6001_BETA_2022-01-01_00:00:00,6001,2026-07-04 07:00:00,2026-07-04 08:00:00,8.552730000000000000,ug.m-3,hour,1,3,2026-07-17 09:00:00,,cdc60304-4c09-4506-b2e1-73cc35462d4e
IT/SPO.IT0477A_6001_BETA_2022-01-01_00:00:00,6001,2026-07-04 08:00:00,2026-07-04 09:00:00,6.842184000000000000,ug.m-3,hour,1,3,2026-07-04 09:00:00,,b9ad6872-a513-4800-817b-567f40eb7c5a
IT/SPO.IT0477A_6001_BETA_2022-01-01_00:00:00,6001,2026-07-04 09:00:00,2026-07-04 10:00:00,19.395075000000000000,ug.m-3,hour,1,3,2026-07-06 08:00:00,,9f8978e2-8ded-482d-82c3-ed1ebb6350e2
IT/SPO.IT0477A_6001_BETA_2022-01-01_00:00:00,6001,2026-07-04 10:00:00,2026-07-04 11:00:00,13.576552000000000000,ug.m-3,hour,1,3,2026-07-06 08:00:00,,9f8978e2-8ded-482d-82c3-ed1ebb6350e2
IT/SPO.IT0477A_6001_BETA_2022-01-01_00:00:00,6001,2026-07-04 11:00:00,2026-07-04 12:00:00,9.503587000000000000,ug.m-3,hour,1,3,2026-07-07 09:00:00,,a2d0893e-cb10-4648-9ba0-b06bf6229dbb
IT/SPO.IT0477A_6001_BETA_2022-01-01_00:00:00,6001,2026-07-04 12:00:00,2026-07-04 13:00:00,12.809609000000000000,ug.m-3,hour,1,3,2026-07-08 09:00:00,,d2e4fd37-dfda-45f2-923d-aedfea589f75
IT/SPO.IT0477A_6001_BETA_2022-01-01_00:00:00,6001,2026-07-04 13:00:00,2026-07-04 14:00:00,10.039657000000000000,ug.m-3,hour,1,3,2026-07-17 08:00:00,,b4219dda-e0ad-4a1c-bb1d-0b1dfa690c1d
IT/SPO.IT0477A_6001_BETA_2022-01-01_00:00:00,6001,2026-07-04 14:00:00,2026-07-04 15:00:00,8.121471000000000000,ug.m-3,hour,1,3,2026-07-17 08:00:00,,b4219dda-e0ad-4a1c-bb1d-0b1dfa690c1d
IT/SPO.IT0477A_6001_BETA_2022-01-01_00:00:00,6001,2026-07-04 15:00:00,2026-07-04 16:00:00,10.932205000000000000,ug.m-3,hour,1,3,2026-07-08 08:00:00,,33b349b3-4997-4dd2-be4a-fb9cb2cb29a4
IT/SPO.IT0477A_6001_BETA_2022-01-01_00:00:00,6001,2026-07-04 16:00:00,2026-07-04 17:00:00,9.879180000000000000,ug.m-3,hour,1,3,2026-07-08 09:00:00,,d2e4fd37-dfda-45f2-923d-aedfea589f75
IT/SPO.IT0477A_6001_BETA_2022-01-01_00:00:00,6001,2026-07-04 17:00:00,2026-07-04 18:00:00,7.903343000000000000,ug.m-3,hour,1,3,2026-07-17 09:00:00,,cdc60304-4c09-4506-b2e1-73cc35462d4e
IT/SPO.IT0477A_6001_BETA_2022-01-01_00:00:00,6001,2026-07-04 18:00:00,2026-07-04 19:00:00,6.322675000000000000,ug.m-3,hour,1,3,2026-07-07 09:00:00,,a2d0893e-cb10-4648-9ba0-b06bf6229dbb
IT/SPO.IT0477A_6001_BETA_2022-01-01_00:00:00,6001,2026-07-04 19:00:00,2026-07-04 20:00:00,8.653919000000000000,ug.m-3,hour,1,3,2026-07-08 08:00:00,,33b349b3-4997-4dd2-be4a-fb9cb2cb29a4
IT/SPO.IT0477A_6001_BETA_2022-01-01_00:00:00,6001,2026-07-04 20:00:00,2026-07-04 21:00:00,8.101994000000000000,ug.m-3,hour,1,3,2026-07-08 08:00:00,,33b349b3-4997-4dd2-be4a-fb9cb2cb29a4
IT/SPO.IT0477A_6001_BETA_2022-01-01_00:00:00,6001,2026-07-04 21:00:00,2026-07-04 22:00:00,9.683201000000000000,ug.m-3,hour,1,3,2026-07-07 09:00:00,,a2d0893e-cb10-4648-9ba0-b06bf6229dbb
IT/SPO.IT0477A_6001_BETA_2022-01-01_00:00:00,6001,2026-07-04 22:00:00,2026-07-04 23:00:00,7.746561000000000000,ug.m-3,hour,1,3,2026-07-17 08:00:00,,b4219dda-e0ad-4a1c-bb1d-0b1dfa690c1d
IT/SPO.IT0477A_6001_BETA_2022-01-01_00:00:00,6001,2026-07-04 23:00:00,2026-07-05 00:00:00,6.763952000000000000,ug.m-3,hour,1,3,2026-07-17 08:00:00,,b4219dda-e0ad-4a1c-bb1d-0b1dfa690c1d
IT/SPO.IT0477A_6001_BETA_2022-01-01_00:00:00,6001,2026-07-05 00:00:00,2026-07-05 01:00:00,16.575062000000000000,ug.m-3,hour,1,3,2026-07-08 09:00:00,,d2e4fd37-dfda-45f2-923d-aedfea589f75
IT/SPO.IT0477A_6001_BETA_2022-01-01_00:00:00,6001,2026-07-05 01:00:00,2026-07-05 02:00:00,11.602543000000000000,ug.m-3,hour,1,3,2026-07-07 08:00:00,,e38691c2-f3d4-4f8e-ab23-1bccf5cc9b7e
IT/SPO.IT0477A_6001_BETA_2022-01-01_00:00:00,6001,2026-07-05 02:00:00,2026-07-05 03:00:00,8.121779000000000000,ug.m-3,hour,1,3,2026-07-17 08:00:00,,b4219dda-e0ad-4a1c-bb1d-0b1dfa690c1d
IT/SPO.IT0477A_6001_BETA_2022-01-01_00:00:00,6001,2026-07-05 03:00:00,2026-07-05 04:00:00,12.736047000000000000,ug.m-3,hour,1,3,2026-07-17 09:00:00,,cdc60304-4c09-4506-b2e1-73cc35462d4e
IT/SPO.IT0477A_6001_BETA_2022-01-01_00:00:00,6001,2026-07-05 04:00:00,2026-07-05 05:00:00,8.915233000000000000,ug.m-3,hour,1,3,2026-07-17 09:00:00,,cdc60304-4c09-4506-b2e1-73cc35462d4e
IT/SPO.IT0477A_6001_BETA_2022-01-01_00:00:00,6001,2026-07-05 05:00:00,2026-07-05 06:00:00,7.452952000000000000,ug.m-3,hour,1,3,2026-07-13 08:00:00,,f47af3c9-98a3-48a1-8d61-b177c5353c61
IT/SPO.IT0477A_6001_BETA_2022-01-01_00:00:00,6001,2026-07-05 06:00:00,2026-07-05 07:00:00,8.755217000000000000,ug.m-3,hour,1,3,2026-07-13 09:00:00,,eae2c6d5-ff30-40b3-a13f-8f96e3207520
IT/SPO.IT0477A_6001_BETA_2022-01-01_00:00:00,6001,2026-07-05 07:00:00,2026-07-05 08:00:00,12.561658000000000000,ug.m-3,hour,1,3,2026-07-17 09:00:00,,cdc60304-4c09-4506-b2e1-73cc35462d4e
IT/SPO.IT0477A_6001_BETA_2022-01-01_00:00:00,6001,2026-07-05 08:00:00,2026-07-05 09:00:00,13.389470000000000000,ug.m-3,hour,1,3,2026-07-17 09:00:00,,cdc60304-4c09-4506-b2e1-73cc35462d4e
IT/SPO.IT0477A_6001_BETA_2022-01-01_00:00:00,6001,2026-07-05 09:00:00,2026-07-05 10:00:00,10.079788000000000000,ug.m-3,hour,1,3,2026-07-17 09:00:00,,cdc60304-4c09-4506-b2e1-73cc35462d4e
IT/SPO.IT0477A_6001_BETA_2022-01-01_00:00:00,6001,2026-07-05 10:00:00,2026-07-05 11:00:00,16.320532000000000000,ug.m-3,hour,1,3,2026-07-06 09:00:00,,e4201053-ecd2-4c96-a123-4685d5f50432
IT/SPO.IT0477A_6001_BETA_2022-01-01_00:00:00,6001,2026-07-05 11:00:00,2026-07-05 12:00:00,11.424372000000000000,ug.m-3,hour,1,3,2026-07-13 08:00:00,,f47af3c9-98a3-48a1-8d61-b177c5353c61
IT/SPO.IT0477A_6001_BETA_2022-01-01_00:00:00,6001,2026-07-05 12:00:00,2026-07-05 13:00:00,7.997060000000000000,ug.m-3,hour,1,3,2026-07-08 08:00:00,,33b349b3-4997-4dd2-be4a-fb9cb2cb29a4
IT/SPO.IT0477A_6001_BETA_2022-01-01_00:00:00,6001,2026-07-05 13:00:00,2026-07-05 14:00:00,10.277236000000000000,ug.m-3,hour,1,3,2026-07-08 08:00:00,,33b349b3-4997-4dd2-be4a-fb9cb2cb29a4
IT/SPO.IT0477A_6001_BETA_2022-01-01_00:00:00,6001,2026-07-05 14:00:00,2026-07-05 15:00:00,9.975702000000000000,ug.m-3,hour,1,3,2026-07-17 09:00:00,,cdc60304-4c09-4506-b2e1-73cc35462d4e
IT/SPO.IT0477A_6001_BETA_2022-01-01_00:00:00,6001,2026-07-05 15:00:00,2026-07-05 16:00:00,7.980563000000000000,ug.m-3,hour,1,3,2026-07-06 08:00:00,,9f8978e2-8ded-482d-82c3-ed1ebb6350e2
IT/SPO.IT0477A_6001_BETA_2022-01-01_00:00:00,6001,2026-07-05 16:00:00,2026-07-05 17:00:00,6.727285000000000000,ug.m-3,hour,1,3,2026-07-05 17:00:00,,311661ff-cdc6-4e84-a27f-e2d8c707088c
IT/SPO.IT0477A_6001_BETA_2022-01-01_00:00:00,6001,2026-07-05 17:00:00,2026-07-05 18:00:00,9.091009000000000000,ug.m-3,hour,1,3,2026-07-17 08:00:00,,b4219dda-e0ad-4a1c-bb1d-0b1dfa690c1d
IT/SPO.IT0477A_6001_BETA_2022-01-01_00:00:00,6001,2026-07-05 18:00:00,2026-07-05 19:00:00,7.272807000000000000,ug.m-3,hour,1,3,2026-07-17 08:00:00,,b4219dda-e0ad-4a1c-bb1d-0b1dfa690c1d
IT/SPO.IT0477A_6001_BETA_2022-01-01_00:00:00,6001,2026-07-05 19:00:00,2026-07-05 20:00:00,7.759163000000000000,ug.m-3,hour,1,3,2026-07-17 08:00:00,,b4219dda-e0ad-4a1c-bb1d-0b1dfa690c1d
IT/SPO.IT0477A_6001_BETA_2022-01-01_00:00:00,6001,2026-07-05 20:00:00,2026-07-05 21:00:00,6.207331000000000000,ug.m-3,hour,1,3,2026-07-13 09:00:00,,eae2c6d5-ff30-40b3-a13f-8f96e3207520
IT/SPO.IT0477A_6001_BETA_2022-01-01_00:00:00,6001,2026-07-05 21:00:00,2026-07-05 22:00:00,4.965865000000000000,ug.m-3,hour,1,3,2026-07-17 08:00:00,,b4219dda-e0ad-4a1c-bb1d-0b1dfa690c1d
IT/SPO.IT0477A_6001_BETA_2022-01-01_00:00:00,6001,2026-07-05 22:00:00,2026-07-05 23:00:00,3.972692000000000000,ug.m-3,hour,1,3,2026-07-13 09:00:00,,eae2c6d5-ff30-40b3-a13f-8f96e3207520
IT/SPO.IT0477A_6001_BETA_2022-01-01_00:00:00,6001,2026-07-05 23:00:00,2026-07-06 00:00:00,5.787977000000000000,ug.m-3,hour,1,3,2026-07-17 09:00:00,,cdc60304-4c09-4506-b2e1-73cc35462d4e
IT/SPO.IT0477A_6001_BETA_2022-01-01_00:00:00,6001,2026-07-06 00:00:00,2026-07-06 01:00:00,10.141240000000000000,ug.m-3,hour,1,3,2026-07-17 09:00:00,,cdc60304-4c09-4506-b2e1-73cc35462d4e
IT/SPO.IT0477A_6001_BETA_2022-01-01_00:00:00,6001,2026-07-06 01:00:00,2026-07-06 02:00:00,8.112992000000000000,ug.m-3,hour,1,3,2026-07-17 09:00:00,,cdc60304-4c09-4506-b2e1-73cc35462d4e
IT/SPO.IT0477A_6001_BETA_2022-01-01_00:00:00,6001,2026-07-06 02:00:00,2026-07-06 03:00:00,6.490394000000000000,ug.m-3,hour,1,3,2026-07-08 08:00:00,,33b349b3-4997-4dd2-be4a-fb9cb2cb29a4
IT/SPO.IT0477A_6001_BETA_2022-01-01_00:00:00,6001,2026-07-06 03:00:00,2026-07-06 04:00:00,5.925095000000000000,ug.m-3,hour,1,3,2026-07-17 08:00:00,,b4219dda-e0ad-4a1c-bb1d-0b1dfa690c1d
IT/SPO.IT0477A_6001_BETA_2022-01-01_00:00:00,6001,2026-07-06 04:00:00,2026-07-06 05:00:00,4.740076000000000000,ug.m-3,hour,1,3,2026-07-17 08:00:00,,b4219dda-e0ad-4a1c-bb1d-0b1dfa690c1d
IT/SPO.IT0477A_6001_BETA_2022-01-01_00:00:00,6001,2026-07-06 05:00:00,2026-07-06 06:00:00,7.441333000000000000,ug.m-3,hour,1,3,2026-07-13 09:00:00,,eae2c6d5-ff30-40b3-a13f-8f96e3207520
IT/SPO.IT0477A_6001_BETA_2022-01-01_00:00:00,6001,2026-07-06 06:00:00,2026-07-06 07:00:00,14.825541000000000000,ug.m-3,hour,1,3,2026-07-08 08:00:00,,33b349b3-4997-4dd2-be4a-fb9cb2cb29a4
IT/SPO.IT0477A_6001_BETA_2022-01-01_00:00:00,6001,2026-07-06 07:00:00,2026-07-06 08:00:00,10.377879000000000000,ug.m-3,hour,1,3,2026-07-09 08:00:00,,772bd2c6-698e-498e-8df8-86eecb5e3062
IT/SPO.IT0477A_6001_BETA_2022-01-01_00:00:00,6001,2026-07-06 08:00:00,2026-07-06 09:00:00,7.264515000000000000,ug.m-3,hour,1,3,2026-07-17 09:00:00,,cdc60304-4c09-4506-b2e1-73cc35462d4e
IT/SPO.IT0477A_6001_BETA_2022-01-01_00:00:00,6001,2026-07-06 09:00:00,2026-07-06 10:00:00,6.657885000000000000,ug.m-3,hour,1,3,2026-07-07 08:00:00,,e38691c2-f3d4-4f8e-ab23-1bccf5cc9b7e
IT/SPO.IT0477A_6001_BETA_2022-01-01_00:00:00,6001,2026-07-06 10:00:00,2026-07-06 11:00:00,9.479214000000000000,ug.m-3,hour,1,3,2026-07-13 08:00:00,,f47af3c9-98a3-48a1-8d61-b177c5353c61
IT/SPO.IT0477A_6001_BETA_2022-01-01_00:00:00,6001,2026-07-06 11:00:00,2026-07-06 12:00:00,12.489236000000000000,ug.m-3,hour,1,3,2026-07-17 09:00:00,,cdc60304-4c09-4506-b2e1-73cc35462d4e
IT/SPO.IT0477A_6001_BETA_2022-01-01_00:00:00,6001,2026-07-06 12:00:00,2026-07-06 13:00:00,8.742465000000000000,ug.m-3,hour,1,3,2026-07-17 08:00:00,,b4219dda-e0ad-4a1c-bb1d-0b1dfa690c1d
IT/SPO.IT0477A_6001_BETA_2022-01-01_00:00:00,6001,2026-07-06 13:00:00,2026-07-06 14:00:00,6.993972000000000000,ug.m-3,hour,1,3,2026-07-17 08:00:00,,b4219dda-e0ad-4a1c-bb1d-0b1dfa690c1d
IT/SPO.IT0477A_6001_BETA_2022-01-01_00:00:00,6001,2026-07-06 14:00:00,2026-07-06 15:00:00,5.595178000000000000,ug.m-3,hour,1,3,2026-07-17 09:00:00,,cdc60304-4c09-4506-b2e1-73cc35462d4e
IT/SPO.IT0477A_6001_BETA_2022-01-01_00:00:00,6001,2026-07-06 15:00:00,2026-07-06 16:00:00,4.476142000000000000,ug.m-3,hour,1,3,2026-07-17 09:00:00,,cdc60304-4c09-4506-b2e1-73cc35462d4e
IT/SPO.IT0477A_6001_BETA_2022-01-01_00:00:00,6001,2026-07-06 16:00:00,2026-07-06 17:00:00,3.650222000000000000,ug.m-3,hour,1,3,2026-07-17 09:00:00,,cdc60304-4c09-4506-b2e1-73cc35462d4e
IT/SPO.IT0477A_6001_BETA_2022-01-01_00:00:00,6001,2026-07-06 17:00:00,2026-07-06 18:00:00,6.769732000000000000,ug.m-3,hour,1,3,2026-07-13 08:00:00,,f47af3c9-98a3-48a1-8d61-b177c5353c61
IT/SPO.IT0477A_6001_BETA_2022-01-01_00:00:00,6001,2026-07-06 18:00:00,2026-07-06 19:00:00,6.463347000000000000,ug.m-3,hour,1,3,2026-07-17 09:00:00,,cdc60304-4c09-4506-b2e1-73cc35462d4e
IT/SPO.IT0477A_6001_BETA_2022-01-01_00:00:00,6001,2026-07-06 19:00:00,2026-07-06 20:00:00,8.623431000000000000,ug.m-3,hour,1,3,2026-07-13 09:00:00,,eae2c6d5-ff30-40b3-a13f-8f96e3207520
IT/SPO.IT0477A_6001_BETA_2022-01-01_00:00:00,6001,2026-07-06 20:00:00,2026-07-06 21:00:00,6.898746000000000000,ug.m-3,hour,1,3,2026-07-17 09:00:00,,cdc60304-4c09-4506-b2e1-73cc35462d4e
IT/SPO.IT0477A_6001_BETA_2022-01-01_00:00:00,6001,2026-07-06 21:00:00,2026-07-06 22:00:00,5.518996000000000000,ug.m-3,hour,1,3,2026-07-09 08:00:00,,772bd2c6-698e-498e-8df8-86eecb5e3062
IT/SPO.IT0477A_6001_BETA_2022-01-01_00:00:00,6001,2026-07-06 22:00:00,2026-07-06 23:00:00,4.415197000000000000,ug.m-3,hour,1,3,2026-07-17 09:00:00,,cdc60304-4c09-4506-b2e1-73cc35462d4e
IT/SPO.IT0477A_6001_BETA_2022-01-01_00:00:00,6001,2026-07-06 23:00:00,2026-07-07 00:00:00,3.959747000000000000,ug.m-3,hour,1,3,2026-07-10 10:00:00,,438a30ae-3f91-4ad2-9943-5e31d1da5b6d
IT/SPO.IT0477A_6001_BETA_2022-01-01_00:00:00,6001,2026-07-07 00:00:00,2026-07-07 01:00:00,8.041925000000000000,ug.m-3,hour,1,3,2026-07-17 09:00:00,,cdc60304-4c09-4506-b2e1-73cc35462d4e
IT/SPO.IT0477A_6001_BETA_2022-01-01_00:00:00,6001,2026-07-07 01:00:00,2026-07-07 02:00:00,7.493174000000000000,ug.m-3,hour,1,3,2026-07-13 09:00:00,,eae2c6d5-ff30-40b3-a13f-8f96e3207520
IT/SPO.IT0477A_6001_BETA_2022-01-01_00:00:00,6001,2026-07-07 02:00:00,2026-07-07 03:00:00,6.073526000000000000,ug.m-3,hour,1,3,2026-07-08 08:00:00,,33b349b3-4997-4dd2-be4a-fb9cb2cb29a4
IT/SPO.IT0477A_6001_BETA_2022-01-01_00:00:00,6001,2026-07-07 03:00:00,2026-07-07 04:00:00,8.706244000000000000,ug.m-3,hour,1,3,2026-07-17 08:00:00,,b4219dda-e0ad-4a1c-bb1d-0b1dfa690c1d
IT/SPO.IT0477A_6001_BETA_2022-01-01_00:00:00,6001,2026-07-07 04:00:00,2026-07-07 05:00:00,6.964995000000000000,ug.m-3,hour,1,3,2026-07-13 08:00:00,,f47af3c9-98a3-48a1-8d61-b177c5353c61
IT/SPO.IT0477A_6001_BETA_2022-01-01_00:00:00,6001,2026-07-07 05:00:00,2026-07-07 06:00:00,5.571996000000000000,ug.m-3,hour,1,3,2026-07-17 09:00:00,,cdc60304-4c09-4506-b2e1-73cc35462d4e
IT/SPO.IT0477A_6001_BETA_2022-01-01_00:00:00,6001,2026-07-07 06:00:00,2026-07-07 07:00:00,11.525080000000000000,ug.m-3,hour,1,3,2026-07-17 08:00:00,,b4219dda-e0ad-4a1c-bb1d-0b1dfa690c1d
IT/SPO.IT0477A_6001_BETA_2022-01-01_00:00:00,6001,2026-07-07 07:00:00,2026-07-07 08:00:00,9.220064000000000000,ug.m-3,hour,1,3,2026-07-10 10:00:00,,438a30ae-3f91-4ad2-9943-5e31d1da5b6d
IT/SPO.IT0477A_6001_BETA_2022-01-01_00:00:00,6001,2026-07-07 08:00:00,2026-07-07 09:00:00,14.521399000000000000,ug.m-3,hour,1,3,2026-07-13 08:00:00,,f47af3c9-98a3-48a1-8d61-b177c5353c61
IT/SPO.IT0477A_6001_BETA_2022-01-01_00:00:00,6001,2026-07-07 09:00:00,2026-07-07 10:00:00,10.164980000000000000,ug.m-3,hour,1,3,2026-07-13 08:00:00,,f47af3c9-98a3-48a1-8d61-b177c5353c61
IT/SPO.IT0477A_6001_BETA_2022-01-01_00:00:00,6001,2026-07-07 10:00:00,2026-07-07 11:00:00,8.131984000000000000,ug.m-3,hour,1,3,2026-07-17 09:00:00,,cdc60304-4c09-4506-b2e1-73cc35462d4e
IT/SPO.IT0477A_6001_BETA_2022-01-01_00:00:00,6001,2026-07-07 11:00:00,2026-07-07 12:00:00,7.195931000000000000,ug.m-3,hour,1,3,2026-07-13 09:00:00,,eae2c6d5-ff30-40b3-a13f-8f96e3207520
IT/SPO.IT0477A_6001_BETA_2022-01-01_00:00:00,6001,2026-07-07 12:00:00,2026-07-07 13:00:00,8.210684000000000000,ug.m-3,hour,1,3,2026-07-17 08:00:00,,b4219dda-e0ad-4a1c-bb1d-0b1dfa690c1d
IT/SPO.IT0477A_6001_BETA_2022-01-01_00:00:00,6001,2026-07-07 13:00:00,2026-07-07 14:00:00,6.568547000000000000,ug.m-3,hour,1,3,2026-07-10 10:00:00,,438a30ae-3f91-4ad2-9943-5e31d1da5b6d
IT/SPO.IT0477A_6001_BETA_2022-01-01_00:00:00,6001,2026-07-07 14:00:00,2026-07-07 15:00:00,9.056252000000000000,ug.m-3,hour,1,3,2026-07-17 09:00:00,,cdc60304-4c09-4506-b2e1-73cc35462d4e
IT/SPO.IT0477A_6001_BETA_2022-01-01_00:00:00,6001,2026-07-07 15:00:00,2026-07-07 16:00:00,12.410583000000000000,ug.m-3,hour,1,3,2026-07-17 09:00:00,,cdc60304-4c09-4506-b2e1-73cc35462d4e
IT/SPO.IT0477A_6001_BETA_2022-01-01_00:00:00,6001,2026-07-07 16:00:00,2026-07-07 17:00:00,9.928466000000000000,ug.m-3,hour,1,3,2026-07-17 08:00:00,,b4219dda-e0ad-4a1c-bb1d-0b1dfa690c1d
IT/SPO.IT0477A_6001_BETA_2022-01-01_00:00:00,6001,2026-07-07 17:00:00,2026-07-07 18:00:00,6.949926000000000000,ug.m-3,hour,1,3,2026-07-17 08:00:00,,b4219dda-e0ad-4a1c-bb1d-0b1dfa690c1d
IT/SPO.IT0477A_6001_BETA_2022-01-01_00:00:00,6001,2026-07-07 18:00:00,2026-07-07 19:00:00,5.903503000000000000,ug.m-3,hour,1,3,2026-07-17 08:00:00,,b4219dda-e0ad-4a1c-bb1d-0b1dfa690c1d
IT/SPO.IT0477A_6001_BETA_2022-01-01_00:00:00,6001,2026-07-07 19:00:00,2026-07-07 20:00:00,9.621761000000000000,ug.m-3,hour,1,3,2026-07-13 09:00:00,,eae2c6d5-ff30-40b3-a13f-8f96e3207520
IT/SPO.IT0477A_6001_BETA_2022-01-01_00:00:00,6001,2026-07-07 20:00:00,2026-07-07 21:00:00,7.697409000000000000,ug.m-3,hour,1,3,2026-07-09 09:00:00,,032a3aad-786c-47ec-b50c-15661f7d49e9
IT/SPO.IT0477A_6001_BETA_2022-01-01_00:00:00,6001,2026-07-07 22:00:00,2026-07-07 23:00:00,6.875690000000000000,ug.m-3,hour,1,3,2026-07-13 09:00:00,,eae2c6d5-ff30-40b3-a13f-8f96e3207520
IT/SPO.IT0477A_6001_BETA_2022-01-01_00:00:00,6001,2026-07-07 23:00:00,2026-07-08 00:00:00,6.151320000000000000,ug.m-3,hour,1,3,2026-07-10 10:00:00,,438a30ae-3f91-4ad2-9943-5e31d1da5b6d
IT/SPO.IT0477A_6001_BETA_2022-01-01_00:00:00,6001,2026-07-08 00:00:00,2026-07-08 01:00:00,7.329488000000000000,ug.m-3,hour,1,3,2026-07-10 10:00:00,,438a30ae-3f91-4ad2-9943-5e31d1da5b6d
IT/SPO.IT0477A_6001_BETA_2022-01-01_00:00:00,6001,2026-07-08 01:00:00,2026-07-08 02:00:00,7.680073000000000000,ug.m-3,hour,1,3,2026-07-17 09:00:00,,cdc60304-4c09-4506-b2e1-73cc35462d4e
IT/SPO.IT0477A_6001_BETA_2022-01-01_00:00:00,6001,2026-07-08 02:00:00,2026-07-08 03:00:00,6.962511000000000000,ug.m-3,hour,1,3,2026-07-13 08:00:00,,f47af3c9-98a3-48a1-8d61-b177c5353c61
IT/SPO.IT0477A_6001_BETA_2022-01-01_00:00:00,6001,2026-07-08 03:00:00,2026-07-08 04:00:00,10.121498000000000000,ug.m-3,hour,1,3,2026-07-13 09:00:00,,eae2c6d5-ff30-40b3-a13f-8f96e3207520
IT/SPO.IT0477A_6001_BETA_2022-01-01_00:00:00,6001,2026-07-08 04:00:00,2026-07-08 05:00:00,8.097198000000000000,ug.m-3,hour,1,3,2026-07-09 09:00:00,,032a3aad-786c-47ec-b50c-15661f7d49e9
IT/SPO.IT0477A_6001_BETA_2022-01-01_00:00:00,6001,2026-07-08 05:00:00,2026-07-08 06:00:00,7.450300000000000000,ug.m-3,hour,1,3,2026-07-13 09:00:00,,eae2c6d5-ff30-40b3-a13f-8f96e3207520
IT/SPO.IT0477A_6001_BETA_2022-01-01_00:00:00,6001,2026-07-08 06:00:00,2026-07-08 07:00:00,18.804201000000000000,ug.m-3,hour,1,3,2026-07-17 09:00:00,,cdc60304-4c09-4506-b2e1-73cc35462d4e
IT/SPO.IT0477A_6001_BETA_2022-01-01_00:00:00,6001,2026-07-08 07:00:00,2026-07-08 08:00:00,13.162941000000000000,ug.m-3,hour,1,3,2026-07-09 09:00:00,,032a3aad-786c-47ec-b50c-15661f7d49e9
IT/SPO.IT0477A_6001_BETA_2022-01-01_00:00:00,6001,2026-07-08 08:00:00,2026-07-08 09:00:00,9.214058000000000000,ug.m-3,hour,1,3,2026-07-17 09:00:00,,cdc60304-4c09-4506-b2e1-73cc35462d4e
IT/SPO.IT0477A_6001_BETA_2022-01-01_00:00:00,6001,2026-07-08 09:00:00,2026-07-08 10:00:00,14.459303000000000000,ug.m-3,hour,1,3,2026-07-13 08:00:00,,f47af3c9-98a3-48a1-8d61-b177c5353c61
IT/SPO.IT0477A_6001_BETA_2022-01-01_00:00:00,6001,2026-07-08 10:00:00,2026-07-08 11:00:00,10.554864000000000000,ug.m-3,hour,1,3,2026-07-17 08:00:00,,b4219dda-e0ad-4a1c-bb1d-0b1dfa690c1d
IT/SPO.IT0477A_6001_BETA_2022-01-01_00:00:00,6001,2026-07-08 11:00:00,2026-07-08 12:00:00,8.884933000000000000,ug.m-3,hour,1,3,2026-07-13 09:00:00,,eae2c6d5-ff30-40b3-a13f-8f96e3207520
IT/SPO.IT0477A_6001_BETA_2022-01-01_00:00:00,6001,2026-07-08 12:00:00,2026-07-08 13:00:00,6.219453000000000000,ug.m-3,hour,1,3,2026-07-17 09:00:00,,cdc60304-4c09-4506-b2e1-73cc35462d4e
IT/SPO.IT0477A_6001_BETA_2022-01-01_00:00:00,6001,2026-07-08 13:00:00,2026-07-08 14:00:00,15.412809000000000000,ug.m-3,hour,1,3,2026-07-13 08:00:00,,f47af3c9-98a3-48a1-8d61-b177c5353c61
IT/SPO.IT0477A_6001_BETA_2022-01-01_00:00:00,6001,2026-07-08 14:00:00,2026-07-08 15:00:00,18.042652000000000000,ug.m-3,hour,1,3,2026-07-17 09:00:00,,cdc60304-4c09-4506-b2e1-73cc35462d4e
IT/SPO.IT0477A_6001_BETA_2022-01-01_00:00:00,6001,2026-07-08 15:00:00,2026-07-08 16:00:00,12.629855000000000000,ug.m-3,hour,1,3,2026-07-17 09:00:00,,cdc60304-4c09-4506-b2e1-73cc35462d4e
IT/SPO.IT0477A_6001_BETA_2022-01-01_00:00:00,6001,2026-07-08 16:00:00,2026-07-08 17:00:00,10.186531000000000000,ug.m-3,hour,1,3,2026-07-17 08:00:00,,b4219dda-e0ad-4a1c-bb1d-0b1dfa690c1d
IT/SPO.IT0477A_6001_BETA_2022-01-01_00:00:00,6001,2026-07-08 17:00:00,2026-07-08 18:00:00,13.760064000000000000,ug.m-3,hour,1,3,2026-07-17 08:00:00,,b4219dda-e0ad-4a1c-bb1d-0b1dfa690c1d
IT/SPO.IT0477A_6001_BETA_2022-01-01_00:00:00,6001,2026-07-08 18:00:00,2026-07-08 19:00:00,9.632045000000000000,ug.m-3,hour,1,3,2026-07-17 08:00:00,,b4219dda-e0ad-4a1c-bb1d-0b1dfa690c1d
IT/SPO.IT0477A_6001_BETA_2022-01-01_00:00:00,6001,2026-07-08 19:00:00,2026-07-08 20:00:00,9.707299000000000000,ug.m-3,hour,1,3,2026-07-17 08:00:00,,b4219dda-e0ad-4a1c-bb1d-0b1dfa690c1d
IT/SPO.IT0477A_6001_BETA_2022-01-01_00:00:00,6001,2026-07-08 20:00:00,2026-07-08 21:00:00,7.765840000000000000,ug.m-3,hour,1,3,2026-07-13 09:00:00,,eae2c6d5-ff30-40b3-a13f-8f96e3207520
IT/SPO.IT0477A_6001_BETA_2022-01-01_00:00:00,6001,2026-07-08 21:00:00,2026-07-08 22:00:00,6.212672000000000000,ug.m-3,hour,1,3,2026-07-17 09:00:00,,cdc60304-4c09-4506-b2e1-73cc35462d4e
IT/SPO.IT0477A_6001_BETA_2022-01-01_00:00:00,6001,2026-07-08 22:00:00,2026-07-08 23:00:00,10.984756000000000000,ug.m-3,hour,1,3,2026-07-17 09:00:00,,cdc60304-4c09-4506-b2e1-73cc35462d4e
IT/SPO.IT0477A_6001_BETA_2022-01-01_00:00:00,6001,2026-07-08 23:00:00,2026-07-09 00:00:00,8.787806000000000000,ug.m-3,hour,1,3,2026-07-17 09:00:00,,cdc60304-4c09-4506-b2e1-73cc35462d4e
IT/SPO.IT0477A_6001_BETA_2022-01-01_00:00:00,6001,2026-07-09 00:00:00,2026-07-09 01:00:00,7.030244000000000000,ug.m-3,hour,1,3,2026-07-17 08:00:00,,b4219dda-e0ad-4a1c-bb1d-0b1dfa690c1d
IT/SPO.IT0477A_6001_BETA_2022-01-01_00:00:00,6001,2026-07-09 01:00:00,2026-07-09 02:00:00,7.493114000000000000,ug.m-3,hour,1,3,2026-07-17 09:00:00,,cdc60304-4c09-4506-b2e1-73cc35462d4e
IT/SPO.IT0477A_6001_BETA_2022-01-01_00:00:00,6001,2026-07-09 02:00:00,2026-07-09 03:00:00,21.746304000000000000,ug.m-3,hour,1,3,2026-07-17 08:00:00,,b4219dda-e0ad-4a1c-bb1d-0b1dfa690c1d
IT/SPO.IT0477A_6001_BETA_2022-01-01_00:00:00,6001,2026-07-09 03:00:00,2026-07-09 04:00:00,15.733839000000000000,ug.m-3,hour,1,3,2026-07-13 09:00:00,,eae2c6d5-ff30-40b3-a13f-8f96e3207520
IT/SPO.IT0477A_6001_BETA_2022-01-01_00:00:00,6001,2026-07-09 04:00:00,2026-07-09 05:00:00,22.766540000000000000,ug.m-3,hour,1,3,2026-07-17 09:00:00,,cdc60304-4c09-4506-b2e1-73cc35462d4e
IT/SPO.IT0477A_6001_BETA_2022-01-01_00:00:00,6001,2026-07-09 05:00:00,2026-07-09 06:00:00,15.936578000000000000,ug.m-3,hour,1,3,2026-07-17 08:00:00,,b4219dda-e0ad-4a1c-bb1d-0b1dfa690c1d
IT/SPO.IT0477A_6001_BETA_2022-01-01_00:00:00,6001,2026-07-09 06:00:00,2026-07-09 07:00:00,17.144156000000000000,ug.m-3,hour,1,3,2026-07-17 08:00:00,,b4219dda-e0ad-4a1c-bb1d-0b1dfa690c1d
IT/SPO.IT0477A_6001_BETA_2022-01-01_00:00:00,6001,2026-07-09 07:00:00,2026-07-09 08:00:00,12.364718000000000000,ug.m-3,hour,1,3,2026-07-10 10:00:00,,438a30ae-3f91-4ad2-9943-5e31d1da5b6d
IT/SPO.IT0477A_6001_BETA_2022-01-01_00:00:00,6001,2026-07-09 08:00:00,2026-07-09 09:00:00,11.834574000000000000,ug.m-3,hour,1,3,2026-07-17 09:00:00,,cdc60304-4c09-4506-b2e1-73cc35462d4e
IT/SPO.IT0477A_6001_BETA_2022-01-01_00:00:00,6001,2026-07-09 09:00:00,2026-07-09 10:00:00,14.717128000000000000,ug.m-3,hour,1,3,2026-07-17 08:00:00,,b4219dda-e0ad-4a1c-bb1d-0b1dfa690c1d
IT/SPO.IT0477A_6001_BETA_2022-01-01_00:00:00,6001,2026-07-09 10:00:00,2026-07-09 11:00:00,16.136240000000000000,ug.m-3,hour,1,3,2026-07-17 09:00:00,,cdc60304-4c09-4506-b2e1-73cc35462d4e
IT/SPO.IT0477A_6001_BETA_2022-01-01_00:00:00,6001,2026-07-09 11:00:00,2026-07-09 12:00:00,11.295368000000000000,ug.m-3,hour,1,3,2026-07-17 08:00:00,,b4219dda-e0ad-4a1c-bb1d-0b1dfa690c1d
IT/SPO.IT0477A_6001_BETA_2022-01-01_00:00:00,6001,2026-07-09 12:00:00,2026-07-09 13:00:00,10.553580000000000000,ug.m-3,hour,1,3,2026-07-13 08:00:00,,f47af3c9-98a3-48a1-8d61-b177c5353c61
IT/SPO.IT0477A_6001_BETA_2022-01-01_00:00:00,6001,2026-07-09 13:00:00,2026-07-09 14:00:00,9.258620000000000000,ug.m-3,hour,1,3,2026-07-17 08:00:00,,b4219dda-e0ad-4a1c-bb1d-0b1dfa690c1d
IT/SPO.IT0477A_6001_BETA_2022-01-01_00:00:00,6001,2026-07-09 14:00:00,2026-07-09 15:00:00,11.667690000000000000,ug.m-3,hour,1,3,2026-07-17 09:00:00,,cdc60304-4c09-4506-b2e1-73cc35462d4e
IT/SPO.IT0477A_6001_BETA_2022-01-01_00:00:00,6001,2026-07-09 15:00:00,2026-07-09 16:00:00,12.187114000000000000,ug.m-3,hour,1,3,2026-07-10 10:00:00,,438a30ae-3f91-4ad2-9943-5e31d1da5b6d
IT/SPO.IT0477A_6001_BETA_2022-01-01_00:00:00,6001,2026-07-09 16:00:00,2026-07-09 17:00:00,8.530979000000000000,ug.m-3,hour,1,3,2026-07-17 09:00:00,,cdc60304-4c09-4506-b2e1-73cc35462d4e
IT/SPO.IT0477A_6001_BETA_2022-01-01_00:00:00,6001,2026-07-09 17:00:00,2026-07-09 18:00:00,6.824783000000000000,ug.m-3,hour,1,3,2026-07-17 09:00:00,,cdc60304-4c09-4506-b2e1-73cc35462d4e
IT/SPO.IT0477A_6001_BETA_2022-01-01_00:00:00,6001,2026-07-09 18:00:00,2026-07-09 19:00:00,5.459826000000000000,ug.m-3,hour,1,3,2026-07-17 09:00:00,,cdc60304-4c09-4506-b2e1-73cc35462d4e
IT/SPO.IT0477A_6001_BETA_2022-01-01_00:00:00,6001,2026-07-09 19:00:00,2026-07-09 20:00:00,13.930033000000000000,ug.m-3,hour,1,3,2026-07-13 09:00:00,,eae2c6d5-ff30-40b3-a13f-8f96e3207520
IT/SPO.IT0477A_6001_BETA_2022-01-01_00:00:00,6001,2026-07-09 20:00:00,2026-07-09 21:00:00,11.144027000000000000,ug.m-3,hour,1,3,2026-07-10 10:00:00,,438a30ae-3f91-4ad2-9943-5e31d1da5b6d
IT/SPO.IT0477A_6001_BETA_2022-01-01_00:00:00,6001,2026-07-09 21:00:00,2026-07-09 22:00:00,7.800818000000000000,ug.m-3,hour,1,3,2026-07-17 09:00:00,,cdc60304-4c09-4506-b2e1-73cc35462d4e
IT/SPO.IT0477A_6001_BETA_2022-01-01_00:00:00,6001,2026-07-09 22:00:00,2026-07-09 23:00:00,5.460572000000000000,ug.m-3,hour,1,3,2026-07-09 23:00:00,,8c53ede2-0dbb-40f3-aa19-b0da08239692
IT/SPO.IT0477A_6001_BETA_2022-01-01_00:00:00,6001,2026-07-09 23:00:00,2026-07-10 00:00:00,9.050581000000000000,ug.m-3,hour,1,3,2026-07-17 09:00:00,,cdc60304-4c09-4506-b2e1-73cc35462d4e
IT/SPO.IT0477A_6001_BETA_2022-01-01_00:00:00,6001,2026-07-10 00:00:00,2026-07-10 01:00:00,7.247337000000000000,ug.m-3,hour,1,3,2026-07-17 09:00:00,,cdc60304-4c09-4506-b2e1-73cc35462d4e
IT/SPO.IT0477A_6001_BETA_2022-01-01_00:00:00,6001,2026-07-10 01:00:00,2026-07-10 02:00:00,8.701575000000000000,ug.m-3,hour,1,3,2026-07-10 02:00:00,,669bc1dc-1225-49d3-8134-114bfa96d854
IT/SPO.IT0477A_6001_BETA_2022-01-01_00:00:00,6001,2026-07-10 02:00:00,2026-07-10 03:00:00,9.681524000000000000,ug.m-3,hour,1,3,2026-07-10 03:00:00,,ac063559-d431-4b8f-a9fd-f0a5622267eb
IT/SPO.IT0477A_6001_BETA_2022-01-01_00:00:00,6001,2026-07-10 03:00:00,2026-07-10 04:00:00,12.376909000000000000,ug.m-3,hour,1,3,2026-07-17 09:00:00,,cdc60304-4c09-4506-b2e1-73cc35462d4e
IT/SPO.IT0477A_6001_BETA_2022-01-01_00:00:00,6001,2026-07-10 04:00:00,2026-07-10 05:00:00,8.663836000000000000,ug.m-3,hour,1,3,2026-07-17 09:00:00,,cdc60304-4c09-4506-b2e1-73cc35462d4e
IT/SPO.IT0477A_6001_BETA_2022-01-01_00:00:00,6001,2026-07-10 05:00:00,2026-07-10 06:00:00,6.931069000000000000,ug.m-3,hour,1,3,2026-07-17 09:00:00,,cdc60304-4c09-4506-b2e1-73cc35462d4e
IT/SPO.IT0477A_6001_BETA_2022-01-01_00:00:00,6001,2026-07-10 06:00:00,2026-07-10 07:00:00,7.208346000000000000,ug.m-3,hour,1,3,2026-07-17 08:00:00,,b4219dda-e0ad-4a1c-bb1d-0b1dfa690c1d
IT/SPO.IT0477A_6001_BETA_2022-01-01_00:00:00,6001,2026-07-10 07:00:00,2026-07-10 08:00:00,8.567399000000000000,ug.m-3,hour,1,3,2026-07-17 08:00:00,,b4219dda-e0ad-4a1c-bb1d-0b1dfa690c1d
IT/SPO.IT0477A_6001_BETA_2022-01-01_00:00:00,6001,2026-07-10 08:00:00,2026-07-10 09:00:00,7.894906000000000000,ug.m-3,hour,1,3,2026-07-17 09:00:00,,cdc60304-4c09-4506-b2e1-73cc35462d4e
IT/SPO.IT0477A_6001_BETA_2022-01-01_00:00:00,6001,2026-07-10 10:00:00,2026-07-10 11:00:00,6.883568000000000000,ug.m-3,hour,1,3,2026-07-14 08:00:00,,9aed6931-e760-4343-b3d0-ad1e73ae0f22
IT/SPO.IT0477A_6001_BETA_2022-01-01_00:00:00,6001,2026-07-10 11:00:00,2026-07-10 12:00:00,12.484535000000000000,ug.m-3,hour,1,3,2026-07-17 09:00:00,,cdc60304-4c09-4506-b2e1-73cc35462d4e
IT/SPO.IT0477A_6001_BETA_2022-01-01_00:00:00,6001,2026-07-10 12:00:00,2026-07-10 13:00:00,9.987628000000000000,ug.m-3,hour,1,3,2026-07-17 09:00:00,,cdc60304-4c09-4506-b2e1-73cc35462d4e
IT/SPO.IT0477A_6001_BETA_2022-01-01_00:00:00,6001,2026-07-10 13:00:00,2026-07-10 14:00:00,10.809936000000000000,ug.m-3,hour,1,3,2026-07-11 09:00:00,,c9a07c7e-bbb8-4378-9250-a8738d35574a
IT/SPO.IT0477A_6001_BETA_2022-01-01_00:00:00,6001,2026-07-10 14:00:00,2026-07-10 15:00:00,7.566955000000000000,ug.m-3,hour,1,3,2026-07-17 08:00:00,,b4219dda-e0ad-4a1c-bb1d-0b1dfa690c1d
IT/SPO.IT0477A_6001_BETA_2022-01-01_00:00:00,6001,2026-07-10 15:00:00,2026-07-10 16:00:00,6.053564000000000000,ug.m-3,hour,1,3,2026-07-17 09:00:00,,cdc60304-4c09-4506-b2e1-73cc35462d4e
IT/SPO.IT0477A_6001_BETA_2022-01-01_00:00:00,6001,2026-07-10 16:00:00,2026-07-10 17:00:00,4.842851000000000000,ug.m-3,hour,1,3,2026-07-17 09:00:00,,cdc60304-4c09-4506-b2e1-73cc35462d4e
IT/SPO.IT0477A_6001_BETA_2022-01-01_00:00:00,6001,2026-07-10 17:00:00,2026-07-10 18:00:00,6.409730000000000000,ug.m-3,hour,1,3,2026-07-17 09:00:00,,cdc60304-4c09-4506-b2e1-73cc35462d4e
IT/SPO.IT0477A_6001_BETA_2022-01-01_00:00:00,6001,2026-07-10 18:00:00,2026-07-10 19:00:00,6.629358000000000000,ug.m-3,hour,1,3,2026-07-17 09:00:00,,cdc60304-4c09-4506-b2e1-73cc35462d4e
IT/SPO.IT0477A_6001_BETA_2022-01-01_00:00:00,6001,2026-07-10 19:00:00,2026-07-10 20:00:00,8.998102000000000000,ug.m-3,hour,1,3,2026-07-14 08:00:00,,9aed6931-e760-4343-b3d0-ad1e73ae0f22
IT/SPO.IT0477A_6001_BETA_2022-01-01_00:00:00,6001,2026-07-10 20:00:00,2026-07-10 21:00:00,8.390684000000000000,ug.m-3,hour,1,3,2026-07-17 09:00:00,,cdc60304-4c09-4506-b2e1-73cc35462d4e
IT/SPO.IT0477A_6001_BETA_2022-01-01_00:00:00,6001,2026-07-10 21:00:00,2026-07-10 22:00:00,16.297678000000000000,ug.m-3,hour,1,3,2026-07-17 09:00:00,,cdc60304-4c09-4506-b2e1-73cc35462d4e
IT/SPO.IT0477A_6001_BETA_2022-01-01_00:00:00,6001,2026-07-10 22:00:00,2026-07-10 23:00:00,11.408375000000000000,ug.m-3,hour,1,3,2026-07-13 08:00:00,,f47af3c9-98a3-48a1-8d61-b177c5353c61
IT/SPO.IT0477A_6001_BETA_2022-01-01_00:00:00,6001,2026-07-10 23:00:00,2026-07-11 00:00:00,25.467478000000000000,ug.m-3,hour,1,3,2026-07-13 08:00:00,,f47af3c9-98a3-48a1-8d61-b177c5353c61
IT/SPO.IT0477A_6001_BETA_2022-01-01_00:00:00,6001,2026-07-11 00:00:00,2026-07-11 01:00:00,21.249937000000000000,ug.m-3,hour,1,3,2026-07-13 09:00:00,,eae2c6d5-ff30-40b3-a13f-8f96e3207520
IT/SPO.IT0477A_6001_BETA_2022-01-01_00:00:00,6001,2026-07-11 01:00:00,2026-07-11 02:00:00,14.874956000000000000,ug.m-3,hour,1,3,2026-07-13 09:00:00,,eae2c6d5-ff30-40b3-a13f-8f96e3207520
IT/SPO.IT0477A_6001_BETA_2022-01-01_00:00:00,6001,2026-07-11 02:00:00,2026-07-11 03:00:00,10.505034000000000000,ug.m-3,hour,1,3,2026-07-17 09:00:00,,cdc60304-4c09-4506-b2e1-73cc35462d4e
IT/SPO.IT0477A_6001_BETA_2022-01-01_00:00:00,6001,2026-07-11 03:00:00,2026-07-11 04:00:00,20.734340000000000000,ug.m-3,hour,1,3,2026-07-17 08:00:00,,b4219dda-e0ad-4a1c-bb1d-0b1dfa690c1d
IT/SPO.IT0477A_6001_BETA_2022-01-01_00:00:00,6001,2026-07-11 04:00:00,2026-07-11 05:00:00,14.514038000000000000,ug.m-3,hour,1,3,2026-07-14 09:00:00,,d5e1504c-7943-4f83-8c95-96cba49b79c3
IT/SPO.IT0477A_6001_BETA_2022-01-01_00:00:00,6001,2026-07-11 05:00:00,2026-07-11 06:00:00,15.377568000000000000,ug.m-3,hour,1,3,2026-07-17 09:00:00,,cdc60304-4c09-4506-b2e1-73cc35462d4e
IT/SPO.IT0477A_6001_BETA_2022-01-01_00:00:00,6001,2026-07-11 06:00:00,2026-07-11 07:00:00,15.251877000000000000,ug.m-3,hour,1,3,2026-07-14 08:00:00,,9aed6931-e760-4343-b3d0-ad1e73ae0f22
IT/SPO.IT0477A_6001_BETA_2022-01-01_00:00:00,6001,2026-07-11 07:00:00,2026-07-11 08:00:00,21.368624000000000000,ug.m-3,hour,1,3,2026-07-11 07:00:00,,3ef51139-8d36-459d-a10d-066f5bd098fb
IT/SPO.IT0477A_6001_BETA_2022-01-01_00:00:00,6001,2026-07-11 08:00:00,2026-07-11 09:00:00,14.958036000000000000,ug.m-3,hour,1,3,2026-07-13 09:00:00,,eae2c6d5-ff30-40b3-a13f-8f96e3207520
IT/SPO.IT0477A_6001_BETA_2022-01-01_00:00:00,6001,2026-07-11 09:00:00,2026-07-11 10:00:00,11.109616000000000000,ug.m-3,hour,1,3,2026-07-17 08:00:00,,b4219dda-e0ad-4a1c-bb1d-0b1dfa690c1d
IT/SPO.IT0477A_6001_BETA_2022-01-01_00:00:00,6001,2026-07-11 10:00:00,2026-07-11 11:00:00,10.210027000000000000,ug.m-3,hour,1,3,2026-07-17 08:00:00,,b4219dda-e0ad-4a1c-bb1d-0b1dfa690c1d
IT/SPO.IT0477A_6001_BETA_2022-01-01_00:00:00,6001,2026-07-11 11:00:00,2026-07-11 12:00:00,12.538524000000000000,ug.m-3,hour,1,3,2026-07-11 11:00:00,,89ad286b-19f8-42c3-90e7-173d3a1d7199
IT/SPO.IT0477A_6001_BETA_2022-01-01_00:00:00,6001,2026-07-11 12:00:00,2026-07-11 13:00:00,12.367950000000000000,ug.m-3,hour,1,3,2026-07-14 09:00:00,,d5e1504c-7943-4f83-8c95-96cba49b79c3
IT/SPO.IT0477A_6001_BETA_2022-01-01_00:00:00,6001,2026-07-11 13:00:00,2026-07-11 14:00:00,8.657565000000000000,ug.m-3,hour,1,3,2026-07-17 08:00:00,,b4219dda-e0ad-4a1c-bb1d-0b1dfa690c1d
IT/SPO.IT0477A_6001_BETA_2022-01-01_00:00:00,6001,2026-07-11 14:00:00,2026-07-11 15:00:00,10.623779000000000000,ug.m-3,hour,1,3,2026-07-14 09:00:00,,d5e1504c-7943-4f83-8c95-96cba49b79c3
IT/SPO.IT0477A_6001_BETA_2022-01-01_00:00:00,6001,2026-07-11 15:00:00,2026-07-11 16:00:00,8.377697000000000000,ug.m-3,hour,1,3,2026-07-14 08:00:00,,9aed6931-e760-4343-b3d0-ad1e73ae0f22
IT/SPO.IT0477A_6001_BETA_2022-01-01_00:00:00,6001,2026-07-11 16:00:00,2026-07-11 17:00:00,8.484350000000000000,ug.m-3,hour,1,3,2026-07-13 09:00:00,,eae2c6d5-ff30-40b3-a13f-8f96e3207520
IT/SPO.IT0477A_6001_BETA_2022-01-01_00:00:00,6001,2026-07-11 17:00:00,2026-07-11 18:00:00,8.254613000000000000,ug.m-3,hour,1,3,2026-07-17 08:00:00,,b4219dda-e0ad-4a1c-bb1d-0b1dfa690c1d
IT/SPO.IT0477A_6001_BETA_2022-01-01_00:00:00,6001,2026-07-11 18:00:00,2026-07-11 19:00:00,8.228589000000000000,ug.m-3,hour,1,3,2026-07-11 19:00:00,,8e7f9878-8d53-44db-b9a2-8f90172fa465
IT/SPO.IT0477A_6001_BETA_2022-01-01_00:00:00,6001,2026-07-11 19:00:00,2026-07-11 20:00:00,8.753379000000000000,ug.m-3,hour,1,3,2026-07-17 09:00:00,,cdc60304-4c09-4506-b2e1-73cc35462d4e
IT/SPO.IT0477A_6001_BETA_2022-01-01_00:00:00,6001,2026-07-11 20:00:00,2026-07-11 21:00:00,12.029996000000000000,ug.m-3,hour,1,3,2026-07-17 09:00:00,,cdc60304-4c09-4506-b2e1-73cc35462d4e
IT/SPO.IT0477A_6001_BETA_2022-01-01_00:00:00,6001,2026-07-11 21:00:00,2026-07-11 22:00:00,18.683643000000000000,ug.m-3,hour,1,3,2026-07-17 09:00:00,,cdc60304-4c09-4506-b2e1-73cc35462d4e
IT/SPO.IT0477A_6001_BETA_2022-01-01_00:00:00,6001,2026-07-11 22:00:00,2026-07-11 23:00:00,13.078550000000000000,ug.m-3,hour,1,3,2026-07-17 09:00:00,,cdc60304-4c09-4506-b2e1-73cc35462d4e
IT/SPO.IT0477A_6001_BETA_2022-01-01_00:00:00,6001,2026-07-11 23:00:00,2026-07-12 00:00:00,11.470934000000000000,ug.m-3,hour,1,3,2026-07-14 09:00:00,,d5e1504c-7943-4f83-8c95-96cba49b79c3
IT/SPO.IT0477A_6001_BETA_2022-01-01_00:00:00,6001,2026-07-12 00:00:00,2026-07-12 01:00:00,8.029654000000000000,ug.m-3,hour,1,3,2026-07-17 08:00:00,,b4219dda-e0ad-4a1c-bb1d-0b1dfa690c1d
IT/SPO.IT0477A_6001_BETA_2022-01-01_00:00:00,6001,2026-07-12 01:00:00,2026-07-12 02:00:00,9.128590000000000000,ug.m-3,hour,1,3,2026-07-15 08:00:00,,280972f0-30b6-4322-914f-a52e2dfdf6e0
IT/SPO.IT0477A_6001_BETA_2022-01-01_00:00:00,6001,2026-07-12 02:00:00,2026-07-12 03:00:00,7.406212000000000000,ug.m-3,hour,1,3,2026-07-14 09:00:00,,d5e1504c-7943-4f83-8c95-96cba49b79c3
IT/SPO.IT0477A_6001_BETA_2022-01-01_00:00:00,6001,2026-07-12 03:00:00,2026-07-12 04:00:00,8.995743000000000000,ug.m-3,hour,1,3,2026-07-17 08:00:00,,b4219dda-e0ad-4a1c-bb1d-0b1dfa690c1d
IT/SPO.IT0477A_6001_BETA_2022-01-01_00:00:00,6001,2026-07-12 04:00:00,2026-07-12 05:00:00,11.596758000000000000,ug.m-3,hour,1,3,2026-07-12 04:00:00,,ff309171-4764-44e7-acd5-6d8c9ad52168
IT/SPO.IT0477A_6001_BETA_2022-01-01_00:00:00,6001,2026-07-12 05:00:00,2026-07-12 06:00:00,9.277407000000000000,ug.m-3,hour,1,3,2026-07-17 09:00:00,,cdc60304-4c09-4506-b2e1-73cc35462d4e
IT/SPO.IT0477A_6001_BETA_2022-01-01_00:00:00,6001,2026-07-12 06:00:00,2026-07-12 07:00:00,11.504100000000000000,ug.m-3,hour,1,3,2026-07-16 10:00:00,,0b6328e6-13a0-4425-b650-d053b9c3e4ad
IT/SPO.IT0477A_6001_BETA_2022-01-01_00:00:00,6001,2026-07-12 07:00:00,2026-07-12 08:00:00,8.556062000000000000,ug.m-3,hour,1,3,2026-07-12 08:00:00,,599d4b32-8150-4280-aeb3-30001396e74e
IT/SPO.IT0477A_6001_BETA_2022-01-01_00:00:00,6001,2026-07-12 08:00:00,2026-07-12 09:00:00,9.093045000000000000,ug.m-3,hour,1,3,2026-07-16 08:00:00,,1b199390-a256-4e44-95d7-455da0389ce0
IT/SPO.IT0477A_6001_BETA_2022-01-01_00:00:00,6001,2026-07-12 09:00:00,2026-07-12 10:00:00,7.274436000000000000,ug.m-3,hour,1,3,2026-07-17 09:00:00,,cdc60304-4c09-4506-b2e1-73cc35462d4e
IT/SPO.IT0477A_6001_BETA_2022-01-01_00:00:00,6001,2026-07-12 10:00:00,2026-07-12 11:00:00,9.924308000000000000,ug.m-3,hour,1,3,2026-07-17 09:00:00,,cdc60304-4c09-4506-b2e1-73cc35462d4e
IT/SPO.IT0477A_6001_BETA_2022-01-01_00:00:00,6001,2026-07-12 11:00:00,2026-07-12 12:00:00,13.519543000000000000,ug.m-3,hour,1,3,2026-07-16 10:00:00,,0b6328e6-13a0-4425-b650-d053b9c3e4ad
IT/SPO.IT0477A_6001_BETA_2022-01-01_00:00:00,6001,2026-07-12 12:00:00,2026-07-12 13:00:00,9.463679000000000000,ug.m-3,hour,1,3,2026-07-15 08:00:00,,280972f0-30b6-4322-914f-a52e2dfdf6e0
IT/SPO.IT0477A_6001_BETA_2022-01-01_00:00:00,6001,2026-07-12 13:00:00,2026-07-12 14:00:00,6.665181000000000000,ug.m-3,hour,1,3,2026-07-17 09:00:00,,cdc60304-4c09-4506-b2e1-73cc35462d4e
IT/SPO.IT0477A_6001_BETA_2022-01-01_00:00:00,6001,2026-07-12 14:00:00,2026-07-12 15:00:00,5.332145000000000000,ug.m-3,hour,1,3,2026-07-14 09:00:00,,d5e1504c-7943-4f83-8c95-96cba49b79c3
IT/SPO.IT0477A_6001_BETA_2022-01-01_00:00:00,6001,2026-07-12 15:00:00,2026-07-12 16:00:00,8.269547000000000000,ug.m-3,hour,1,3,2026-07-17 09:00:00,,cdc60304-4c09-4506-b2e1-73cc35462d4e
IT/SPO.IT0477A_6001_BETA_2022-01-01_00:00:00,6001,2026-07-12 16:00:00,2026-07-12 17:00:00,7.590412000000000000,ug.m-3,hour,1,3,2026-07-17 08:00:00,,b4219dda-e0ad-4a1c-bb1d-0b1dfa690c1d
IT/SPO.IT0477A_6001_BETA_2022-01-01_00:00:00,6001,2026-07-12 17:00:00,2026-07-12 18:00:00,6.072330000000000000,ug.m-3,hour,1,3,2026-07-15 08:00:00,,280972f0-30b6-4322-914f-a52e2dfdf6e0
IT/SPO.IT0477A_6001_BETA_2022-01-01_00:00:00,6001,2026-07-12 18:00:00,2026-07-12 19:00:00,7.488129000000000000,ug.m-3,hour,1,3,2026-07-12 18:00:00,,0de47ed2-848f-4863-954f-aad501dbb779
IT/SPO.IT0477A_6001_BETA_2022-01-01_00:00:00,6001,2026-07-12 19:00:00,2026-07-12 20:00:00,8.745843000000000000,ug.m-3,hour,1,3,2026-07-13 08:00:00,,f47af3c9-98a3-48a1-8d61-b177c5353c61
IT/SPO.IT0477A_6001_BETA_2022-01-01_00:00:00,6001,2026-07-12 20:00:00,2026-07-12 21:00:00,12.434888000000000000,ug.m-3,hour,1,3,2026-07-17 09:00:00,,cdc60304-4c09-4506-b2e1-73cc35462d4e
IT/SPO.IT0477A_6001_BETA_2022-01-01_00:00:00,6001,2026-07-12 21:00:00,2026-07-12 22:00:00,8.704421000000000000,ug.m-3,hour,1,3,2026-07-17 09:00:00,,cdc60304-4c09-4506-b2e1-73cc35462d4e
IT/SPO.IT0477A_6001_BETA_2022-01-01_00:00:00,6001,2026-07-12 22:00:00,2026-07-12 23:00:00,21.200558000000000000,ug.m-3,hour,1,3,2026-07-15 09:00:00,,850afc56-4ff6-474a-a186-d03581a3adb4
IT/SPO.IT0477A_6001_BETA_2022-01-01_00:00:00,6001,2026-07-12 23:00:00,2026-07-13 00:00:00,14.840390000000000000,ug.m-3,hour,1,3,2026-07-17 09:00:00,,cdc60304-4c09-4506-b2e1-73cc35462d4e
IT/SPO.IT0477A_6001_BETA_2022-01-01_00:00:00,6001,2026-07-13 00:00:00,2026-07-13 01:00:00,12.487792000000000000,ug.m-3,hour,1,3,2026-07-17 09:00:00,,cdc60304-4c09-4506-b2e1-73cc35462d4e
IT/SPO.IT0477A_6001_BETA_2022-01-01_00:00:00,6001,2026-07-13 01:00:00,2026-07-13 02:00:00,13.562640000000000000,ug.m-3,hour,1,3,2026-07-17 08:00:00,,b4219dda-e0ad-4a1c-bb1d-0b1dfa690c1d
IT/SPO.IT0477A_6001_BETA_2022-01-01_00:00:00,6001,2026-07-13 02:00:00,2026-07-13 03:00:00,9.525413000000000000,ug.m-3,hour,1,3,2026-07-17 08:00:00,,b4219dda-e0ad-4a1c-bb1d-0b1dfa690c1d
IT/SPO.IT0477A_6001_BETA_2022-01-01_00:00:00,6001,2026-07-13 03:00:00,2026-07-13 04:00:00,9.665645000000000000,ug.m-3,hour,1,3,2026-07-17 08:00:00,,b4219dda-e0ad-4a1c-bb1d-0b1dfa690c1d
IT/SPO.IT0477A_6001_BETA_2022-01-01_00:00:00,6001,2026-07-13 04:00:00,2026-07-13 05:00:00,17.826473000000000000,ug.m-3,hour,1,3,2026-07-17 08:00:00,,b4219dda-e0ad-4a1c-bb1d-0b1dfa690c1d
IT/SPO.IT0477A_6001_BETA_2022-01-01_00:00:00,6001,2026-07-13 05:00:00,2026-07-13 06:00:00,16.664688000000000000,ug.m-3,hour,1,3,2026-07-17 09:00:00,,cdc60304-4c09-4506-b2e1-73cc35462d4e
IT/SPO.IT0477A_6001_BETA_2022-01-01_00:00:00,6001,2026-07-13 06:00:00,2026-07-13 07:00:00,13.131764000000000000,ug.m-3,hour,1,3,2026-07-14 08:00:00,,9aed6931-e760-4343-b3d0-ad1e73ae0f22
IT/SPO.IT0477A_6001_BETA_2022-01-01_00:00:00,6001,2026-07-13 07:00:00,2026-07-13 08:00:00,15.498086000000000000,ug.m-3,hour,1,3,2026-07-17 08:00:00,,b4219dda-e0ad-4a1c-bb1d-0b1dfa690c1d
IT/SPO.IT0477A_6001_BETA_2022-01-01_00:00:00,6001,2026-07-13 08:00:00,2026-07-13 09:00:00,13.833428000000000000,ug.m-3,hour,1,3,2026-07-16 10:00:00,,0b6328e6-13a0-4425-b650-d053b9c3e4ad
IT/SPO.IT0477A_6001_BETA_2022-01-01_00:00:00,6001,2026-07-13 09:00:00,2026-07-13 10:00:00,9.683400000000000000,ug.m-3,hour,1,3,2026-07-17 09:00:00,,cdc60304-4c09-4506-b2e1-73cc35462d4e
IT/SPO.IT0477A_6001_BETA_2022-01-01_00:00:00,6001,2026-07-13 10:00:00,2026-07-13 11:00:00,11.111172000000000000,ug.m-3,hour,1,3,2026-07-15 08:00:00,,280972f0-30b6-4322-914f-a52e2dfdf6e0
IT/SPO.IT0477A_6001_BETA_2022-01-01_00:00:00,6001,2026-07-13 11:00:00,2026-07-13 12:00:00,7.777821000000000000,ug.m-3,hour,1,3,2026-07-17 09:00:00,,cdc60304-4c09-4506-b2e1-73cc35462d4e
IT/SPO.IT0477A_6001_BETA_2022-01-01_00:00:00,6001,2026-07-13 12:00:00,2026-07-13 13:00:00,6.222256000000000000,ug.m-3,hour,1,3,2026-07-17 08:00:00,,b4219dda-e0ad-4a1c-bb1d-0b1dfa690c1d
IT/SPO.IT0477A_6001_BETA_2022-01-01_00:00:00,6001,2026-07-13 13:00:00,2026-07-13 14:00:00,5.635241000000000000,ug.m-3,hour,1,3,2026-07-17 08:00:00,,b4219dda-e0ad-4a1c-bb1d-0b1dfa690c1d
IT/SPO.IT0477A_6001_BETA_2022-01-01_00:00:00,6001,2026-07-13 14:00:00,2026-07-13 15:00:00,4.508193000000000000,ug.m-3,hour,1,3,2026-07-16 10:00:00,,0b6328e6-13a0-4425-b650-d053b9c3e4ad
IT/SPO.IT0477A_6001_BETA_2022-01-01_00:00:00,6001,2026-07-13 15:00:00,2026-07-13 16:00:00,3.606555000000000000,ug.m-3,hour,1,3,2026-07-16 09:00:00,,edca2164-efc8-4b29-8393-925d54e4fb08
IT/SPO.IT0477A_6001_BETA_2022-01-01_00:00:00,6001,2026-07-13 17:00:00,2026-07-13 18:00:00,9.028245000000000000,ug.m-3,hour,1,3,2026-07-16 08:00:00,,1b199390-a256-4e44-95d7-455da0389ce0
IT/SPO.IT0477A_6001_BETA_2022-01-01_00:00:00,6001,2026-07-13 18:00:00,2026-07-13 19:00:00,11.292006000000000000,ug.m-3,hour,1,3,2026-07-16 10:00:00,,0b6328e6-13a0-4425-b650-d053b9c3e4ad
IT/SPO.IT0477A_6001_BETA_2022-01-01_00:00:00,6001,2026-07-13 19:00:00,2026-07-13 20:00:00,7.904404000000000000,ug.m-3,hour,1,3,2026-07-15 08:00:00,,280972f0-30b6-4322-914f-a52e2dfdf6e0
IT/SPO.IT0477A_6001_BETA_2022-01-01_00:00:00,6001,2026-07-13 20:00:00,2026-07-13 21:00:00,6.323523000000000000,ug.m-3,hour,1,3,2026-07-17 08:00:00,,b4219dda-e0ad-4a1c-bb1d-0b1dfa690c1d
IT/SPO.IT0477A_6001_BETA_2022-01-01_00:00:00,6001,2026-07-13 21:00:00,2026-07-13 22:00:00,7.503488000000000000,ug.m-3,hour,1,3,2026-07-17 08:00:00,,b4219dda-e0ad-4a1c-bb1d-0b1dfa690c1d
IT/SPO.IT0477A_6001_BETA_2022-01-01_00:00:00,6001,2026-07-13 23:00:00,2026-07-14 00:00:00,14.503234000000000000,ug.m-3,hour,1,3,2026-07-17 09:00:00,,cdc60304-4c09-4506-b2e1-73cc35462d4e
IT/SPO.IT0477A_6001_BETA_2022-01-01_00:00:00,6001,2026-07-14 00:00:00,2026-07-14 01:00:00,11.419727000000000000,ug.m-3,hour,1,3,2026-07-15 08:00:00,,280972f0-30b6-4322-914f-a52e2dfdf6e0
IT/SPO.IT0477A_6001_BETA_2022-01-01_00:00:00,6001,2026-07-14 01:00:00,2026-07-14 02:00:00,10.314393000000000000,ug.m-3,hour,1,3,2026-07-16 09:00:00,,edca2164-efc8-4b29-8393-925d54e4fb08
IT/SPO.IT0477A_6001_BETA_2022-01-01_00:00:00,6001,2026-07-14 02:00:00,2026-07-14 03:00:00,7.452445000000000000,ug.m-3,hour,1,3,2026-07-17 08:00:00,,b4219dda-e0ad-4a1c-bb1d-0b1dfa690c1d
IT/SPO.IT0477A_6001_BETA_2022-01-01_00:00:00,6001,2026-07-14 03:00:00,2026-07-14 04:00:00,8.100595000000000000,ug.m-3,hour,1,3,2026-07-17 08:00:00,,b4219dda-e0ad-4a1c-bb1d-0b1dfa690c1d
IT/SPO.IT0477A_6001_BETA_2022-01-01_00:00:00,6001,2026-07-14 04:00:00,2026-07-14 05:00:00,8.345852000000000000,ug.m-3,hour,1,3,2026-07-16 09:00:00,,edca2164-efc8-4b29-8393-925d54e4fb08
IT/SPO.IT0477A_6001_BETA_2022-01-01_00:00:00,6001,2026-07-14 05:00:00,2026-07-14 06:00:00,18.892780000000000000,ug.m-3,hour,1,3,2026-07-17 09:00:00,,cdc60304-4c09-4506-b2e1-73cc35462d4e
IT/SPO.IT0477A_6001_BETA_2022-01-01_00:00:00,6001,2026-07-14 06:00:00,2026-07-14 07:00:00,18.873274000000000000,ug.m-3,hour,1,3,2026-07-14 06:00:00,,75346c19-1b03-4bde-b308-04c826ded9f3
IT/SPO.IT0477A_6001_BETA_2022-01-01_00:00:00,6001,2026-07-14 08:00:00,2026-07-14 09:00:00,9.247904000000000000,ug.m-3,hour,1,3,2026-07-16 10:00:00,,0b6328e6-13a0-4425-b650-d053b9c3e4ad
IT/SPO.IT0477A_6001_BETA_2022-01-01_00:00:00,6001,2026-07-14 09:00:00,2026-07-14 10:00:00,15.167945000000000000,ug.m-3,hour,1,3,2026-07-17 09:00:00,,cdc60304-4c09-4506-b2e1-73cc35462d4e
IT/SPO.IT0477A_6001_BETA_2022-01-01_00:00:00,6001,2026-07-14 10:00:00,2026-07-14 11:00:00,10.617561000000000000,ug.m-3,hour,1,3,2026-07-17 09:00:00,,cdc60304-4c09-4506-b2e1-73cc35462d4e
IT/SPO.IT0477A_6001_BETA_2022-01-01_00:00:00,6001,2026-07-14 11:00:00,2026-07-14 12:00:00,15.483240000000000000,ug.m-3,hour,1,3,2026-07-17 08:00:00,,b4219dda-e0ad-4a1c-bb1d-0b1dfa690c1d
IT/SPO.IT0477A_6001_BETA_2022-01-01_00:00:00,6001,2026-07-14 12:00:00,2026-07-14 13:00:00,10.838268000000000000,ug.m-3,hour,1,3,2026-07-17 08:00:00,,b4219dda-e0ad-4a1c-bb1d-0b1dfa690c1d
IT/SPO.IT0477A_6001_BETA_2022-01-01_00:00:00,6001,2026-07-14 13:00:00,2026-07-14 14:00:00,14.350407000000000000,ug.m-3,hour,1,3,2026-07-17 09:00:00,,cdc60304-4c09-4506-b2e1-73cc35462d4e
IT/SPO.IT0477A_6001_BETA_2022-01-01_00:00:00,6001,2026-07-14 14:00:00,2026-07-14 15:00:00,12.418378000000000000,ug.m-3,hour,1,3,2026-07-16 10:00:00,,0b6328e6-13a0-4425-b650-d053b9c3e4ad
IT/SPO.IT0477A_6001_BETA_2022-01-01_00:00:00,6001,2026-07-14 15:00:00,2026-07-14 16:00:00,12.936584000000000000,ug.m-3,hour,1,3,2026-07-17 08:00:00,,b4219dda-e0ad-4a1c-bb1d-0b1dfa690c1d
IT/SPO.IT0477A_6001_BETA_2022-01-01_00:00:00,6001,2026-07-14 16:00:00,2026-07-14 17:00:00,9.055609000000000000,ug.m-3,hour,1,3,2026-07-15 09:00:00,,850afc56-4ff6-474a-a186-d03581a3adb4
IT/SPO.IT0477A_6001_BETA_2022-01-01_00:00:00,6001,2026-07-14 17:00:00,2026-07-14 18:00:00,6.531477000000000000,ug.m-3,hour,1,3,2026-07-17 08:00:00,,b4219dda-e0ad-4a1c-bb1d-0b1dfa690c1d
IT/SPO.IT0477A_6001_BETA_2022-01-01_00:00:00,6001,2026-07-14 18:00:00,2026-07-14 19:00:00,13.527478000000000000,ug.m-3,hour,1,3,2026-07-14 18:00:00,,d329cac3-b61f-489e-adde-7b304e3ad485
IT/SPO.IT0477A_6001_BETA_2022-01-01_00:00:00,6001,2026-07-14 19:00:00,2026-07-14 20:00:00,13.388711000000000000,ug.m-3,hour,1,3,2026-07-16 08:00:00,,1b199390-a256-4e44-95d7-455da0389ce0
IT/SPO.IT0477A_6001_BETA_2022-01-01_00:00:00,6001,2026-07-14 20:00:00,2026-07-14 21:00:00,10.734906000000000000,ug.m-3,hour,1,3,2026-07-17 08:00:00,,b4219dda-e0ad-4a1c-bb1d-0b1dfa690c1d
IT/SPO.IT0477A_6001_BETA_2022-01-01_00:00:00,6001,2026-07-14 21:00:00,2026-07-14 22:00:00,7.514434000000000000,ug.m-3,hour,1,3,2026-07-17 09:00:00,,cdc60304-4c09-4506-b2e1-73cc35462d4e
IT/SPO.IT0477A_6001_BETA_2022-01-01_00:00:00,6001,2026-07-14 22:00:00,2026-07-14 23:00:00,7.655296000000000000,ug.m-3,hour,1,3,2026-07-17 08:00:00,,b4219dda-e0ad-4a1c-bb1d-0b1dfa690c1d
IT/SPO.IT0477A_6001_BETA_2022-01-01_00:00:00,6001,2026-07-14 23:00:00,2026-07-15 00:00:00,8.112297000000000000,ug.m-3,hour,1,3,2026-07-16 10:00:00,,0b6328e6-13a0-4425-b650-d053b9c3e4ad
IT/SPO.IT0477A_6001_BETA_2022-01-01_00:00:00,6001,2026-07-15 00:00:00,2026-07-15 01:00:00,12.825950000000000000,ug.m-3,hour,1,3,2026-07-17 09:00:00,,cdc60304-4c09-4506-b2e1-73cc35462d4e
IT/SPO.IT0477A_6001_BETA_2022-01-01_00:00:00,6001,2026-07-15 01:00:00,2026-07-15 02:00:00,13.655663000000000000,ug.m-3,hour,1,3,2026-07-15 02:00:00,,1d3ecdec-2349-409b-99ce-625c6a4e62a6
IT/SPO.IT0477A_6001_BETA_2022-01-01_00:00:00,6001,2026-07-15 02:00:00,2026-07-15 03:00:00,11.943908000000000000,ug.m-3,hour,1,3,2026-07-17 09:00:00,,cdc60304-4c09-4506-b2e1-73cc35462d4e
IT/SPO.IT0477A_6001_BETA_2022-01-01_00:00:00,6001,2026-07-15 03:00:00,2026-07-15 04:00:00,14.367969000000000000,ug.m-3,hour,1,3,2026-07-16 10:00:00,,0b6328e6-13a0-4425-b650-d053b9c3e4ad
IT/SPO.IT0477A_6001_BETA_2022-01-01_00:00:00,6001,2026-07-15 04:00:00,2026-07-15 05:00:00,10.057578000000000000,ug.m-3,hour,1,3,2026-07-16 10:00:00,,0b6328e6-13a0-4425-b650-d053b9c3e4ad
IT/SPO.IT0477A_6001_BETA_2022-01-01_00:00:00,6001,2026-07-15 05:00:00,2026-07-15 06:00:00,7.040305000000000000,ug.m-3,hour,1,3,2026-07-17 09:00:00,,cdc60304-4c09-4506-b2e1-73cc35462d4e
IT/SPO.IT0477A_6001_BETA_2022-01-01_00:00:00,6001,2026-07-15 07:00:00,2026-07-15 08:00:00,8.943867000000000000,ug.m-3,hour,1,3,2026-07-17 08:00:00,,b4219dda-e0ad-4a1c-bb1d-0b1dfa690c1d
IT/SPO.IT0477A_6001_BETA_2022-01-01_00:00:00,6001,2026-07-15 08:00:00,2026-07-15 09:00:00,7.155093000000000000,ug.m-3,hour,1,3,2026-07-16 08:00:00,,1b199390-a256-4e44-95d7-455da0389ce0
IT/SPO.IT0477A_6001_BETA_2022-01-01_00:00:00,6001,2026-07-15 09:00:00,2026-07-15 10:00:00,8.243855000000000000,ug.m-3,hour,1,3,2026-07-16 10:00:00,,0b6328e6-13a0-4425-b650-d053b9c3e4ad
IT/SPO.IT0477A_6001_BETA_2022-01-01_00:00:00,6001,2026-07-15 10:00:00,2026-07-15 11:00:00,13.886229000000000000,ug.m-3,hour,1,3,2026-07-19 08:00:00,,547595a5-d1f8-4234-ad9a-dee06187db33
IT/SPO.IT0477A_6001_BETA_2022-01-01_00:00:00,6001,2026-07-15 11:00:00,2026-07-15 12:00:00,9.720360000000000000,ug.m-3,hour,1,3,2026-07-19 08:00:00,,547595a5-d1f8-4234-ad9a-dee06187db33
IT/SPO.IT0477A_6001_BETA_2022-01-01_00:00:00,6001,2026-07-15 12:00:00,2026-07-15 13:00:00,16.631716000000000000,ug.m-3,hour,1,3,2026-07-17 08:00:00,,b4219dda-e0ad-4a1c-bb1d-0b1dfa690c1d
IT/SPO.IT0477A_6001_BETA_2022-01-01_00:00:00,6001,2026-07-15 13:00:00,2026-07-15 14:00:00,11.642200000000000000,ug.m-3,hour,1,3,2026-07-19 09:00:00,,b49b77e7-b2ad-4446-9877-6b2e42834e82
IT/SPO.IT0477A_6001_BETA_2022-01-01_00:00:00,6001,2026-07-15 14:00:00,2026-07-15 15:00:00,13.358210000000000000,ug.m-3,hour,1,3,2026-07-16 08:00:00,,1b199390-a256-4e44-95d7-455da0389ce0
IT/SPO.IT0477A_6001_BETA_2022-01-01_00:00:00,6001,2026-07-15 16:00:00,2026-07-15 17:00:00,12.350138000000000000,ug.m-3,hour,1,3,2026-07-19 08:00:00,,547595a5-d1f8-4234-ad9a-dee06187db33
IT/SPO.IT0477A_6001_BETA_2022-01-01_00:00:00,6001,2026-07-15 17:00:00,2026-07-15 18:00:00,23.454163000000000000,ug.m-3,hour,1,3,2026-07-15 18:00:00,,c9944086-7f16-48c2-b485-4056316e4fd8
IT/SPO.IT0477A_6001_BETA_2022-01-01_00:00:00,6001,2026-07-15 18:00:00,2026-07-15 19:00:00,16.417913000000000000,ug.m-3,hour,1,3,2026-07-19 08:00:00,,547595a5-d1f8-4234-ad9a-dee06187db33
IT/SPO.IT0477A_6001_BETA_2022-01-01_00:00:00,6001,2026-07-15 19:00:00,2026-07-15 20:00:00,11.492539000000000000,ug.m-3,hour,1,3,2026-07-19 09:00:00,,b49b77e7-b2ad-4446-9877-6b2e42834e82
IT/SPO.IT0477A_6001_BETA_2022-01-01_00:00:00,6001,2026-07-15 20:00:00,2026-07-15 21:00:00,8.044778000000000000,ug.m-3,hour,1,3,2026-07-19 08:00:00,,547595a5-d1f8-4234-ad9a-dee06187db33
IT/SPO.IT0477A_6001_BETA_2022-01-01_00:00:00,6001,2026-07-15 23:00:00,2026-07-16 00:00:00,7.622243000000000000,ug.m-3,hour,1,3,2026-07-17 09:00:00,,cdc60304-4c09-4506-b2e1-73cc35462d4e
IT/SPO.IT0477A_6001_BETA_2022-01-01_00:00:00,6001,2026-07-16 00:00:00,2026-07-16 01:00:00,12.909549000000000000,ug.m-3,hour,1,3,2026-07-16 10:00:00,,0b6328e6-13a0-4425-b650-d053b9c3e4ad
IT/SPO.IT0477A_6001_BETA_2022-01-01_00:00:00,6001,2026-07-16 02:00:00,2026-07-16 03:00:00,13.865177000000000000,ug.m-3,hour,1,3,2026-07-19 09:00:00,,b49b77e7-b2ad-4446-9877-6b2e42834e82
IT/SPO.IT0477A_6001_BETA_2022-01-01_00:00:00,6001,2026-07-16 03:00:00,2026-07-16 04:00:00,18.099070000000000000,ug.m-3,hour,1,3,2026-07-19 09:00:00,,b49b77e7-b2ad-4446-9877-6b2e42834e82
IT/SPO.IT0477A_6001_BETA_2022-01-01_00:00:00,6001,2026-07-16 05:00:00,2026-07-16 06:00:00,12.583602000000000000,ug.m-3,hour,1,3,2026-07-19 08:00:00,,547595a5-d1f8-4234-ad9a-dee06187db33
IT/SPO.IT0477A_6001_BETA_2022-01-01_00:00:00,6001,2026-07-16 06:00:00,2026-07-16 07:00:00,16.996270000000000000,ug.m-3,hour,1,3,2026-07-20 08:00:00,,5e28a357-0bf6-4e3a-8841-fe9d03e758a1
IT/SPO.IT0477A_6001_BETA_2022-01-01_00:00:00,6001,2026-07-16 07:00:00,2026-07-16 08:00:00,11.897388000000000000,ug.m-3,hour,1,3,2026-07-19 09:00:00,,b49b77e7-b2ad-4446-9877-6b2e42834e82
IT/SPO.IT0477A_6001_BETA_2022-01-01_00:00:00,6001,2026-07-16 08:00:00,2026-07-16 09:00:00,10.131044000000000000,ug.m-3,hour,1,3,2026-07-19 08:00:00,,547595a5-d1f8-4234-ad9a-dee06187db33
IT/SPO.IT0477A_6001_BETA_2022-01-01_00:00:00,6001,2026-07-16 10:00:00,2026-07-16 11:00:00,8.289790000000000000,ug.m-3,hour,1,3,2026-07-19 09:00:00,,b49b77e7-b2ad-4446-9877-6b2e42834e82
IT/SPO.IT0477A_6001_BETA_2022-01-01_00:00:00,6001,2026-07-16 11:00:00,2026-07-16 12:00:00,7.721357000000000000,ug.m-3,hour,1,3,2026-07-18 09:00:00,,1a1720d9-99fa-4360-826f-09c640d9dcf4
IT/SPO.IT0477A_6001_BETA_2022-01-01_00:00:00,6001,2026-07-16 12:00:00,2026-07-16 13:00:00,11.050343000000000000,ug.m-3,hour,1,3,2026-07-17 08:00:00,,b4219dda-e0ad-4a1c-bb1d-0b1dfa690c1d
IT/SPO.IT0477A_6001_BETA_2022-01-01_00:00:00,6001,2026-07-16 13:00:00,2026-07-16 14:00:00,15.174282000000000000,ug.m-3,hour,1,3,2026-07-16 13:00:00,,cdc99dc2-391a-4098-a64a-2fb3dc97c6c8
IT/SPO.IT0477A_6001_BETA_2022-01-01_00:00:00,6001,2026-07-16 14:00:00,2026-07-16 15:00:00,13.342775000000000000,ug.m-3,hour,1,3,2026-07-20 08:00:00,,5e28a357-0bf6-4e3a-8841-fe9d03e758a1
IT/SPO.IT0477A_6001_BETA_2022-01-01_00:00:00,6001,2026-07-16 15:00:00,2026-07-16 16:00:00,14.353713000000000000,ug.m-3,hour,1,3,2026-07-19 09:00:00,,b49b77e7-b2ad-4446-9877-6b2e42834e82
IT/SPO.IT0477A_6001_BETA_2022-01-01_00:00:00,6001,2026-07-16 16:00:00,2026-07-16 17:00:00,10.047599000000000000,ug.m-3,hour,1,3,2026-07-19 08:00:00,,547595a5-d1f8-4234-ad9a-dee06187db33
IT/SPO.IT0477A_6001_BETA_2022-01-01_00:00:00,6001,2026-07-16 17:00:00,2026-07-16 18:00:00,7.033319000000000000,ug.m-3,hour,1,3,2026-07-19 09:00:00,,b49b77e7-b2ad-4446-9877-6b2e42834e82
IT/SPO.IT0477A_6001_BETA_2022-01-01_00:00:00,6001,2026-07-16 18:00:00,2026-07-16 19:00:00,13.802020000000000000,ug.m-3,hour,1,3,2026-07-19 09:00:00,,b49b77e7-b2ad-4446-9877-6b2e42834e82
IT/SPO.IT0477A_6001_BETA_2022-01-01_00:00:00,6001,2026-07-16 19:00:00,2026-07-16 20:00:00,9.661414000000000000,ug.m-3,hour,1,3,2026-07-20 09:00:00,,e70b6b3a-5e80-40b9-a861-3938f5bf9cf3
IT/SPO.IT0477A_6001_BETA_2022-01-01_00:00:00,6001,2026-07-16 22:00:00,2026-07-16 23:00:00,17.134588000000000000,ug.m-3,hour,1,3,2026-07-18 09:00:00,,1a1720d9-99fa-4360-826f-09c640d9dcf4
IT/SPO.IT0477A_6001_BETA_2022-01-01_00:00:00,6001,2026-07-16 23:00:00,2026-07-17 00:00:00,13.224308000000000000,ug.m-3,hour,1,3,2026-07-20 09:00:00,,e70b6b3a-5e80-40b9-a861-3938f5bf9cf3
IT/SPO.IT0477A_6001_BETA_2022-01-01_00:00:00,6001,2026-07-17 00:00:00,2026-07-17 01:00:00,22.862873000000000000,ug.m-3,hour,1,3,2026-07-20 08:00:00,,5e28a357-0bf6-4e3a-8841-fe9d03e758a1
IT/SPO.IT0477A_6001_BETA_2022-01-01_00:00:00,6001,2026-07-17 01:00:00,2026-07-17 02:00:00,26.923014000000000000,ug.m-3,hour,1,3,2026-07-18 09:00:00,,1a1720d9-99fa-4360-826f-09c640d9dcf4
IT/SPO.IT0477A_6001_BETA_2022-01-01_00:00:00,6001,2026-07-17 02:00:00,2026-07-17 03:00:00,22.006046000000000000,ug.m-3,hour,1,3,2026-07-17 02:00:00,,1178e559-3b2f-4f3f-9a53-202bf3890af0
IT/SPO.IT0477A_6001_BETA_2022-01-01_00:00:00,6001,2026-07-17 03:00:00,2026-07-17 04:00:00,26.621317000000000000,ug.m-3,hour,1,3,2026-07-18 09:00:00,,1a1720d9-99fa-4360-826f-09c640d9dcf4
IT/SPO.IT0477A_6001_BETA_2022-01-01_00:00:00,6001,2026-07-17 04:00:00,2026-07-17 05:00:00,30.450808000000000000,ug.m-3,hour,1,3,2026-07-19 09:00:00,,b49b77e7-b2ad-4446-9877-6b2e42834e82
IT/SPO.IT0477A_6001_BETA_2022-01-01_00:00:00,6001,2026-07-17 05:00:00,2026-07-17 06:00:00,21.315565000000000000,ug.m-3,hour,1,3,2026-07-20 09:00:00,,e70b6b3a-5e80-40b9-a861-3938f5bf9cf3
IT/SPO.IT0477A_6001_BETA_2022-01-01_00:00:00,6001,2026-07-17 06:00:00,2026-07-17 07:00:00,14.920896000000000000,ug.m-3,hour,1,3,2026-07-19 08:00:00,,547595a5-d1f8-4234-ad9a-dee06187db33
IT/SPO.IT0477A_6001_BETA_2022-01-01_00:00:00,6001,2026-07-17 07:00:00,2026-07-17 08:00:00,18.152718000000000000,ug.m-3,hour,1,3,2026-07-20 08:00:00,,5e28a357-0bf6-4e3a-8841-fe9d03e758a1
IT/SPO.IT0477A_6001_BETA_2022-01-01_00:00:00,6001,2026-07-17 08:00:00,2026-07-17 09:00:00,17.185535000000000000,ug.m-3,hour,1,3,2026-07-18 09:00:00,,1a1720d9-99fa-4360-826f-09c640d9dcf4
IT/SPO.IT0477A_6001_BETA_2022-01-01_00:00:00,6001,2026-07-17 09:00:00,2026-07-17 10:00:00,12.029875000000000000,ug.m-3,hour,1,3,2026-07-20 09:00:00,,e70b6b3a-5e80-40b9-a861-3938f5bf9cf3
IT/SPO.IT0477A_6001_BETA_2022-01-01_00:00:00,6001,2026-07-17 10:00:00,2026-07-17 11:00:00,8.420912000000000000,ug.m-3,hour,1,3,2026-07-17 10:00:00,,f2278b37-2be2-49f9-9a1e-e2e1d3e4fa2d
IT/SPO.IT0477A_6001_BETA_2022-01-01_00:00:00,6001,2026-07-17 11:00:00,2026-07-17 12:00:00,5.894638000000000000,ug.m-3,hour,1,3,2026-07-21 09:00:00,,88efe783-9511-4d94-b6ca-b83fe0f56458
IT/SPO.IT0477A_6001_BETA_2022-01-01_00:00:00,6001,2026-07-17 12:00:00,2026-07-17 13:00:00,4.715711000000000000,ug.m-3,hour,1,3,2026-07-20 09:00:00,,e70b6b3a-5e80-40b9-a861-3938f5bf9cf3
IT/SPO.IT0477A_6001_BETA_2022-01-01_00:00:00,6001,2026-07-17 13:00:00,2026-07-17 14:00:00,6.089453000000000000,ug.m-3,hour,1,3,2026-07-20 09:00:00,,e70b6b3a-5e80-40b9-a861-3938f5bf9cf3
IT/SPO.IT0477A_6001_BETA_2022-01-01_00:00:00,6001,2026-07-17 14:00:00,2026-07-17 15:00:00,4.871562000000000000,ug.m-3,hour,1,3,2026-07-18 08:00:00,,20636fcf-0c20-4239-ab9c-6df2b573c1d9
IT/SPO.IT0477A_6001_BETA_2022-01-01_00:00:00,6001,2026-07-17 15:00:00,2026-07-17 16:00:00,6.865307000000000000,ug.m-3,hour,1,3,2026-07-21 08:00:00,,986df3d2-eae1-4445-b3e4-153ce98f6ffa
IT/SPO.IT0477A_6001_BETA_2022-01-01_00:00:00,6001,2026-07-17 16:00:00,2026-07-17 17:00:00,11.886230000000000000,ug.m-3,hour,1,3,2026-07-21 09:00:00,,88efe783-9511-4d94-b6ca-b83fe0f56458
IT/SPO.IT0477A_6001_BETA_2022-01-01_00:00:00,6001,2026-07-17 17:00:00,2026-07-17 18:00:00,9.508984000000000000,ug.m-3,hour,1,3,2026-07-20 09:00:00,,e70b6b3a-5e80-40b9-a861-3938f5bf9cf3
IT/SPO.IT0477A_6001_BETA_2022-01-01_00:00:00,6001,2026-07-17 18:00:00,2026-07-17 19:00:00,7.607187000000000000,ug.m-3,hour,1,3,2026-07-20 09:00:00,,e70b6b3a-5e80-40b9-a861-3938f5bf9cf3
IT/SPO.IT0477A_6001_BETA_2022-01-01_00:00:00,6001,2026-07-17 19:00:00,2026-07-17 20:00:00,11.120990000000000000,ug.m-3,hour,1,3,2026-07-21 08:00:00,,986df3d2-eae1-4445-b3e4-153ce98f6ffa
IT/SPO.IT0477A_6001_BETA_2022-01-01_00:00:00,6001,2026-07-17 20:00:00,2026-07-17 21:00:00,14.836991000000000000,ug.m-3,hour,1,3,2026-07-21 08:00:00,,986df3d2-eae1-4445-b3e4-153ce98f6ffa
IT/SPO.IT0477A_6001_BETA_2022-01-01_00:00:00,6001,2026-07-17 21:00:00,2026-07-17 22:00:00,15.655735000000000000,ug.m-3,hour,1,3,2026-07-20 09:00:00,,e70b6b3a-5e80-40b9-a861-3938f5bf9cf3
IT/SPO.IT0477A_6001_BETA_2022-01-01_00:00:00,6001,2026-07-17 22:00:00,2026-07-17 23:00:00,11.923286000000000000,ug.m-3,hour,1,3,2026-07-21 09:00:00,,88efe783-9511-4d94-b6ca-b83fe0f56458
IT/SPO.IT0477A_6001_BETA_2022-01-01_00:00:00,6001,2026-07-17 23:00:00,2026-07-18 00:00:00,16.609602000000000000,ug.m-3,hour,1,3,2026-07-21 08:00:00,,986df3d2-eae1-4445-b3e4-153ce98f6ffa
IT/SPO.IT0477A_6001_BETA_2022-01-01_00:00:00,6001,2026-07-18 00:00:00,2026-07-18 01:00:00,24.022806000000000000,ug.m-3,hour,1,3,2026-07-19 08:00:00,,547595a5-d1f8-4234-ad9a-dee06187db33
IT/SPO.IT0477A_6001_BETA_2022-01-01_00:00:00,6001,2026-07-18 01:00:00,2026-07-18 02:00:00,16.815962000000000000,ug.m-3,hour,1,3,2026-07-19 08:00:00,,547595a5-d1f8-4234-ad9a-dee06187db33
IT/SPO.IT0477A_6001_BETA_2022-01-01_00:00:00,6001,2026-07-18 02:00:00,2026-07-18 03:00:00,11.771173000000000000,ug.m-3,hour,1,3,2026-07-21 09:00:00,,88efe783-9511-4d94-b6ca-b83fe0f56458
IT/SPO.IT0477A_6001_BETA_2022-01-01_00:00:00,6001,2026-07-18 03:00:00,2026-07-18 04:00:00,18.306913000000000000,ug.m-3,hour,1,3,2026-07-20 08:00:00,,5e28a357-0bf6-4e3a-8841-fe9d03e758a1
IT/SPO.IT0477A_6001_BETA_2022-01-01_00:00:00,6001,2026-07-18 04:00:00,2026-07-18 05:00:00,12.814839000000000000,ug.m-3,hour,1,3,2026-07-20 08:00:00,,5e28a357-0bf6-4e3a-8841-fe9d03e758a1
IT/SPO.IT0477A_6001_BETA_2022-01-01_00:00:00,6001,2026-07-18 05:00:00,2026-07-18 06:00:00,22.947264000000000000,ug.m-3,hour,1,3,2026-07-19 09:00:00,,b49b77e7-b2ad-4446-9877-6b2e42834e82
IT/SPO.IT0477A_6001_BETA_2022-01-01_00:00:00,6001,2026-07-18 06:00:00,2026-07-18 07:00:00,17.780321000000000000,ug.m-3,hour,1,3,2026-07-20 09:00:00,,e70b6b3a-5e80-40b9-a861-3938f5bf9cf3
IT/SPO.IT0477A_6001_BETA_2022-01-01_00:00:00,6001,2026-07-18 07:00:00,2026-07-18 08:00:00,16.171978000000000000,ug.m-3,hour,1,3,2026-07-20 08:00:00,,5e28a357-0bf6-4e3a-8841-fe9d03e758a1
IT/SPO.IT0477A_6001_BETA_2022-01-01_00:00:00,6001,2026-07-18 08:00:00,2026-07-18 09:00:00,20.312390000000000000,ug.m-3,hour,1,3,2026-07-21 09:00:00,,88efe783-9511-4d94-b6ca-b83fe0f56458
IT/SPO.IT0477A_6001_BETA_2022-01-01_00:00:00,6001,2026-07-18 10:00:00,2026-07-18 11:00:00,16.464258000000000000,ug.m-3,hour,1,3,2026-07-21 08:00:00,,986df3d2-eae1-4445-b3e4-153ce98f6ffa
IT/SPO.IT0477A_6001_BETA_2022-01-01_00:00:00,6001,2026-07-18 11:00:00,2026-07-18 12:00:00,18.149725000000000000,ug.m-3,hour,1,3,2026-07-22 08:00:00,,11a5aff1-3c89-46c0-8d6b-dc9483cdfb6a
IT/SPO.IT0477A_6001_BETA_2022-01-01_00:00:00,6001,2026-07-18 12:00:00,2026-07-18 13:00:00,16.347496000000000000,ug.m-3,hour,1,3,2026-07-21 08:00:00,,986df3d2-eae1-4445-b3e4-153ce98f6ffa
IT/SPO.IT0477A_6001_BETA_2022-01-01_00:00:00,6001,2026-07-18 13:00:00,2026-07-18 14:00:00,15.759402000000000000,ug.m-3,hour,1,3,2026-07-19 08:00:00,,547595a5-d1f8-4234-ad9a-dee06187db33
IT/SPO.IT0477A_6001_BETA_2022-01-01_00:00:00,6001,2026-07-18 14:00:00,2026-07-18 15:00:00,13.130104000000000000,ug.m-3,hour,1,3,2026-07-21 09:00:00,,88efe783-9511-4d94-b6ca-b83fe0f56458
IT/SPO.IT0477A_6001_BETA_2022-01-01_00:00:00,6001,2026-07-18 15:00:00,2026-07-18 16:00:00,9.420744000000000000,ug.m-3,hour,1,3,2026-07-21 09:00:00,,88efe783-9511-4d94-b6ca-b83fe0f56458
IT/SPO.IT0477A_6001_BETA_2022-01-01_00:00:00,6001,2026-07-18 16:00:00,2026-07-18 17:00:00,9.004169000000000000,ug.m-3,hour,1,3,2026-07-21 08:00:00,,986df3d2-eae1-4445-b3e4-153ce98f6ffa
IT/SPO.IT0477A_6001_BETA_2022-01-01_00:00:00,6001,2026-07-18 17:00:00,2026-07-18 18:00:00,7.203336000000000000,ug.m-3,hour,1,3,2026-07-21 09:00:00,,88efe783-9511-4d94-b6ca-b83fe0f56458
IT/SPO.IT0477A_6001_BETA_2022-01-01_00:00:00,6001,2026-07-18 18:00:00,2026-07-18 19:00:00,7.398993000000000000,ug.m-3,hour,1,3,2026-07-21 09:00:00,,88efe783-9511-4d94-b6ca-b83fe0f56458
IT/SPO.IT0477A_6001_BETA_2022-01-01_00:00:00,6001,2026-07-18 19:00:00,2026-07-18 20:00:00,13.764379000000000000,ug.m-3,hour,1,3,2026-07-21 09:00:00,,88efe783-9511-4d94-b6ca-b83fe0f56458
IT/SPO.IT0477A_6001_BETA_2022-01-01_00:00:00,6001,2026-07-18 20:00:00,2026-07-18 21:00:00,9.635065000000000000,ug.m-3,hour,1,3,2026-07-20 09:00:00,,e70b6b3a-5e80-40b9-a861-3938f5bf9cf3
IT/SPO.IT0477A_6001_BETA_2022-01-01_00:00:00,6001,2026-07-18 21:00:00,2026-07-18 22:00:00,8.300663000000000000,ug.m-3,hour,1,3,2026-07-21 08:00:00,,986df3d2-eae1-4445-b3e4-153ce98f6ffa
IT/SPO.IT0477A_6001_BETA_2022-01-01_00:00:00,6001,2026-07-18 22:00:00,2026-07-18 23:00:00,17.912203000000000000,ug.m-3,hour,1,3,2026-07-21 08:00:00,,986df3d2-eae1-4445-b3e4-153ce98f6ffa
IT/SPO.IT0477A_6001_BETA_2022-01-01_00:00:00,6001,2026-07-18 23:00:00,2026-07-19 00:00:00,28.347780000000000000,ug.m-3,hour,1,3,2026-07-19 00:00:00,,40f4de03-9834-4373-90e9-8e388854cc38
IT/SPO.IT0477A_6001_BETA_2022-01-01_00:00:00,6001,2026-07-19 00:00:00,2026-07-19 01:00:00,31.865294000000000000,ug.m-3,hour,1,3,2026-07-20 09:00:00,,e70b6b3a-5e80-40b9-a861-3938f5bf9cf3
IT/SPO.IT0477A_6001_BETA_2022-01-01_00:00:00,6001,2026-07-19 01:00:00,2026-07-19 02:00:00,38.007980000000000000,ug.m-3,hour,1,3,2026-07-22 09:00:00,,7218f66c-90b9-4e89-ba19-4c56f444195c
IT/SPO.IT0477A_6001_BETA_2022-01-01_00:00:00,6001,2026-07-19 02:00:00,2026-07-19 03:00:00,26.892355000000000000,ug.m-3,hour,1,3,2026-07-22 08:00:00,,11a5aff1-3c89-46c0-8d6b-dc9483cdfb6a
IT/SPO.IT0477A_6001_BETA_2022-01-01_00:00:00,6001,2026-07-19 03:00:00,2026-07-19 04:00:00,18.824648000000000000,ug.m-3,hour,1,3,2026-07-22 08:00:00,,11a5aff1-3c89-46c0-8d6b-dc9483cdfb6a
IT/SPO.IT0477A_6001_BETA_2022-01-01_00:00:00,6001,2026-07-19 04:00:00,2026-07-19 05:00:00,13.364313000000000000,ug.m-3,hour,1,3,2026-07-21 09:00:00,,88efe783-9511-4d94-b6ca-b83fe0f56458
IT/SPO.IT0477A_6001_BETA_2022-01-01_00:00:00,6001,2026-07-19 05:00:00,2026-07-19 06:00:00,13.862314000000000000,ug.m-3,hour,1,3,2026-07-21 09:00:00,,88efe783-9511-4d94-b6ca-b83fe0f56458
IT/SPO.IT0477A_6001_BETA_2022-01-01_00:00:00,6001,2026-07-19 06:00:00,2026-07-19 07:00:00,12.727016000000000000,ug.m-3,hour,1,3,2026-07-20 09:00:00,,e70b6b3a-5e80-40b9-a861-3938f5bf9cf3
IT/SPO.IT0477A_6001_BETA_2022-01-01_00:00:00,6001,2026-07-19 08:00:00,2026-07-19 09:00:00,17.944927000000000000,ug.m-3,hour,1,3,2026-07-22 09:00:00,,7218f66c-90b9-4e89-ba19-4c56f444195c
IT/SPO.IT0477A_6001_BETA_2022-01-01_00:00:00,6001,2026-07-19 09:00:00,2026-07-19 10:00:00,12.561449000000000000,ug.m-3,hour,1,3,2026-07-19 10:00:00,,52fa1dac-5733-4255-9c45-02c1335d6cb6
IT/SPO.IT0477A_6001_BETA_2022-01-01_00:00:00,6001,2026-07-19 10:00:00,2026-07-19 11:00:00,8.793015000000000000,ug.m-3,hour,1,3,2026-07-22 08:00:00,,11a5aff1-3c89-46c0-8d6b-dc9483cdfb6a
IT/SPO.IT0477A_6001_BETA_2022-01-01_00:00:00,6001,2026-07-19 11:00:00,2026-07-19 12:00:00,6.155110000000000000,ug.m-3,hour,1,3,2026-07-21 09:00:00,,88efe783-9511-4d94-b6ca-b83fe0f56458
IT/SPO.IT0477A_6001_BETA_2022-01-01_00:00:00,6001,2026-07-19 12:00:00,2026-07-19 13:00:00,4.924088000000000000,ug.m-3,hour,1,3,2026-07-22 09:00:00,,7218f66c-90b9-4e89-ba19-4c56f444195c
IT/SPO.IT0477A_6001_BETA_2022-01-01_00:00:00,6001,2026-07-19 13:00:00,2026-07-19 14:00:00,3.939270000000000000,ug.m-3,hour,1,3,2026-07-22 09:00:00,,7218f66c-90b9-4e89-ba19-4c56f444195c
IT/SPO.IT0477A_6001_BETA_2022-01-01_00:00:00,6001,2026-07-19 14:00:00,2026-07-19 15:00:00,7.478481000000000000,ug.m-3,hour,1,3,2026-07-22 08:00:00,,11a5aff1-3c89-46c0-8d6b-dc9483cdfb6a
IT/SPO.IT0477A_6001_BETA_2022-01-01_00:00:00,6001,2026-07-19 15:00:00,2026-07-19 16:00:00,7.336092000000000000,ug.m-3,hour,1,3,2026-07-22 09:00:00,,7218f66c-90b9-4e89-ba19-4c56f444195c
IT/SPO.IT0477A_6001_BETA_2022-01-01_00:00:00,6001,2026-07-19 16:00:00,2026-07-19 17:00:00,5.868873000000000000,ug.m-3,hour,1,3,2026-07-20 09:00:00,,e70b6b3a-5e80-40b9-a861-3938f5bf9cf3
IT/SPO.IT0477A_6001_BETA_2022-01-01_00:00:00,6001,2026-07-19 17:00:00,2026-07-19 18:00:00,4.695099000000000000,ug.m-3,hour,1,3,2026-07-21 08:00:00,,986df3d2-eae1-4445-b3e4-153ce98f6ffa
IT/SPO.IT0477A_6001_BETA_2022-01-01_00:00:00,6001,2026-07-19 18:00:00,2026-07-19 19:00:00,3.756079000000000000,ug.m-3,hour,1,3,2026-07-21 09:00:00,,88efe783-9511-4d94-b6ca-b83fe0f56458
IT/SPO.IT0477A_6001_BETA_2022-01-01_00:00:00,6001,2026-07-19 19:00:00,2026-07-19 20:00:00,5.197704000000000000,ug.m-3,hour,1,3,2026-07-22 09:00:00,,7218f66c-90b9-4e89-ba19-4c56f444195c
IT/SPO.IT0477A_6001_BETA_2022-01-01_00:00:00,6001,2026-07-19 20:00:00,2026-07-19 21:00:00,10.711165000000000000,ug.m-3,hour,1,3,2026-07-22 09:00:00,,7218f66c-90b9-4e89-ba19-4c56f444195c
IT/SPO.IT0477A_6001_BETA_2022-01-01_00:00:00,6001,2026-07-19 21:00:00,2026-07-19 22:00:00,8.568933000000000000,ug.m-3,hour,1,3,2026-07-21 09:00:00,,88efe783-9511-4d94-b6ca-b83fe0f56458
IT/SPO.IT0477A_6001_BETA_2022-01-01_00:00:00,6001,2026-07-19 22:00:00,2026-07-19 23:00:00,6.855146000000000000,ug.m-3,hour,1,3,2026-07-21 08:00:00,,986df3d2-eae1-4445-b3e4-153ce98f6ffa
IT/SPO.IT0477A_6001_BETA_2022-01-01_00:00:00,6001,2026-07-19 23:00:00,2026-07-20 00:00:00,10.748005000000000000,ug.m-3,hour,1,3,2026-07-20 09:00:00,,e70b6b3a-5e80-40b9-a861-3938f5bf9cf3
IT/SPO.IT0477A_6001_BETA_2022-01-01_00:00:00,6001,2026-07-20 00:00:00,2026-07-20 01:00:00,15.117046000000000000,ug.m-3,hour,1,3,2026-07-21 08:00:00,,986df3d2-eae1-4445-b3e4-153ce98f6ffa
IT/SPO.IT0477A_6001_BETA_2022-01-01_00:00:00,6001,2026-07-20 01:00:00,2026-07-20 02:00:00,14.879511000000000000,ug.m-3,hour,1,3,2026-07-20 06:00:00,,597b967b-8c8f-473b-99e7-db97750cb55e
IT/SPO.IT0477A_6001_BETA_2022-01-01_00:00:00,6001,2026-07-20 02:00:00,2026-07-20 03:00:00,17.667103000000000000,ug.m-3,hour,1,3,2026-07-22 08:00:00,,11a5aff1-3c89-46c0-8d6b-dc9483cdfb6a
IT/SPO.IT0477A_6001_BETA_2022-01-01_00:00:00,6001,2026-07-20 03:00:00,2026-07-20 04:00:00,20.007288000000000000,ug.m-3,hour,1,3,2026-07-22 09:00:00,,7218f66c-90b9-4e89-ba19-4c56f444195c
IT/SPO.IT0477A_6001_BETA_2022-01-01_00:00:00,6001,2026-07-20 04:00:00,2026-07-20 05:00:00,14.322353000000000000,ug.m-3,hour,1,3,2026-07-21 09:00:00,,88efe783-9511-4d94-b6ca-b83fe0f56458
IT/SPO.IT0477A_6001_BETA_2022-01-01_00:00:00,6001,2026-07-20 05:00:00,2026-07-20 06:00:00,27.655153000000000000,ug.m-3,hour,1,3,2026-07-21 09:00:00,,88efe783-9511-4d94-b6ca-b83fe0f56458
IT/SPO.IT0477A_6001_BETA_2022-01-01_00:00:00,6001,2026-07-20 06:00:00,2026-07-20 07:00:00,19.358606000000000000,ug.m-3,hour,1,3,2026-07-22 09:00:00,,7218f66c-90b9-4e89-ba19-4c56f444195c
IT/SPO.IT0477A_6001_BETA_2022-01-01_00:00:00,6001,2026-07-20 07:00:00,2026-07-20 08:00:00,13.551024000000000000,ug.m-3,hour,1,3,2026-07-22 08:00:00,,11a5aff1-3c89-46c0-8d6b-dc9483cdfb6a
IT/SPO.IT0477A_6001_BETA_2022-01-01_00:00:00,6001,2026-07-20 08:00:00,2026-07-20 09:00:00,9.485717000000000000,ug.m-3,hour,1,3,2026-07-22 09:00:00,,7218f66c-90b9-4e89-ba19-4c56f444195c
IT/SPO.IT0477A_6001_BETA_2022-01-01_00:00:00,6001,2026-07-20 09:00:00,2026-07-20 10:00:00,6.640002000000000000,ug.m-3,hour,1,3,2026-07-21 09:00:00,,88efe783-9511-4d94-b6ca-b83fe0f56458
IT/SPO.IT0477A_6001_BETA_2022-01-01_00:00:00,6001,2026-07-20 10:00:00,2026-07-20 11:00:00,5.312001000000000000,ug.m-3,hour,1,3,2026-07-21 09:00:00,,88efe783-9511-4d94-b6ca-b83fe0f56458
IT/SPO.IT0477A_6001_BETA_2022-01-01_00:00:00,6001,2026-07-20 11:00:00,2026-07-20 12:00:00,4.249601000000000000,ug.m-3,hour,1,3,2026-07-20 11:00:00,,4e6f740f-97f2-47f7-b8ed-5e2e85b6149a
IT/SPO.IT0477A_6001_BETA_2022-01-01_00:00:00,6001,2026-07-20 12:00:00,2026-07-20 13:00:00,4.348944000000000000,ug.m-3,hour,1,3,2026-07-22 09:00:00,,7218f66c-90b9-4e89-ba19-4c56f444195c
IT/SPO.IT0477A_6001_BETA_2022-01-01_00:00:00,6001,2026-07-20 13:00:00,2026-07-20 14:00:00,5.247844000000000000,ug.m-3,hour,1,3,2026-07-20 13:00:00,,58f8fc31-4ec6-42c5-9754-00804e15bc64
IT/SPO.IT0477A_6001_BETA_2022-01-01_00:00:00,6001,2026-07-20 14:00:00,2026-07-20 15:00:00,7.616631000000000000,ug.m-3,hour,1,3,2026-07-20 15:00:00,,79c41972-6f00-47e4-a162-dbf82c80190a
IT/SPO.IT0477A_6001_BETA_2022-01-01_00:00:00,6001,2026-07-20 15:00:00,2026-07-20 16:00:00,6.093305000000000000,ug.m-3,hour,1,3,2026-07-20 16:00:00,,b7ba0620-1864-4de9-be94-cd146472fc60
IT/SPO.IT0477A_6001_BETA_2022-01-01_00:00:00,6001,2026-07-20 16:00:00,2026-07-20 17:00:00,5.060543000000000000,ug.m-3,hour,1,3,2026-07-22 08:00:00,,11a5aff1-3c89-46c0-8d6b-dc9483cdfb6a
IT/SPO.IT0477A_6001_BETA_2022-01-01_00:00:00,6001,2026-07-20 18:00:00,2026-07-20 19:00:00,4.057563000000000000,ug.m-3,hour,1,3,2026-07-22 09:00:00,,7218f66c-90b9-4e89-ba19-4c56f444195c
IT/SPO.IT0477A_6001_BETA_2022-01-01_00:00:00,6001,2026-07-20 19:00:00,2026-07-20 20:00:00,9.844276000000000000,ug.m-3,hour,1,3,2026-07-22 09:00:00,,7218f66c-90b9-4e89-ba19-4c56f444195c
IT/SPO.IT0477A_6001_BETA_2022-01-01_00:00:00,6001,2026-07-20 20:00:00,2026-07-20 21:00:00,9.040326000000000000,ug.m-3,hour,1,3,2026-07-22 08:00:00,,11a5aff1-3c89-46c0-8d6b-dc9483cdfb6a
IT/SPO.IT0477A_6001_BETA_2022-01-01_00:00:00,6001,2026-07-20 21:00:00,2026-07-20 22:00:00,7.232261000000000000,ug.m-3,hour,1,3,2026-07-20 22:00:00,,9e26d548-35f9-49e1-acc2-29d796329651
IT/SPO.IT0477A_6001_BETA_2022-01-01_00:00:00,6001,2026-07-20 22:00:00,2026-07-20 23:00:00,7.084804000000000000,ug.m-3,hour,1,3,2026-07-22 08:00:00,,11a5aff1-3c89-46c0-8d6b-dc9483cdfb6a
IT/SPO.IT0477A_6001_BETA_2022-01-01_00:00:00,6001,2026-07-20 23:00:00,2026-07-21 00:00:00,11.112206000000000000,ug.m-3,hour,1,3,2026-07-21 00:00:00,,4a5043f0-10c8-46cc-8b80-2e2a64969b4b
IT/SPO.IT0477A_6001_BETA_2022-01-01_00:00:00,6001,2026-07-21 00:00:00,2026-07-21 01:00:00,8.889764000000000000,ug.m-3,hour,1,3,2026-07-21 00:00:00,,4a5043f0-10c8-46cc-8b80-2e2a64969b4b
IT/SPO.IT0477A_6001_BETA_2022-01-01_00:00:00,6001,2026-07-21 01:00:00,2026-07-21 02:00:00,13.472921000000000000,ug.m-3,hour,1,3,2026-07-22 09:00:00,,7218f66c-90b9-4e89-ba19-4c56f444195c
IT/SPO.IT0477A_6001_BETA_2022-01-01_00:00:00,6001,2026-07-21 02:00:00,2026-07-21 03:00:00,9.431045000000000000,ug.m-3,hour,1,3,2026-07-22 09:00:00,,7218f66c-90b9-4e89-ba19-4c56f444195c
IT/SPO.IT0477A_6001_BETA_2022-01-01_00:00:00,6001,2026-07-21 03:00:00,2026-07-21 04:00:00,7.606753000000000000,ug.m-3,hour,1,3,2026-07-21 09:00:00,,88efe783-9511-4d94-b6ca-b83fe0f56458
IT/SPO.IT0477A_6001_BETA_2022-01-01_00:00:00,6001,2026-07-21 04:00:00,2026-07-21 05:00:00,7.807540000000000000,ug.m-3,hour,1,3,2026-07-21 05:00:00,,106b183a-8f6d-43b9-b855-4cc7ab95bee7
IT/SPO.IT0477A_6001_BETA_2022-01-01_00:00:00,6001,2026-07-21 05:00:00,2026-07-21 06:00:00,10.213768000000000000,ug.m-3,hour,1,3,2026-07-22 09:00:00,,7218f66c-90b9-4e89-ba19-4c56f444195c
IT/SPO.IT0477A_6001_BETA_2022-01-01_00:00:00,6001,2026-07-21 06:00:00,2026-07-21 07:00:00,8.171015000000000000,ug.m-3,hour,1,3,2026-07-21 07:00:00,,130d9296-2a97-47ea-a2de-44d79cbf55fc
IT/SPO.IT0477A_6001_BETA_2022-01-01_00:00:00,6001,2026-07-21 07:00:00,2026-07-21 08:00:00,9.483482000000000000,ug.m-3,hour,1,3,2026-07-21 07:00:00,,130d9296-2a97-47ea-a2de-44d79cbf55fc
IT/SPO.IT0477A_6001_BETA_2022-01-01_00:00:00,6001,2026-07-21 09:00:00,2026-07-21 10:00:00,7.798586000000000000,ug.m-3,hour,1,3,2026-07-22 08:00:00,,11a5aff1-3c89-46c0-8d6b-dc9483cdfb6a
IT/SPO.IT0477A_6001_BETA_2022-01-01_00:00:00,6001,2026-07-21 10:00:00,2026-07-21 11:00:00,9.028164000000000000,ug.m-3,hour,1,3,2026-07-22 09:00:00,,7218f66c-90b9-4e89-ba19-4c56f444195c
IT/SPO.IT0477A_6001_BETA_2022-01-01_00:00:00,6001,2026-07-21 11:00:00,2026-07-21 12:00:00,9.157959000000000000,ug.m-3,hour,1,3,2026-07-21 12:00:00,,d4885e69-1432-4a8e-b711-f250fc625dc6
IT/SPO.IT0477A_6001_BETA_2022-01-01_00:00:00,6001,2026-07-21 12:00:00,2026-07-21 13:00:00,7.721654000000000000,ug.m-3,hour,1,3,2026-07-21 12:00:00,,d4885e69-1432-4a8e-b711-f250fc625dc6
IT/SPO.IT0477A_6001_BETA_2022-01-01_00:00:00,6001,2026-07-21 14:00:00,2026-07-21 15:00:00,10.304124000000000000,ug.m-3,hour,1,3,2026-07-22 09:00:00,,7218f66c-90b9-4e89-ba19-4c56f444195c
IT/SPO.IT0477A_6001_BETA_2022-01-01_00:00:00,6001,2026-07-21 15:00:00,2026-07-21 16:00:00,8.243299000000000000,ug.m-3,hour,1,3,2026-07-21 16:00:00,,c555fe5b-4070-43dd-a224-731967bef5e7
IT/SPO.IT0477A_6001_BETA_2022-01-01_00:00:00,6001,2026-07-21 16:00:00,2026-07-21 17:00:00,8.011026000000000000,ug.m-3,hour,1,3,2026-07-21 17:00:00,,31b29c4f-04e7-481e-8aea-85a6a5d99e69
IT/SPO.IT0477A_6001_BETA_2022-01-01_00:00:00,6001,2026-07-21 17:00:00,2026-07-21 18:00:00,6.408821000000000000,ug.m-3,hour,1,3,2026-07-21 18:00:00,,04bb088e-c39f-410e-87f1-d4fecadb2116
IT/SPO.IT0477A_6001_BETA_2022-01-01_00:00:00,6001,2026-07-21 18:00:00,2026-07-21 19:00:00,9.254917000000000000,ug.m-3,hour,1,3,2026-07-21 19:00:00,,4dab98b6-50d3-4b75-9119-918e193273e3
IT/SPO.IT0477A_6001_BETA_2022-01-01_00:00:00,6001,2026-07-21 19:00:00,2026-07-21 20:00:00,7.403934000000000000,ug.m-3,hour,1,3,2026-07-21 20:00:00,,fc161daa-1e6e-4be6-9b0c-0b7a3d69b931
IT/SPO.IT0477A_6001_BETA_2022-01-01_00:00:00,6001,2026-07-21 20:00:00,2026-07-21 21:00:00,7.476801000000000000,ug.m-3,hour,1,3,2026-07-22 09:00:00,,7218f66c-90b9-4e89-ba19-4c56f444195c
IT/SPO.IT0477A_6001_BETA_2022-01-01_00:00:00,6001,2026-07-21 21:00:00,2026-07-21 22:00:00,5.981441000000000000,ug.m-3,hour,1,3,2026-07-21 22:00:00,,65dd0d2c-95fb-40f2-9e06-1ac7af9bc7b7
IT/SPO.IT0477A_6001_BETA_2022-01-01_00:00:00,6001,2026-07-21 22:00:00,2026-07-21 23:00:00,5.214240000000000000,ug.m-3,hour,1,3,2026-07-22 08:00:00,,11a5aff1-3c89-46c0-8d6b-dc9483cdfb6a
IT/SPO.IT0477A_6001_BETA_2022-01-01_00:00:00,6001,2026-07-21 23:00:00,2026-07-22 00:00:00,9.769728000000000000,ug.m-3,hour,1,3,2026-07-21 23:00:00,,3e2c2af8-f493-4017-a342-acdbd9f7b6c2
